Title,Bedrooms,Bathrooms,Full_Location,lat,lon,dist_to_lekki,dist_to_ikeja,Location,Is_Island,Prop_Type,Has_Pool,Has_BQ,New_Build,Bathroom_per_Bedroom,In_Estate,Neighborhood_Tier,Island_x_Beds,Luxury_Score,Price
2 Bedroom Apartment,2,0,Lekki Phase 1 Lekki Lagos,6.4711251,3.8147504,39.0638334712576,53.23478511464151,Lekki,1,Flat,0,0,0,0.0,0,4,2,0,250000000.0
5 Bedroom Detached Duplex With Bq,5,5,2nd Toll Gate Lekki Lagos,6.4711251,3.8147504,39.0638334712576,53.23478511464151,Lekki,1,Detached Duplex,0,1,0,1.0,0,4,5,0,680000000.0
5 Bedroom Detached Duplex,5,5,"Lekki County, Megamound Estate Ikota Lekki Lagos",6.4711251,3.8147504,39.0638334712576,53.23478511464151,Lekki,1,Detached Duplex,0,0,0,1.0,0,4,5,0,600000000.0
5 Bedroom Detached Duplex With Bq,5,5,Ajah Lagos,6.4694716,3.5623861,11.300377211002502,27.53491907587076,Ajah,1,Detached Duplex,0,1,0,1.0,0,4,5,0,300000000.0
Brand New 5 Bedroom Detached Duplex,5,5,Lekki Phase 1 Lekki Lagos,6.4711251,3.8147504,39.0638334712576,53.23478511464151,Lekki,1,Detached Duplex,0,0,1,1.0,0,4,5,1,1000000000.0
4 Bedroom Semi Detached Duplex,4,4,2nd Toll Gate Lekki Lagos,6.4711251,3.8147504,39.0638334712576,53.23478511464151,Lekki,1,Detached Duplex,0,0,0,1.0,0,4,4,0,260000000.0
Stunning 4 Bedroom Semi Detached Duplex,4,4,Ajah Lagos,6.4694716,3.5623861,11.300377211002502,27.53491907587076,Ajah,1,Detached Duplex,0,0,0,1.0,0,4,4,0,145000000.0
4 Bedroom Semi Detached Duplex,4,4,Chevron Lekki Lagos,6.4711251,3.8147504,39.0638334712576,53.23478511464151,Lekki,1,Detached Duplex,0,0,0,1.0,0,4,4,0,250000000.0
4 Bedroom Detached Duplex,4,4,Orchid Lekki Lagos,6.4711251,3.8147504,39.0638334712576,53.23478511464151,Lekki,1,Detached Duplex,0,0,0,1.0,0,4,4,0,240000000.0
4 Bedroom Detached Duplex,4,4,Ajah Lagos,6.4694716,3.5623861,11.300377211002502,27.53491907587076,Ajah,1,Detached Duplex,0,0,0,1.0,0,4,4,0,220000000.0
3 Bedroom Terrace Duplex,3,4,Ajah Lagos,6.4694716,3.5623861,11.300377211002502,27.53491907587076,Ajah,1,Terrace,0,0,0,1.3333333333333333,0,4,3,0,85000000.0
5 Bedroom Detached Duplex,5,5,Pinnock Beach Estate Osapa London Lekki Lagos,6.4711251,3.8147504,39.0638334712576,53.23478511464151,Lekki,1,Detached Duplex,0,0,0,1.0,0,4,5,0,850000000.0
Brand New 4 Bedroom Detached Duplex,4,4,Orchid Lekki Lagos,6.4711251,3.8147504,39.0638334712576,53.23478511464151,Lekki,1,Detached Duplex,0,0,1,1.0,0,4,4,1,240000000.0
5 Bedroom Detached Duplex,5,5,2nd Toll Gate Lekki Lagos,6.4711251,3.8147504,39.0638334712576,53.23478511464151,Lekki,1,Detached Duplex,0,0,0,1.0,0,4,5,0,385000000.0
Brand New 5 Bedroom Detached Duplex,5,5,Chevron Lekki Lagos,6.4711251,3.8147504,39.0638334712576,53.23478511464151,Lekki,1,Detached Duplex,0,0,1,1.0,0,4,5,1,460000000.0
5 Bedroom Detached Duplex,5,5,Orchid Lekki Lagos,6.4711251,3.8147504,39.0638334712576,53.23478511464151,Lekki,1,Detached Duplex,0,0,0,1.0,0,4,5,0,350000000.0
5 Bedroom Detached Duplex,5,5,Ajah Lagos,6.4694716,3.5623861,11.300377211002502,27.53491907587076,Ajah,1,Detached Duplex,0,0,0,1.0,0,4,5,0,250000000.0
Brand New 5 Bedroom Detached Duplex,5,5,Lekki Phase 1 Lekki Lagos,6.4711251,3.8147504,39.0638334712576,53.23478511464151,Lekki,1,Detached Duplex,0,0,1,1.0,0,4,5,1,1400000000.0
5 Bedroom Detached Duplex,5,5,Ajah Lagos,6.4694716,3.5623861,11.300377211002502,27.53491907587076,Ajah,1,Detached Duplex,0,0,0,1.0,0,4,5,0,190000000.0
Contemporary 5 Bedroom Detached Duplex,5,5,Chevron Lekki Lagos,6.4711251,3.8147504,39.0638334712576,53.23478511464151,Lekki,1,Detached Duplex,0,0,0,1.0,0,4,5,0,450000000.0
Tastefully Built 5 Bedroom Detached Duplex,5,5,Ajah Lagos,6.4694716,3.5623861,11.300377211002502,27.53491907587076,Ajah,1,Detached Duplex,0,0,0,1.0,0,4,5,0,290000000.0
3 Bedroom Terrace Duplex,3,3,Ikota Lekki Lagos,6.4711251,3.8147504,39.0638334712576,53.23478511464151,Lekki,1,Terrace,0,0,0,1.0,0,4,3,0,140000000.0
Contemporary 5 Bedroom Detached Duplex,5,5,Osapa London Lekki Lagos,6.4711251,3.8147504,39.0638334712576,53.23478511464151,Lekki,1,Detached Duplex,0,0,0,1.0,0,4,5,0,800000000.0
5 Bedroom Detached Duplex,5,5,Chevron Lekki Lagos,6.4711251,3.8147504,39.0638334712576,53.23478511464151,Lekki,1,Detached Duplex,0,0,0,1.0,0,4,5,0,600000000.0
Brand New 5 Bedroom Detached Duplex,5,5,Lekki Phase 1 Lekki Lagos,6.4711251,3.8147504,39.0638334712576,53.23478511464151,Lekki,1,Detached Duplex,0,0,1,1.0,0,4,5,1,1500000000.0
Brand New 4 Bedroom Semi Detached Duplex,4,4,Orchid Lekki Lagos,6.4711251,3.8147504,39.0638334712576,53.23478511464151,Lekki,1,Detached Duplex,0,0,1,1.0,0,4,4,1,190000000.0
4 Bedroom Semi Detached Duplex,4,4,Ajah Lagos,6.4694716,3.5623861,11.300377211002502,27.53491907587076,Ajah,1,Detached Duplex,0,0,0,1.0,0,4,4,0,150000000.0
Brand New 5 Bedroom Detached Duplex,5,5,Chevron Lekki Lagos,6.4711251,3.8147504,39.0638334712576,53.23478511464151,Lekki,1,Detached Duplex,0,0,1,1.0,0,4,5,1,390000000.0
5 Bedroom Detached Duplex,5,5,Osapa London Lekki Lagos,6.4711251,3.8147504,39.0638334712576,53.23478511464151,Lekki,1,Detached Duplex,0,0,0,1.0,0,4,5,0,900000000.0
4 Bedroom Detached Duplex,4,4,2nd Toll Gate Lekki Lagos,6.4711251,3.8147504,39.0638334712576,53.23478511464151,Lekki,1,Detached Duplex,0,0,0,1.0,0,4,4,0,470000000.0
Brand New Smart Home With Parking For 10 Cars In Omole,5,6,Omole Phase 1 Ikeja Lagos Ikeja Lagos,6.5974727,3.3432815,21.044803340125824,1.0271477798224158,Ikeja,0,Other,0,0,1,1.2,0,5,0,1,600000000.0
Newly Built 5 Bedroom Fully Detached Duplex,5,6,Orchid Lekki Lagos,6.4711251,3.8147504,39.0638334712576,53.23478511464151,Lekki,1,Detached Duplex,0,0,1,1.2,0,4,5,1,420000000.0
Brand New 4 Bedroom Semi Detached Duplex,4,4,Ajah Lagos,6.4694716,3.5623861,11.300377211002502,27.53491907587076,Ajah,1,Detached Duplex,0,0,1,1.0,0,4,4,1,135000000.0
5 Bedroom Detached Duplex,5,5,2nd Toll Gate Lekki Lagos,6.4711251,3.8147504,39.0638334712576,53.23478511464151,Lekki,1,Detached Duplex,0,0,0,1.0,0,4,5,0,450000000.0
Newly Built 4 Bedroom Detached Duplex,4,4,Ajah Lagos,6.4694716,3.5623861,11.300377211002502,27.53491907587076,Ajah,1,Detached Duplex,0,0,1,1.0,0,4,4,1,120000000.0
5 Bedroom Detached Duplex,5,5,Royal Garden Lekki Lagos,6.4711251,3.8147504,39.0638334712576,53.23478511464151,Lekki,1,Detached Duplex,0,0,0,1.0,0,4,5,0,650000000.0
Brand New 4 Bedroom Semi Detached Duplex,4,4,Ajah Lagos,6.4694716,3.5623861,11.300377211002502,27.53491907587076,Ajah,1,Detached Duplex,0,0,1,1.0,0,4,4,1,140000000.0
2 Bedroom Apartment,2,2,Victoria Island Lagos,6.4300279,3.4259904,4.5315928067815925,20.705813048742375,Victoria Island,1,Flat,0,0,0,1.0,0,5,2,0,300000000.0
Brand New 4 Bedroom Semi Detached Duplex,4,4,Chevron Lekki Lagos,6.4711251,3.8147504,39.0638334712576,53.23478511464151,Lekki,1,Detached Duplex,0,0,1,1.0,0,4,4,1,250000000.0
3 Bedroom Apartment,3,3,Oniru Victoria Island Lagos,6.4300279,3.4259904,4.5315928067815925,20.705813048742375,Victoria Island,1,Flat,0,0,0,1.0,0,5,3,0,450000000.0
4 Bedroom Semi Detached Duplex,4,4,Ajah Lagos,6.4694716,3.5623861,11.300377211002502,27.53491907587076,Ajah,1,Detached Duplex,0,0,0,1.0,0,4,4,0,140000000.0
2 Bedroom Apartments,2,3,Durosimi Etti Lekki Phase 1 Lekki Lagos,6.4711251,3.8147504,39.0638334712576,53.23478511464151,Lekki,1,Flat,0,0,0,1.5,0,4,2,0,250000000.0
Brand New 4 Bedroom Terrace Duplex,4,4,Ikota Lekki Lagos,6.4711251,3.8147504,39.0638334712576,53.23478511464151,Lekki,1,Terrace,0,0,1,1.0,0,4,4,1,130000000.0
5 Bedroom Detached Duplex,5,5,Ajah Lagos,6.4694716,3.5623861,11.300377211002502,27.53491907587076,Ajah,1,Detached Duplex,0,0,0,1.0,0,4,5,0,300000000.0
3 Bedroom Apartment,3,3,Ajah Lagos,6.4694716,3.5623861,11.300377211002502,27.53491907587076,Ajah,1,Flat,0,0,0,1.0,0,4,3,0,110000000.0
Brand New 3 Bedroom Terrace Duplex,3,3,Ajah Lagos,6.4694716,3.5623861,11.300377211002502,27.53491907587076,Ajah,1,Terrace,0,0,1,1.0,0,4,3,1,85000000.0
Stunning 5 Bedroom Detached Duplex,5,5,Ajah Lagos,6.4694716,3.5623861,11.300377211002502,27.53491907587076,Ajah,1,Detached Duplex,0,0,0,1.0,0,4,5,0,250000000.0
5 Bedroom Detached Duplex,5,5,2nd Toll Gate Lekki Lagos,6.4711251,3.8147504,39.0638334712576,53.23478511464151,Lekki,1,Detached Duplex,0,0,0,1.0,0,4,5,0,420000000.0
2 Bedroom Apartment,2,2,Victoria Island Lagos,6.4300279,3.4259904,4.5315928067815925,20.705813048742375,Victoria Island,1,Flat,0,0,0,1.0,0,5,2,0,450000000.0
Luxury 5 Bedroom Fully Detached Duplex With 2 Bq,5,5,Banana Island Ikoyi Lagos,6.4600581,3.4593152,1.2666850782568917,19.69523211516851,Banana Island,1,Detached Duplex,0,1,0,1.0,0,5,5,0,6000000000.0
Brand New 4 Bedroom Detached Duplex,4,4,Ajah Lagos,6.4694716,3.5623861,11.300377211002502,27.53491907587076,Ajah,1,Detached Duplex,0,0,1,1.0,0,4,4,1,180000000.0
6 Bedroom Detached Duplex,6,6,Ikota Lekki Lagos,6.4711251,3.8147504,39.0638334712576,53.23478511464151,Lekki,1,Detached Duplex,0,0,0,1.0,0,4,6,0,600000000.0
5 Bedroom Detached Duplex,5,5,2nd Toll Gate Lekki Lagos,6.4711251,3.8147504,39.0638334712576,53.23478511464151,Lekki,1,Detached Duplex,0,0,0,1.0,0,4,5,0,680000000.0
Brand New 5 Bedroom Detached Duplex,5,5,Sangotedo Ajah Lagos,6.4694716,3.5623861,11.300377211002502,27.53491907587076,Ajah,1,Detached Duplex,0,0,1,1.0,0,4,5,1,240000000.0
4 Bedroom Semi Detached Duplex With Bq,4,4,Ikota Lekki Lagos,6.4711251,3.8147504,39.0638334712576,53.23478511464151,Lekki,1,Detached Duplex,0,1,0,1.0,0,4,4,0,180000000.0
Brand New 3 Bedroom Semi Detached Duplex,3,3,Ikota Lekki Lagos,6.4711251,3.8147504,39.0638334712576,53.23478511464151,Lekki,1,Detached Duplex,0,0,1,1.0,0,4,3,1,150000000.0
4 Bedroom Semi Detached Duplex,4,4,Ikota Lekki Lagos,6.4711251,3.8147504,39.0638334712576,53.23478511464151,Lekki,1,Detached Duplex,0,0,0,1.0,0,4,4,0,200000000.0
2 Bedroom Terrace Duplex,2,2,Ajah Lagos,6.4694716,3.5623861,11.300377211002502,27.53491907587076,Ajah,1,Terrace,0,0,0,1.0,0,4,2,0,100000000.0
3 Bedroom Apartment,3,3,Victoria Island Lagos,6.4300279,3.4259904,4.5315928067815925,20.705813048742375,Victoria Island,1,Flat,0,0,0,1.0,0,5,3,0,600000000.0
5 Bedroom Detached Duplex,5,5,Osapa London Lekki Lagos,6.4711251,3.8147504,39.0638334712576,53.23478511464151,Lekki,1,Detached Duplex,0,0,0,1.0,0,4,5,0,1550000000.0
Beautiful Luxury 2 Bedroom Apartment With Gym,2,2,Lekki Phase 1 Lekki Lagos,6.4711251,3.8147504,39.0638334712576,53.23478511464151,Lekki,1,Flat,0,0,0,1.0,0,4,2,0,250000000.0
Brand New 5 Bedroom Detached Duplex,5,5,Chevron Lekki Lagos,6.4711251,3.8147504,39.0638334712576,53.23478511464151,Lekki,1,Detached Duplex,0,0,1,1.0,0,4,5,1,430000000.0
4 Bedroom Semi Detached Duplex,4,4,Ajah Lagos,6.4694716,3.5623861,11.300377211002502,27.53491907587076,Ajah,1,Detached Duplex,0,0,0,1.0,0,4,4,0,145000000.0
Brand New 3 Bedroom Terrace Duplex,3,3,Ikota Lekki Lagos,6.4711251,3.8147504,39.0638334712576,53.23478511464151,Lekki,1,Terrace,0,0,1,1.0,0,4,3,1,120000000.0
4 Bedroom Fully Detached Duplex With Bq,4,4,Ajah Lagos,6.4694716,3.5623861,11.300377211002502,27.53491907587076,Ajah,1,Detached Duplex,0,1,0,1.0,0,4,4,0,220000000.0
5 Bedroom Semi Detached Duplex,5,5,2nd Toll Gate Lekki Lagos,6.4711251,3.8147504,39.0638334712576,53.23478511464151,Lekki,1,Detached Duplex,0,0,0,1.0,0,4,5,0,180000000.0
4 Bedroom Semi Detached Duplex,4,4,Orchid Lekki Lagos,6.4711251,3.8147504,39.0638334712576,53.23478511464151,Lekki,1,Detached Duplex,0,0,0,1.0,0,4,4,0,180000000.0
Brand New 5 Bedroom Detached Duplex,5,5,Chevron Lekki Lagos,6.4711251,3.8147504,39.0638334712576,53.23478511464151,Lekki,1,Detached Duplex,0,0,1,1.0,0,4,5,1,550000000.0
Brand New 5 Bedroom Detached Duplex,5,5,Ajah Lagos,6.4694716,3.5623861,11.300377211002502,27.53491907587076,Ajah,1,Detached Duplex,0,0,1,1.0,0,4,5,1,280000000.0
4 Bedroom Semi Detached Duplex With Bq,4,4,Ajah Lagos,6.4694716,3.5623861,11.300377211002502,27.53491907587076,Ajah,1,Detached Duplex,0,1,0,1.0,0,4,4,0,160000000.0
5 Bedroom Detached Duplex,5,5,Royal Garden Awoyaya Ajah Lagos,6.4694716,3.5623861,11.300377211002502,27.53491907587076,Ajah,1,Detached Duplex,0,0,0,1.0,0,4,5,0,1200000000.0
5 Bedroom Detached Duplex,5,5,Ajah Lagos,6.4694716,3.5623861,11.300377211002502,27.53491907587076,Ajah,1,Detached Duplex,0,0,0,1.0,0,4,5,0,280000000.0
Newly Built 4 Bedroom Detached Duplex With Bq,4,4,Ajah Lagos,6.4694716,3.5623861,11.300377211002502,27.53491907587076,Ajah,1,Detached Duplex,0,1,1,1.0,0,4,4,1,180000000.0
3 Bedroom Apartment,3,3,Lekki Phase 1 Lekki Lagos,6.4711251,3.8147504,39.0638334712576,53.23478511464151,Lekki,1,Flat,0,0,0,1.0,0,4,3,0,350000000.0
4 Bedroom Detached Duplex,4,4,Ajah Lagos,6.4694716,3.5623861,11.300377211002502,27.53491907587076,Ajah,1,Detached Duplex,0,0,0,1.0,0,4,4,0,175000000.0
Well Furnished 4 Bedroom Detached Bungalow,4,0,"Ikosi, Close To Magodo Shangisha. Lagos Ketu Lagos",6.6180809,3.3777821,20.90484087396468,3.4188985746987237,Magodo,0,Detached Duplex,0,0,0,0.0,0,4,0,0,130000000.0
Luxury 4 Bedroom Terraced Duplex With Bq,4,4,Lekki Phase 1 Lekki Lagos,6.4711251,3.8147504,39.0638334712576,53.23478511464151,Lekki,1,Terrace,0,1,0,1.0,0,4,4,0,400000000.0
Newly Built Multi Purpose Block Of Flats,2,0,"Shagari Estate; Mosan, Ipaja Lagos",6.6072725,3.2842771,26.344770640138854,7.458481118377319,Ipaja,0,Flat,0,0,1,0.0,0,2,0,1,60000000.0
4 Bedroom Terrace Duplex With Bq,4,4,Ikota Lekki Lagos,6.4711251,3.8147504,39.0638334712576,53.23478511464151,Lekki,1,Terrace,0,1,0,1.0,0,4,4,0,150000000.0
Contemporary 5 Bedroom Detached Duplex With Lounge,5,5,Lekki Phase 1 Lekki Lagos,6.4711251,3.8147504,39.0638334712576,53.23478511464151,Lekki,1,Detached Duplex,0,0,0,1.0,0,4,5,0,1500000000.0
4 Bedroom Detached Duplex With Bq,4,4,Ajah Lagos,6.4694716,3.5623861,11.300377211002502,27.53491907587076,Ajah,1,Detached Duplex,0,1,0,1.0,0,4,4,0,230000000.0
3 Bedroom Flat,3,3,Banana Island Ikoyi Lagos,6.4600581,3.4593152,1.2666850782568917,19.69523211516851,Banana Island,1,Flat,0,0,0,1.0,0,5,3,0,60000000.0
State Of The Art 2 Bedroom Apartment With Pool,2,2,Oniru Victoria Island Lagos,6.4300279,3.4259904,4.5315928067815925,20.705813048742375,Victoria Island,1,Flat,1,0,0,1.0,0,5,2,1,305000000.0
5 Bedroom Detached Duplex With Bq,5,5,Orchid Lekki Lagos,6.4711251,3.8147504,39.0638334712576,53.23478511464151,Lekki,1,Detached Duplex,0,1,0,1.0,0,4,5,0,370000000.0
T 5 Bedroom Detached Duplex With Bq,5,5,Vgc Lekki Lagos,6.4711251,3.8147504,39.0638334712576,53.23478511464151,Lekki,1,Detached Duplex,0,1,0,1.0,0,4,5,0,850000000.0
Newly Built 4 Bedroom Semi Detached Duplex With Bq,4,4,Orchid Lekki Lagos,6.4711251,3.8147504,39.0638334712576,53.23478511464151,Lekki,1,Detached Duplex,0,1,1,1.0,0,4,4,1,250000000.0
Newly Built 2 Bedroom Apartment,2,2,Lekki Phase 1 Lekki Lagos,6.4711251,3.8147504,39.0638334712576,53.23478511464151,Lekki,1,Flat,0,0,1,1.0,0,4,2,1,290000000.0
2 Bedroom Apartment With Lounge,2,2,Lekki Phase 1 Lekki Lagos,6.4711251,3.8147504,39.0638334712576,53.23478511464151,Lekki,1,Flat,0,0,0,1.0,0,4,2,0,280000000.0
1 Bedroom Apartment,1,1,Surulere Lagos,6.4855737,3.3539907,12.645023012159903,12.856266720612217,Surulere,0,Flat,0,0,0,1.0,0,4,0,0,65000000.0
2 Bedroom Apartment With Pool,2,2,Lekki Phase 1 Lekki Lagos,6.4711251,3.8147504,39.0638334712576,53.23478511464151,Lekki,1,Flat,1,0,0,1.0,0,4,2,1,280000000.0
Luxurious 4 Bedroom Semi Detached Duplex With Bq,4,4,Ikota Lekki Lagos,6.4711251,3.8147504,39.0638334712576,53.23478511464151,Lekki,1,Detached Duplex,0,1,0,1.0,0,4,4,0,200000000.0
Luxury 5 Bedroom Detached Duplex With Bq,5,5,Ajah Lagos,6.4694716,3.5623861,11.300377211002502,27.53491907587076,Ajah,1,Detached Duplex,0,1,0,1.0,0,4,5,0,275000000.0
2 Bedroom Apartment,2,2,Surulere Lagos,6.4855737,3.3539907,12.645023012159903,12.856266720612217,Surulere,0,Flat,0,0,0,1.0,0,4,0,0,85000000.0
4 Bedroom Semi Detached Duplex With Bq,4,4,Ajah Lagos,6.4694716,3.5623861,11.300377211002502,27.53491907587076,Ajah,1,Detached Duplex,0,1,0,1.0,0,4,4,0,180000000.0
5 Bedroom Detached Duplex With Pool,5,5,Chevron Lekki Lagos,6.4711251,3.8147504,39.0638334712576,53.23478511464151,Lekki,1,Detached Duplex,1,0,0,1.0,0,4,5,1,750000000.0
5 Bedroom Detached Duplex With Bq,5,5,Ajah Lagos,6.4694716,3.5623861,11.300377211002502,27.53491907587076,Ajah,1,Detached Duplex,0,1,0,1.0,0,4,5,0,310000000.0
4 Bedroom Semi Detached Duplex With Bq,4,4,Orchid Lekki Lagos,6.4711251,3.8147504,39.0638334712576,53.23478511464151,Lekki,1,Detached Duplex,0,1,0,1.0,0,4,4,0,250000000.0
Newly Built 4 Bedroom Detached Duplex,4,4,Ajah Lagos,6.4694716,3.5623861,11.300377211002502,27.53491907587076,Ajah,1,Detached Duplex,0,0,1,1.0,0,4,4,1,230000000.0
5 Bedroom Detached Duplex With Bq,5,5,Osapa London Lekki Lagos,6.4711251,3.8147504,39.0638334712576,53.23478511464151,Lekki,1,Detached Duplex,0,1,0,1.0,0,4,5,0,1600000000.0
Luxurious 4 Bedroom Semi Detached Duplex With Bq,4,4,Orchid Lekki Lagos,6.4711251,3.8147504,39.0638334712576,53.23478511464151,Lekki,1,Detached Duplex,0,1,0,1.0,0,4,4,0,280000000.0
2 Bedroom Apartment With Bq,2,0,Ikate Lekki Lagos,6.4711251,3.8147504,39.0638334712576,53.23478511464151,Lekki,1,Flat,0,1,0,0.0,0,4,2,0,220000000.0
3 Bedroom Terrace Duplex With Bq,3,3,Ikota Lekki Lagos,6.4711251,3.8147504,39.0638334712576,53.23478511464151,Lekki,1,Terrace,0,1,0,1.0,0,4,3,0,115000000.0
5 Bedroom Duplex,5,5,Lekki Phase 1 Lekki Lagos,6.4711251,3.8147504,39.0638334712576,53.23478511464151,Lekki,1,Duplex,0,0,0,1.0,0,4,5,0,420000000.0
Beautiful Luxury 5 Bedroom Detached Duplex With Bq,5,5,Orchid Lekki Lagos,6.4711251,3.8147504,39.0638334712576,53.23478511464151,Lekki,1,Detached Duplex,0,1,0,1.0,0,4,5,0,385000000.0
Beautiful Luxury 3 Bedroom Apartment With Bq,3,3,Lekki Phase 1 Lekki Lagos,6.4711251,3.8147504,39.0638334712576,53.23478511464151,Lekki,1,Flat,0,1,0,1.0,0,4,3,0,360000000.0
2 Bedroom Apartment,2,2,Ikeja Gra Ikeja Lagos,6.5974727,3.3432815,21.044803340125824,1.0271477798224158,Ikeja,0,Flat,0,0,0,1.0,0,5,0,0,290000000.0
Newly Built 3 Bedroom Terrace Duplex With Bq,3,3,Lekki Phase 1 Lekki Lagos,6.4711251,3.8147504,39.0638334712576,53.23478511464151,Lekki,1,Terrace,0,1,1,1.0,0,4,3,1,550000000.0
4 Bedroom Semi Detached Duplex With Bq,4,4,Ikota Lekki Lagos,6.4711251,3.8147504,39.0638334712576,53.23478511464151,Lekki,1,Detached Duplex,0,1,0,1.0,0,4,4,0,150000000.0
Newly Built 4 Bedroom Semi Detached Duplex,4,4,Ikota Lekki Lagos,6.4711251,3.8147504,39.0638334712576,53.23478511464151,Lekki,1,Detached Duplex,0,0,1,1.0,0,4,4,1,130000000.0
5 Bedroom Detached Duplex With Bq,5,5,Orchid Lekki Lagos,6.4711251,3.8147504,39.0638334712576,53.23478511464151,Lekki,1,Detached Duplex,0,1,0,1.0,0,4,5,0,300000000.0
Beautiful Luxury 4 Bedroom Maisonette,4,4,Ikate Lekki Lagos,6.4711251,3.8147504,39.0638334712576,53.23478511464151,Lekki,1,Other,0,0,0,1.0,0,4,4,0,350000000.0
"Super Luxury 4 Bed Maisonette +bq, Elevator, Pool & Gym",4,5,Adeniyi Jones Ikeja Lagos,6.5974727,3.3432815,21.044803340125824,1.0271477798224158,Ikeja,0,Other,1,1,0,1.25,0,5,0,1,400000000.0
2 Bedroom Apartment With Bq,2,2,Oniru Victoria Island Lagos,6.4300279,3.4259904,4.5315928067815925,20.705813048742375,Victoria Island,1,Flat,0,1,0,1.0,0,5,2,0,290000000.0
2 Bedroom Apartment With Pool,2,2,Lekki Phase 1 Lekki Lagos,6.4711251,3.8147504,39.0638334712576,53.23478511464151,Lekki,1,Flat,1,0,0,1.0,0,4,2,1,400000000.0
Luxury 2 Bedroom Apartment With Pool,2,2,Ikate Lekki Lagos,6.4711251,3.8147504,39.0638334712576,53.23478511464151,Lekki,1,Flat,1,0,0,1.0,0,4,2,1,200000000.0
4 Bedroom Massionette With Bq,4,4,Lekki Phase 1 Lekki Lagos,6.4711251,3.8147504,39.0638334712576,53.23478511464151,Lekki,1,Other,0,1,0,1.0,0,4,4,0,550000000.0
Beautiful Luxury 2 Bedroom Apartment With Pool,2,2,Lekki Phase 1 Lekki Lagos,6.4711251,3.8147504,39.0638334712576,53.23478511464151,Lekki,1,Flat,1,0,0,1.0,0,4,2,1,330000000.0
Luxurious 4 Bedroom Semi Detached Duplex With Bq,4,4,Ikate Lekki Lagos,6.4711251,3.8147504,39.0638334712576,53.23478511464151,Lekki,1,Detached Duplex,0,1,0,1.0,0,4,4,0,300000000.0
Luxury 4 Bedroom Detached Duplex With Bq,4,4,Orchid Lekki Lagos,6.4711251,3.8147504,39.0638334712576,53.23478511464151,Lekki,1,Detached Duplex,0,1,0,1.0,0,4,4,0,280000000.0
State Of The Art 4 Bedroom Terrace Duplex With Bq,4,4,Ikate Lekki Lagos,6.4711251,3.8147504,39.0638334712576,53.23478511464151,Lekki,1,Terrace,0,1,0,1.0,0,4,4,0,350000000.0
2 Bedroom Apartment,2,0,Lekki Phase 1 Lekki Lagos,6.4711251,3.8147504,39.0638334712576,53.23478511464151,Lekki,1,Flat,0,0,0,0.0,0,4,2,0,220000000.0
5 Bedroom Semi Detached Duplex With Bq,5,5,Ajah Lagos,6.4694716,3.5623861,11.300377211002502,27.53491907587076,Ajah,1,Detached Duplex,0,1,0,1.0,0,4,5,0,190000000.0
Beautiful Luxury 2 Bedroom Apartment With Bq,2,2,Lekki Phase 1 Lekki Lagos,6.4711251,3.8147504,39.0638334712576,53.23478511464151,Lekki,1,Flat,0,1,0,1.0,0,4,2,0,250000000.0
5 Bedroom Detached Duplex,5,5,Osapa London Lekki Lagos,6.4711251,3.8147504,39.0638334712576,53.23478511464151,Lekki,1,Detached Duplex,0,0,0,1.0,0,4,5,0,700000000.0
State Of The Art 1 Bedroom Apartment With Pool,1,1,Lekki Phase 1 Lekki Lagos,6.4711251,3.8147504,39.0638334712576,53.23478511464151,Lekki,1,Flat,1,0,0,1.0,0,4,1,1,190000000.0
5 Bedroom Detached Duplex With Bq,5,5,Ikota Lekki Lagos,6.4711251,3.8147504,39.0638334712576,53.23478511464151,Lekki,1,Detached Duplex,0,1,0,1.0,0,4,5,0,460000000.0
5 Bedroom Detached Duplex With Bq,5,5,Ajah Lagos,6.4694716,3.5623861,11.300377211002502,27.53491907587076,Ajah,1,Detached Duplex,0,1,0,1.0,0,4,5,0,350000000.0
4 Bedroom Detached Duplex With Bq,4,4,Fagba Agege Lagos,6.6252516,3.3112096,25.67415712845598,5.155317650569243,Agege,0,Detached Duplex,0,1,0,1.0,0,4,0,0,240000000.0
Beautiful Luxury 2 Bedroom Apartment,2,2,Ikate Lekki Lagos,6.4711251,3.8147504,39.0638334712576,53.23478511464151,Lekki,1,Flat,0,0,0,1.0,0,4,2,0,160000000.0
4 Bedroom Semi Detached Duplex With Bq,4,4,Ajah Lagos,6.4694716,3.5623861,11.300377211002502,27.53491907587076,Ajah,1,Detached Duplex,0,1,0,1.0,0,4,4,0,155000000.0
Newly Built 4 Bedroom Terrace Duplex With Bq,4,4,Lekki Phase 1 Lekki Lagos,6.4711251,3.8147504,39.0638334712576,53.23478511464151,Lekki,1,Terrace,0,1,1,1.0,0,4,4,1,600000000.0
Newly Built 1 Bedroom Apartment With Pool,1,1,Lekki Phase 1 Lekki Lagos,6.4711251,3.8147504,39.0638334712576,53.23478511464151,Lekki,1,Flat,1,0,1,1.0,0,4,1,2,220000000.0
5 Bedroom Detached Duplex,5,5,Chevron Lekki Lagos,6.4711251,3.8147504,39.0638334712576,53.23478511464151,Lekki,1,Detached Duplex,0,0,0,1.0,0,4,5,0,750000000.0
5 Bedroom Detached Duplex With Bq,5,5,Ikate Lekki Lagos,6.4711251,3.8147504,39.0638334712576,53.23478511464151,Lekki,1,Detached Duplex,0,1,0,1.0,0,4,5,0,800000000.0
4 Bedroom Detached Duplex With Bq,4,4,Ajah Lagos,6.4694716,3.5623861,11.300377211002502,27.53491907587076,Ajah,1,Detached Duplex,0,1,0,1.0,0,4,4,0,180000000.0
3 Bedroom Apartment With Bq,3,3,Lekki Phase 1 Lekki Lagos,6.4711251,3.8147504,39.0638334712576,53.23478511464151,Lekki,1,Flat,0,1,0,1.0,0,4,3,0,350000000.0
5 Bedroom Semi Detached Duplex With Pool,5,5,Lekki Phase 1 Lekki Lagos,6.4711251,3.8147504,39.0638334712576,53.23478511464151,Lekki,1,Detached Duplex,1,0,0,1.0,0,4,5,1,650000000.0
Newly Built 3 Bedroom Terrace Duplex,3,3,Ikota Lekki Lagos,6.4711251,3.8147504,39.0638334712576,53.23478511464151,Lekki,1,Terrace,0,0,1,1.0,0,4,3,1,115000000.0
Beautiful Luxury 4 Bedroom Penthouse With Bq,4,4,Ikate Lekki Lagos,6.4711251,3.8147504,39.0638334712576,53.23478511464151,Lekki,1,Other,0,1,0,1.0,0,4,4,0,450000000.0
5 Bedroom Detached Duplex With Bq,5,5,Lekki Phase 1 Lekki Lagos,6.4711251,3.8147504,39.0638334712576,53.23478511464151,Lekki,1,Detached Duplex,0,1,0,1.0,0,4,5,0,750000000.0
A Fully Detached 4bedroom Duplex,4,5,Orchid Lekki Lagos,6.4711251,3.8147504,39.0638334712576,53.23478511464151,Lekki,1,Detached Duplex,0,0,0,1.25,0,4,4,0,10000000.0
Newly Built 4 Bedroom Semi Detached Duplex With Bq,4,4,Ikota Lekki Lagos,6.4711251,3.8147504,39.0638334712576,53.23478511464151,Lekki,1,Detached Duplex,0,1,1,1.0,0,4,4,1,220000000.0
5 Bedroom Detached Duplex With Bq,5,5,Lekki Phase 1 Lekki Lagos,6.4711251,3.8147504,39.0638334712576,53.23478511464151,Lekki,1,Detached Duplex,0,1,0,1.0,0,4,5,0,1500000000.0
3 Bedroom Terrace Duplex With Bq,3,3,Ikota Lekki Lagos,6.4711251,3.8147504,39.0638334712576,53.23478511464151,Lekki,1,Terrace,0,1,0,1.0,0,4,3,0,130000000.0
Luxurious 5 Bedroom Semi Detached Duplex With Bq,5,5,Ikate Lekki Lagos,6.4711251,3.8147504,39.0638334712576,53.23478511464151,Lekki,1,Detached Duplex,0,1,0,1.0,0,4,5,0,450000000.0
4 Bedroom Semi Detached Duplex With Pool,4,4,Lekki Phase 1 Lekki Lagos,6.4711251,3.8147504,39.0638334712576,53.23478511464151,Lekki,1,Detached Duplex,1,0,0,1.0,0,4,4,1,550000000.0
5 Bedroom Detached Duplex With Bq,5,5,Lekki Lagos,6.4711251,3.8147504,39.0638334712576,53.23478511464151,Lekki,1,Detached Duplex,0,1,0,1.0,0,4,5,0,480000000.0
Newly Built 4 Bedroom Semi Detached Duplex,4,4,Ajah Lagos,6.4694716,3.5623861,11.300377211002502,27.53491907587076,Ajah,1,Detached Duplex,0,0,1,1.0,0,4,4,1,130000000.0
4 Bedroom Semi Detached Duplex With Bq,4,4,Orchid Lekki Lagos,6.4711251,3.8147504,39.0638334712576,53.23478511464151,Lekki,1,Detached Duplex,0,1,0,1.0,0,4,4,0,260000000.0
Contemporary 4 Bedroom Semi Detached Duplex With Bq,4,4,Ikota Lekki Lagos,6.4711251,3.8147504,39.0638334712576,53.23478511464151,Lekki,1,Detached Duplex,0,1,0,1.0,0,4,4,0,200000000.0
4 Bedroom Detached Duplex With Bq,4,4,Ajah Lagos,6.4694716,3.5623861,11.300377211002502,27.53491907587076,Ajah,1,Detached Duplex,0,1,0,1.0,0,4,4,0,198000000.0
5 Bedroom Detached Duplex,5,5,Lekki Phase 1 Lekki Lagos,6.4711251,3.8147504,39.0638334712576,53.23478511464151,Lekki,1,Detached Duplex,0,0,0,1.0,0,4,5,0,750000000.0
1/2/3 Bedroom Apartment,0,0,Abijo Ajah Lagos,6.4694716,3.5623861,11.300377211002502,27.53491907587076,Ajah,1,Flat,0,0,0,0.0,0,4,0,0,60000000.0
1 Bedroom Apartment,1,0,Sangotedo Ajah Lagos,6.4694716,3.5623861,11.300377211002502,27.53491907587076,Ajah,1,Flat,0,0,0,0.0,0,4,1,0,45000000.0
2 Units Of 2 Bedroom Flat,0,0,Maya Ikorodu Lagos,6.6191233,3.5041271,19.37412223201939,16.98654075658537,Ikorodu,0,Flat,0,0,0,0.0,0,2,0,0,17000000.0
4 Bedroom Massionnette,4,0,Ikoyi Lagos,6.4516268,3.4117815,5.595874965201447,17.89581566309951,Ikoyi,1,Other,0,0,0,0.0,0,5,4,0,1800000.0
Uncompleted 4 Bedroom Duplex,4,0,Maya Ikorodu Lagos,6.6191233,3.5041271,19.37412223201939,16.98654075658537,Ikorodu,0,Duplex,0,0,0,0.0,0,2,0,0,35000000.0
3 Bedroom Duplex,0,0,"Oke Ira , Off Addo Road Ajah Lagos",6.4694716,3.5623861,11.300377211002502,27.53491907587076,Ajah,1,Duplex,0,0,0,0.0,0,4,0,0,60000000.0
3 Bedroom Apartment,3,0,Yaba Lagos,6.5114693,3.3699982,12.327418636428003,10.196897835571315,Yaba,0,Flat,0,0,0,0.0,0,4,0,0,80000000.0
3 Bedroom Apartment,1,0,Surulere Lagos,6.4855737,3.3539907,12.645023012159903,12.856266720612217,Surulere,0,Flat,0,0,0,0.0,0,4,0,0,60000000.0
5 Bedroom Fully Detached Duplex,5,0,Lekki County Homes Ikota Lekki Lagos,6.4711251,3.8147504,39.0638334712576,53.23478511464151,Lekki,1,Detached Duplex,0,0,0,0.0,0,4,5,0,600000000.0
1 & 3 Bedroom Apartments,0,0,Chevron Lekki Lagos,6.4711251,3.8147504,39.0638334712576,53.23478511464151,Lekki,1,Flat,0,0,0,0.0,0,4,0,0,85000000.0
4 Bedroom Terraced Duplex With Bq,4,0,"Felicity Haven, Jakande Ajiran Community Lekki Lagos",6.4711251,3.8147504,39.0638334712576,53.23478511464151,Lekki,1,Terrace,0,1,0,0.0,0,4,4,0,250000000.0
2 Bedroom Apartment,2,0,Ikate Lekki Lagos,6.4711251,3.8147504,39.0638334712576,53.23478511464151,Lekki,1,Flat,0,0,0,0.0,0,4,2,0,130000000.0
2 Bedroom Flat,2,0,Oniru Victoria Island Lagos,6.4300279,3.4259904,4.5315928067815925,20.705813048742375,Victoria Island,1,Flat,0,0,0,0.0,0,5,2,0,470000000.0
Offplan 1 Bedroom Apartment,1,1,Ozumba Mbadiwe Victoria Island Lagos,6.4300279,3.4259904,4.5315928067815925,20.705813048742375,Victoria Island,1,Flat,0,0,0,1.0,0,5,1,0,74000000.0
6 Units Of Mini Flat,0,0,Maya Ikorodu Lagos,6.6191233,3.5041271,19.37412223201939,16.98654075658537,Ikorodu,0,Flat,0,0,0,0.0,0,2,0,0,32000000.0
5 Bedroom Fully Detached Duplex,5,0,Osapa London Lekki Lagos,6.4711251,3.8147504,39.0638334712576,53.23478511464151,Lekki,1,Detached Duplex,0,0,0,0.0,0,4,5,0,250000000.0
2 Bedroom Apartment With Bq,2,0,Lekki Phase 1 Lekki Lagos,6.4711251,3.8147504,39.0638334712576,53.23478511464151,Lekki,1,Flat,0,1,0,0.0,0,4,2,0,150000000.0
House,0,0,Montego Bay 3 Extension Ikate Lekki Lagos,6.4711251,3.8147504,39.0638334712576,53.23478511464151,Lekki,1,Other,0,0,0,0.0,0,4,0,0,250000000.0
6 Units Of Mini Flats Plus 4 Shops,0,0,Maya Ikorodu Lagos,6.6191233,3.5041271,19.37412223201939,16.98654075658537,Ikorodu,0,Flat,0,0,0,0.0,0,2,0,0,32000000.0
4 Bedroom Terraced Duplex With Bq,0,0,Ikota Lekki Lagos,6.4711251,3.8147504,39.0638334712576,53.23478511464151,Lekki,1,Terrace,0,1,0,0.0,0,4,0,0,90000000.0
3 Bedroom Duplex,0,0,"Richland Garden, Bogije Off Lekki Epe Expressway Ibeju Lekki Lagos",6.4711251,3.8147504,39.0638334712576,53.23478511464151,Lekki,1,Duplex,0,0,0,0.0,0,4,0,0,75000000.0
2 Bedroom Home,2,0,Igbaja Surulere Lagos,6.4855737,3.3539907,12.645023012159903,12.856266720612217,Surulere,0,Other,0,0,0,0.0,0,4,0,0,100000000.0
22 Bedroom Hotel,0,0,Ikorodu Lagos,6.6191233,3.5041271,19.37412223201939,16.98654075658537,Ikorodu,0,Other,0,0,0,0.0,0,2,0,0,55000000.0
5 Bedroom Fully Detached Duplex,5,0,Ajah Lagos,6.4694716,3.5623861,11.300377211002502,27.53491907587076,Ajah,1,Detached Duplex,0,0,0,0.0,0,4,5,0,260000000.0
5 Bedroom Detached Duplex,5,0,Pinnock Beach Estate Lekki Lagos,6.4711251,3.8147504,39.0638334712576,53.23478511464151,Lekki,1,Detached Duplex,0,0,0,0.0,0,4,5,0,1500000000.0
4 Bedroom Fully Detached Duplex With 2 Bq,4,4,Oniru Victoria Island Lagos,6.4300279,3.4259904,4.5315928067815925,20.705813048742375,Victoria Island,1,Detached Duplex,0,1,0,1.0,0,5,4,0,600000000.0
Superbly Finished 5 Bedroom Detached Duplex,5,5,Old Ikoyi Ikoyi Lagos,6.4516268,3.4117815,5.595874965201447,17.89581566309951,Ikoyi,1,Detached Duplex,0,0,0,1.0,0,5,5,0,2300000000.0
4 Bedroom Semi Detached Duplex With Bq,4,4,Lekki Phase 1 Lekki Lagos,6.4711251,3.8147504,39.0638334712576,53.23478511464151,Lekki,1,Detached Duplex,0,1,0,1.0,0,4,4,0,370000000.0
Blocks Of Flats,0,0,Close To Lasustech University Ita Oluwo Ikorodu Lagos,6.6191233,3.5041271,19.37412223201939,16.98654075658537,Ikorodu,0,Flat,0,0,0,0.0,0,2,0,0,110000000.0
Detached Bungalow,0,0,Oreyo Igbogbo Ikorodu Lagos,6.6191233,3.5041271,19.37412223201939,16.98654075658537,Ikorodu,0,Detached Duplex,0,0,0,0.0,0,2,0,0,35000000.0
Blocks Of Flats,0,0,Fish Pond Axus Agric Ikorodu Lagos,6.6191233,3.5041271,19.37412223201939,16.98654075658537,Ikorodu,0,Flat,0,0,0,0.0,0,2,0,0,55000000.0
Newly Built 2 Bedroom Detached Duplex,2,2,"Oreyo, Igbogbo Ikorodu Lagos",6.6191233,3.5041271,19.37412223201939,16.98654075658537,Ikorodu,0,Detached Duplex,0,0,1,1.0,0,2,0,1,55000000.0
2 Bedroom Flat,2,2,"Beechwood Park, Sangotedo Sangotedo Lagos",6.471022,3.635581,19.321981973319577,34.58834389190216,Sangotedo,1,Flat,0,0,0,1.0,0,3,2,0,50000000.0
4 Bedroom Terrace Duplex,4,4,"Fara Park 2 Estate, Sangotedo Along Lekki Expressway Lekki Lagos",6.4711251,3.8147504,39.0638334712576,53.23478511464151,Lekki,1,Terrace,0,0,0,1.0,0,4,4,0,120000000.0
Luxury 4 Bedroom Semi Detached Duplex With Bq,4,4,Osapa London Lekki Lagos,6.4711251,3.8147504,39.0638334712576,53.23478511464151,Lekki,1,Detached Duplex,0,1,0,1.0,0,4,4,0,250000000.0
5 Bedroom Duplex,5,5,Agungi Agungi Lekki Lagos,6.4711251,3.8147504,39.0638334712576,53.23478511464151,Lekki,1,Duplex,0,0,0,1.0,0,4,5,0,350000000.0
Nicely Built 4 Bedroom Detached Duplex,4,4,Victory Villa Estate Abijo Ajah Lagos,6.4694716,3.5623861,11.300377211002502,27.53491907587076,Ajah,1,Detached Duplex,0,0,0,1.0,0,4,4,0,120000000.0
5 Bedroom Detached Duplex With Bq,5,6,Chevron Tollgate Lekki Lagos,6.4711251,3.8147504,39.0638334712576,53.23478511464151,Lekki,1,Detached Duplex,0,1,0,1.2,0,4,5,0,500000000.0
4 Bedroom Semi Detached Duplex With Bq,4,4,By Vgc Lekki Lagos,6.4711251,3.8147504,39.0638334712576,53.23478511464151,Lekki,1,Detached Duplex,0,1,0,1.0,0,4,4,0,150000000.0
Room Self Contained,1,0,Lekki Phase 1 Lekki Lagos,6.4711251,3.8147504,39.0638334712576,53.23478511464151,Lekki,1,Other,0,0,0,0.0,0,4,1,0,3000000.0
2 Bedroom Apartment,2,2,Igbo Efon Lekki Lagos,6.4711251,3.8147504,39.0638334712576,53.23478511464151,Lekki,1,Flat,0,0,0,1.0,0,4,2,0,65000000.0
Stunning 5 Bedroom Detached Duplex With Bq,5,5,Chevron Tollgate Ikota Lekki Lagos,6.4711251,3.8147504,39.0638334712576,53.23478511464151,Lekki,1,Detached Duplex,0,1,0,1.0,0,4,5,0,460000000.0
5 Bedroom Detached Duplex,5,6,Chevron Lekki Lagos,6.4711251,3.8147504,39.0638334712576,53.23478511464151,Lekki,1,Detached Duplex,0,0,0,1.2,0,4,5,0,510000000.0
Newly Built 4 Bedroom Semi Detached Duplex,4,4,Ikota Lekki Lagos,6.4711251,3.8147504,39.0638334712576,53.23478511464151,Lekki,1,Detached Duplex,0,0,1,1.0,0,4,4,1,160000000.0
6 Bedroom Detached Duplex With Cinema,6,6,Lekki County Homes Estate ( Megamond) Ikota Lekki Lagos,6.4711251,3.8147504,39.0638334712576,53.23478511464151,Lekki,1,Detached Duplex,0,0,0,1.0,0,4,6,0,720000000.0
Newly Built 2 Bedroom Apartment In A Location,2,2,Ologolo Lekki Lagos,6.4711251,3.8147504,39.0638334712576,53.23478511464151,Lekki,1,Flat,0,0,1,1.0,0,4,2,1,100000000.0
4 Bedroom Terrace Duplex,4,4,Oniru Victoria Island Lagos,6.4300279,3.4259904,4.5315928067815925,20.705813048742375,Victoria Island,1,Terrace,0,0,0,1.0,0,5,4,0,650000000.0
House,0,0,Apapa Lagos,6.445187,3.3683732,10.398751645290774,17.419869629100226,Apapa,0,Other,0,0,0,0.0,0,5,0,0,1200000000.0
A Block Of 9 Flats,0,0,"Lawani Street, Surulere Lagos",6.4855737,3.3539907,12.645023012159903,12.856266720612217,Surulere,0,Flat,0,0,0,0.0,0,4,0,0,300000000.0
1000 Square Meters (fully Fenced & Gated In Ikoyi,0,0,Ikoyi Lagos,6.4516268,3.4117815,5.595874965201447,17.89581566309951,Ikoyi,1,Other,0,0,0,0.0,1,5,0,1,1700000000.0
Luxury 5 Bedroom Detached Duplex With Bq,5,0,Lekki Phase 1 Lekki Lagos,6.4711251,3.8147504,39.0638334712576,53.23478511464151,Lekki,1,Detached Duplex,0,1,0,0.0,0,4,5,0,1000000000.0
15 Storey Building,0,0,"Glover Road, Ikoyi Lagos",6.4516268,3.4117815,5.595874965201447,17.89581566309951,Ikoyi,1,Other,0,0,0,0.0,0,5,0,0,25000000.0
House,0,0,"Off Afolabi Bus Stop, Lasu Isheri Road, Alimosho Lagos",6.5843882,3.2575876,27.144835989600622,10.56259673623399,Alimosho,0,Other,0,0,0,0.0,0,4,0,0,85000000.0
Spacious 4 Bedroom Semi Detached Duplex With Bq,4,0,Surulere Lagos,6.4855737,3.3539907,12.645023012159903,12.856266720612217,Surulere,0,Detached Duplex,0,1,0,0.0,0,4,0,0,280000000.0
3 Bedroom Terraced Duplex With Bq,3,0,Abraham Adesanya Estate Ajah Lagos,6.4694716,3.5623861,11.300377211002502,27.53491907587076,Ajah,1,Terrace,0,1,0,0.0,0,4,3,0,75000000.0
4 Bedroom Terraced Duplex With A Room Bq,4,0,Chevron Lekki Lagos,6.4711251,3.8147504,39.0638334712576,53.23478511464151,Lekki,1,Terrace,0,1,0,0.0,0,4,4,0,140000000.0
5 Bedroom Detached House With Bq,5,0,Ikoyi Lagos,6.4516268,3.4117815,5.595874965201447,17.89581566309951,Ikoyi,1,Detached Duplex,0,1,0,0.0,0,5,5,0,750000000.0
5 Bedroom Detached Duplex With Bq,5,5,Chevron Lekki Lagos,6.4711251,3.8147504,39.0638334712576,53.23478511464151,Lekki,1,Detached Duplex,0,1,0,1.0,0,4,5,0,600000000.0
4 Bedroom Detached Duplex,4,4,Ajah Lagos,6.4694716,3.5623861,11.300377211002502,27.53491907587076,Ajah,1,Detached Duplex,0,0,0,1.0,0,4,4,0,200000000.0
2/3 Bedroom Apartment With Swimming/pool/elevator,2,2,Lekki Phase 1 Lekki Lagos,6.4711251,3.8147504,39.0638334712576,53.23478511464151,Lekki,1,Flat,1,0,0,1.0,0,4,2,1,400000000.0
5 Bedroom Detached Duplex With Bq,5,5,Ajah Lagos,6.4694716,3.5623861,11.300377211002502,27.53491907587076,Ajah,1,Detached Duplex,0,1,0,1.0,0,4,5,0,270000000.0
2 Bedroom Flat With Rooftop,2,2,Lekki Phase 1 Lekki Lagos,6.4711251,3.8147504,39.0638334712576,53.23478511464151,Lekki,1,Flat,0,0,0,1.0,0,4,2,0,400000000.0
5 Bedroom Detached Duplex With Study Room,5,5,Ajah Lagos,6.4694716,3.5623861,11.300377211002502,27.53491907587076,Ajah,1,Detached Duplex,0,0,0,1.0,0,4,5,0,200000000.0
Units Of 2 Bedroom Apartment,2,2,Osapa London Lekki Lagos,6.4711251,3.8147504,39.0638334712576,53.23478511464151,Lekki,1,Flat,0,0,0,1.0,0,4,2,0,140000000.0
5 Bedroom Detached Duplex With Bq,5,5,Ajah Lagos,6.4694716,3.5623861,11.300377211002502,27.53491907587076,Ajah,1,Detached Duplex,0,1,0,1.0,0,4,5,0,285000000.0
Units Of 2 Bedroom Apartment,2,2,Ologolo Lekki Lagos,6.4711251,3.8147504,39.0638334712576,53.23478511464151,Lekki,1,Flat,0,0,0,1.0,0,4,2,0,90000000.0
5 Bedroom Detached Duplex For Sale,5,5,Lekki Phase 1 Lekki Lagos,6.4711251,3.8147504,39.0638334712576,53.23478511464151,Lekki,1,Detached Duplex,0,0,0,1.0,0,4,5,0,1200000000.0
5 Bedroom Detached Duplex,5,5,Chevron Lekki Lagos,6.4711251,3.8147504,39.0638334712576,53.23478511464151,Lekki,1,Detached Duplex,0,0,0,1.0,0,4,5,0,450000000.0
5 Bedroom Fully Detached Duplex,5,5,Ikate Lekki Lagos,6.4711251,3.8147504,39.0638334712576,53.23478511464151,Lekki,1,Detached Duplex,0,0,0,1.0,0,4,5,0,470000000.0
4 Bedroom Detached Duplex,4,4,Ikota Lekki Lagos,6.4711251,3.8147504,39.0638334712576,53.23478511464151,Lekki,1,Detached Duplex,0,0,0,1.0,0,4,4,0,280000000.0
4 Bedroom Detached Duplex,4,4,Ajah Lagos,6.4694716,3.5623861,11.300377211002502,27.53491907587076,Ajah,1,Detached Duplex,0,0,0,1.0,0,4,4,0,210000000.0
Fully Automated 5 Bedroom Detached Duplex With Pool,5,5,Chevron Toll Gate Lekki Lagos,6.4711251,3.8147504,39.0638334712576,53.23478511464151,Lekki,1,Detached Duplex,1,0,0,1.0,0,4,5,1,600000000.0
6 Bedroom Detached Duplex,6,6,Chevron Lekki Lagos,6.4711251,3.8147504,39.0638334712576,53.23478511464151,Lekki,1,Detached Duplex,0,0,0,1.0,0,4,6,0,750000000.0
5 Bedroom Fully Detached Duplex,5,5,Ologolo Lekki Lagos,6.4711251,3.8147504,39.0638334712576,53.23478511464151,Lekki,1,Detached Duplex,0,0,0,1.0,0,4,5,0,350000000.0
5 Bedroom Semi Detached Duplex,5,5,Ikate Lekki Lagos,6.4711251,3.8147504,39.0638334712576,53.23478511464151,Lekki,1,Detached Duplex,0,0,0,1.0,0,4,5,0,330000000.0
1 Bedroom Apartment,1,1,Victoria Island Lagos,6.4300279,3.4259904,4.5315928067815925,20.705813048742375,Victoria Island,1,Flat,0,0,0,1.0,0,5,1,0,350000000.0
Joint Venture Development,0,0,Freedom Way Lekki Lagos,6.4711251,3.8147504,39.0638334712576,53.23478511464151,Lekki,1,Other,0,0,0,0.0,0,4,0,0,1200000000.0
1 Bedroom And 2 Bedroom Apartment,2,2,Lekki Phase 1 Lekki Lagos,6.4711251,3.8147504,39.0638334712576,53.23478511464151,Lekki,1,Flat,0,0,0,1.0,0,4,2,0,300000000.0
New 2 Bedroom Apartment,2,2,Lekki Phase 1 Lekki Lagos,6.4711251,3.8147504,39.0638334712576,53.23478511464151,Lekki,1,Flat,0,0,0,1.0,0,4,2,0,230000000.0
4 Bedroom Terrace Duplex,4,4,Old Ikoyi Ikoyi Lagos,6.4516268,3.4117815,5.595874965201447,17.89581566309951,Ikoyi,1,Terrace,0,0,0,1.0,0,5,4,0,1200000000.0
4 Bedroom Terrace Duplex,4,4,Ikota Lekki Lagos,6.4711251,3.8147504,39.0638334712576,53.23478511464151,Lekki,1,Terrace,0,0,0,1.0,0,4,4,0,110000000.0
New Development 2 Bedroom Apartment,2,2,Lekki Phase 1 Lekki Lagos,6.4711251,3.8147504,39.0638334712576,53.23478511464151,Lekki,1,Flat,0,0,0,1.0,0,4,2,0,230000000.0
2 Bedroom Apartment,2,2,Ologolo Lekki Lagos,6.4711251,3.8147504,39.0638334712576,53.23478511464151,Lekki,1,Flat,0,0,0,1.0,0,4,2,0,120000000.0
3 Units Of 5 Bedroom Duplex,5,5,Lekki Conservation Lekki Lagos,6.4711251,3.8147504,39.0638334712576,53.23478511464151,Lekki,1,Duplex,0,0,0,1.0,0,4,5,0,680000000.0
2 Bedroom Apartment,2,2,Ologolo Lekki Lagos,6.4711251,3.8147504,39.0638334712576,53.23478511464151,Lekki,1,Flat,0,0,0,1.0,0,4,2,0,110000000.0
2 Bedroom Apartment,2,2,Osapa Lekki Lagos,6.4711251,3.8147504,39.0638334712576,53.23478511464151,Lekki,1,Flat,0,0,0,1.0,0,4,2,0,125000000.0
2 Bedroom Flat With Bq,2,2,Freedom Way Lekki Lagos,6.4711251,3.8147504,39.0638334712576,53.23478511464151,Lekki,1,Flat,0,1,0,1.0,0,4,2,0,248000000.0
Newly Built 3 Bedroom Flat,3,3,Ilasan Lekki Lagos,6.4711251,3.8147504,39.0638334712576,53.23478511464151,Lekki,1,Flat,0,0,1,1.0,0,4,3,1,140000000.0
Luxury 5 Bedroom Fully Detached Duplex With Bq,5,5,"Harris Drive, Vgc Extension Lekki Lagos",6.4711251,3.8147504,39.0638334712576,53.23478511464151,Lekki,1,Detached Duplex,0,1,0,1.0,0,4,5,0,420000000.0
Fully Furnished 4 Bedroom Semi Detached Duplex With Bq,4,4,Chevron Drive Lekki Lagos,6.4711251,3.8147504,39.0638334712576,53.23478511464151,Lekki,1,Detached Duplex,0,1,0,1.0,0,4,4,0,268000000.0
4 Bedroom Terraced Duplex,4,4,Orchid Lekki Lagos,6.4711251,3.8147504,39.0638334712576,53.23478511464151,Lekki,1,Terrace,0,0,0,1.0,0,4,4,0,125000000.0
4 Bedroom Fully Detached Duplex,4,4,"In Admiralty Homes, New Road Opposite Chevron Lekki Lagos",6.4711251,3.8147504,39.0638334712576,53.23478511464151,Lekki,1,Detached Duplex,0,0,0,1.0,0,4,4,0,260000000.0
3 Bedroom Flats,3,3,Orchid Lekki Lagos,6.4711251,3.8147504,39.0638334712576,53.23478511464151,Lekki,1,Flat,0,0,0,1.0,0,4,3,0,110000000.0
3 Bedroom Maisonette,3,3,Freedom Way Lekki Lagos,6.4711251,3.8147504,39.0638334712576,53.23478511464151,Lekki,1,Other,0,0,0,1.0,0,4,3,0,295000000.0
Newly Built 5 Bedroom Fully Detached House,5,5,"Lakeview Park2 Estate, Orchid Road Orchid Lekki Lagos",6.4711251,3.8147504,39.0638334712576,53.23478511464151,Lekki,1,Detached Duplex,0,0,1,1.0,0,4,5,1,750000000.0
2 Bedroom Flats,2,2,Chevron Lekki Lagos,6.4711251,3.8147504,39.0638334712576,53.23478511464151,Lekki,1,Flat,0,0,0,1.0,0,4,2,0,110000000.0
Luxury 6 Bedroom Fully Detached Duplex,6,6,Lekki Phase 1 Lekki Lagos,6.4711251,3.8147504,39.0638334712576,53.23478511464151,Lekki,1,Detached Duplex,0,0,0,1.0,0,4,6,0,1300000000.0
Beautiful Luxury 3 Bedroom Apartment,3,3,Osapa London Lekki Lagos,6.4711251,3.8147504,39.0638334712576,53.23478511464151,Lekki,1,Flat,0,0,0,1.0,0,4,3,0,190000000.0
4 Bedroom Semi Detached Duplex,4,4,Ikate Lekki Lagos,6.4711251,3.8147504,39.0638334712576,53.23478511464151,Lekki,1,Detached Duplex,0,0,0,1.0,0,4,4,0,275000000.0
3 Bedroom Apartment,3,3,Lekki Phase 1 Lekki Lagos,6.4711251,3.8147504,39.0638334712576,53.23478511464151,Lekki,1,Flat,0,0,0,1.0,0,4,3,0,230000000.0
Luxury 5 Bedroom Fully Detached Duplex,5,5,Ajah Lagos,6.4694716,3.5623861,11.300377211002502,27.53491907587076,Ajah,1,Detached Duplex,0,0,0,1.0,0,4,5,0,250000000.0
5 Bedroom Fully Detached Duplex,5,5,Chevron Lekki Lagos,6.4711251,3.8147504,39.0638334712576,53.23478511464151,Lekki,1,Detached Duplex,0,0,0,1.0,0,4,5,0,450000000.0
5 Bedroom Fully Detached Duplex,5,5,Lekki Phase 1 Lekki Lagos,6.4711251,3.8147504,39.0638334712576,53.23478511464151,Lekki,1,Detached Duplex,0,0,0,1.0,0,4,5,0,970000000.0
Luxury 5 Bedroom Fully Detached Duplex,5,5,Orchid Lekki Lagos,6.4711251,3.8147504,39.0638334712576,53.23478511464151,Lekki,1,Detached Duplex,0,0,0,1.0,0,4,5,0,420000000.0
2 Bedroom Apartment With Bq,2,2,Ikate Lekki Lagos,6.4711251,3.8147504,39.0638334712576,53.23478511464151,Lekki,1,Flat,0,1,0,1.0,0,4,2,0,200000000.0
4 Bedroom Semi Detached Duplex,4,4,Orchid Lekki Lagos,6.4711251,3.8147504,39.0638334712576,53.23478511464151,Lekki,1,Detached Duplex,0,0,0,1.0,0,4,4,0,300000000.0
4 Bedroom Terrace Duplex,4,4,Lekki Right Lekki Phase 1 Lekki Lagos,6.4711251,3.8147504,39.0638334712576,53.23478511464151,Lekki,1,Terrace,0,0,0,1.0,0,4,4,0,400000000.0
5 Bedroom Fully Detached Duplex With Swimming Pool,5,5,Ajah Lagos,6.4694716,3.5623861,11.300377211002502,27.53491907587076,Ajah,1,Detached Duplex,1,0,0,1.0,0,4,5,1,220000000.0
4 Bedroom Penthouse Maisonette,4,4,Ikoyi Lagos,6.4516268,3.4117815,5.595874965201447,17.89581566309951,Ikoyi,1,Other,0,0,0,1.0,0,5,4,0,4500000000.0
5 Bedroom Fully Detached Duplex,5,5,Second Toll Gate Chevron Lekki Lagos,6.4711251,3.8147504,39.0638334712576,53.23478511464151,Lekki,1,Detached Duplex,0,0,0,1.0,0,4,5,0,430000000.0
3 Bedroom Flat,3,3,Ikate Lekki Lagos,6.4711251,3.8147504,39.0638334712576,53.23478511464151,Lekki,1,Flat,0,0,0,1.0,0,4,3,0,150000000.0
Furnished 2 Bedroom Flat,2,2,Lekki Phase 1 Lekki Lagos,6.4711251,3.8147504,39.0638334712576,53.23478511464151,Lekki,1,Flat,0,0,0,1.0,0,4,2,0,320000000.0
2 Bedroom Flat,2,2,Ikate Lekki Lagos,6.4711251,3.8147504,39.0638334712576,53.23478511464151,Lekki,1,Flat,0,0,0,1.0,0,4,2,0,75000000.0
Newly Built 6 Bedroom Flat,6,6,Banana Island Ikoyi Lagos,6.4600581,3.4593152,1.2666850782568917,19.69523211516851,Banana Island,1,Flat,0,0,1,1.0,0,5,6,1,7000000000.0
Serviced 3 Bedroom Flat With 24 Hours Light For Sale,3,3,Ikate Lekki Lagos,6.4711251,3.8147504,39.0638334712576,53.23478511464151,Lekki,1,Flat,0,0,0,1.0,1,4,3,1,150000000.0
3 Bedroom Apartment,3,3,Ikate Lekki Lagos,6.4711251,3.8147504,39.0638334712576,53.23478511464151,Lekki,1,Flat,0,0,0,1.0,0,4,3,0,150000000.0
5 Bedroom Detached Duplex With Bq,5,5,Chevron Drive Lekki Lagos,6.4711251,3.8147504,39.0638334712576,53.23478511464151,Lekki,1,Detached Duplex,0,1,0,1.0,0,4,5,0,600000000.0
Newly Built 4 Bedroom Semi Detached Duplex With Bq,4,4,Vgc Lekki Lagos,6.4711251,3.8147504,39.0638334712576,53.23478511464151,Lekki,1,Detached Duplex,0,1,1,1.0,0,4,4,1,150000000.0
Fully Serviced 3 Bedroom Flat For Sale,3,3,Ikate Lekki Lagos,6.4711251,3.8147504,39.0638334712576,53.23478511464151,Lekki,1,Flat,0,0,0,1.0,1,4,3,1,150000000.0
Newly Built 5 Bedroom Detached Duplex,5,5,Ado Road Ajah Lagos,6.4694716,3.5623861,11.300377211002502,27.53491907587076,Ajah,1,Detached Duplex,0,0,1,1.0,0,4,5,1,250000000.0
2 Bedroom Apartment,2,2,Ikate Lekki Lagos,6.4711251,3.8147504,39.0638334712576,53.23478511464151,Lekki,1,Flat,0,0,0,1.0,0,4,2,0,160000000.0
4 Bedroom Flat,4,4,Ikoyi Lagos,6.4516268,3.4117815,5.595874965201447,17.89581566309951,Ikoyi,1,Flat,0,0,0,1.0,0,5,4,0,550000000.0
2 Bedroom Apartment,2,2,Ikate Lekki Lagos,6.4711251,3.8147504,39.0638334712576,53.23478511464151,Lekki,1,Flat,0,0,0,1.0,0,4,2,0,80000000.0
5 Bedroom Detached Duplex,5,5,Chevron Drive Lekki Lagos,6.4711251,3.8147504,39.0638334712576,53.23478511464151,Lekki,1,Detached Duplex,0,0,0,1.0,0,4,5,0,600000000.0
1 Bedroom Apartment,1,1,Lekki Phase 1 Lekki Lagos,6.4711251,3.8147504,39.0638334712576,53.23478511464151,Lekki,1,Flat,0,0,0,1.0,0,4,1,0,200000000.0
Serviced Three Bedroom For Sale In Lekki Ikate,3,3,Ikate Lekki Lagos,6.4711251,3.8147504,39.0638334712576,53.23478511464151,Lekki,1,Other,0,0,0,1.0,1,4,3,1,150000000.0
4 Bedroom Carcass,4,4,Ikoyi Lagos,6.4516268,3.4117815,5.595874965201447,17.89581566309951,Ikoyi,1,Other,0,0,0,1.0,0,5,4,0,550000000.0
5 Bedroom Fully Detached Duplex,5,5,Chevron Drive Lekki Lagos,6.4711251,3.8147504,39.0638334712576,53.23478511464151,Lekki,1,Detached Duplex,0,0,0,1.0,0,4,5,0,600000000.0
Serviced 3 Bedroom Flat With 24hrs Light,3,3,Ikate Lekki Lagos,6.4711251,3.8147504,39.0638334712576,53.23478511464151,Lekki,1,Flat,0,0,0,1.0,1,4,3,1,150000000.0
2 Bedroom Apartment,2,2,Lekki Phase 1 Lekki Lagos,6.4711251,3.8147504,39.0638334712576,53.23478511464151,Lekki,1,Flat,0,0,0,1.0,0,4,2,0,400000000.0
Furnished 4 Bedroom Terrace Duplex,4,4,Chevron Drive Lekki Lagos,6.4711251,3.8147504,39.0638334712576,53.23478511464151,Lekki,1,Terrace,0,0,0,1.0,0,4,4,0,300000000.0
2 Bedroom Apartment,2,2,Ikate Lekki Lagos,6.4711251,3.8147504,39.0638334712576,53.23478511464151,Lekki,1,Flat,0,0,0,1.0,0,4,2,0,150000000.0
Serviced 3 Bedroom Apartment For Sale,3,3,Ikate Lekki Lagos,6.4711251,3.8147504,39.0638334712576,53.23478511464151,Lekki,1,Flat,0,0,0,1.0,1,4,3,1,150000000.0
3 Bedroom Apartment,0,0,Alfred Rewane Old Ikoyi Ikoyi Lagos,6.4516268,3.4117815,5.595874965201447,17.89581566309951,Ikoyi,1,Flat,0,0,0,0.0,0,5,0,0,600000000.0
10 Bay Warehouse,0,0,"Ikeja Industrial Estate, Ikeja Lagos",6.5974727,3.3432815,21.044803340125824,1.0271477798224158,Ikeja,0,Other,0,0,0,0.0,0,5,0,0,5000000000.0
4 Bedroom Detached Duplex,4,6,Royal Gardens Ajah Abraham Adesanya Estate Ajah Lagos,6.4694716,3.5623861,11.300377211002502,27.53491907587076,Ajah,1,Detached Duplex,0,0,0,1.5,0,4,4,0,450000000.0
Luxury 5 Bedroom Fully Detached Duplex,5,5,Lekki Phase 1 Lekki Lagos,6.4711251,3.8147504,39.0638334712576,53.23478511464151,Lekki,1,Detached Duplex,0,0,0,1.0,0,4,5,0,1200000000.0
2 Bedroom Apartment,2,2,Off Freedom Way Lekki Phase 1 Lekki Lagos,6.4711251,3.8147504,39.0638334712576,53.23478511464151,Lekki,1,Flat,0,0,0,1.0,0,4,2,0,150000000.0
2 Bedroom Apartment,2,2,Vgc Lekki Lagos,6.4711251,3.8147504,39.0638334712576,53.23478511464151,Lekki,1,Flat,0,0,0,1.0,0,4,2,0,95000000.0
5 Bedroom Fully Detached Duplex With Bq,5,5,Lekki Phase 1 Lekki Lagos,6.4711251,3.8147504,39.0638334712576,53.23478511464151,Lekki,1,Detached Duplex,0,1,0,1.0,0,4,5,0,800000000.0
Newly Built 5 Bedroom Detached Duplex,5,6,Lekki Palm City Ado Ajah Lagos,6.4711251,3.8147504,39.0638334712576,53.23478511464151,Lekki,1,Detached Duplex,0,0,1,1.2,0,4,5,1,225000000.0
5 Bedroom Detached Duplex,5,5,Lekki Phase 1 Lekki Lagos,6.4711251,3.8147504,39.0638334712576,53.23478511464151,Lekki,1,Detached Duplex,0,0,0,1.0,0,4,5,0,1500000000.0
1 Bedroom Apartment,1,1,Ikate Lekki Lagos,6.4711251,3.8147504,39.0638334712576,53.23478511464151,Lekki,1,Flat,0,0,0,1.0,0,4,1,0,110000000.0
5 Bedroom Detached Duplex,5,5,Lekki Phase 1 Lekki Lagos,6.4711251,3.8147504,39.0638334712576,53.23478511464151,Lekki,1,Detached Duplex,0,0,0,1.0,0,4,5,0,700000000.0
4 Bedroom Semi Detached Duplex With Bq,4,4,Lekki Palm City Estate Ado Ajah Lagos,6.4711251,3.8147504,39.0638334712576,53.23478511464151,Lekki,1,Detached Duplex,0,1,0,1.0,0,4,4,0,140000000.0
5 Bedroom Detached Duplex,5,5,Orchid Lekki Lagos,6.4711251,3.8147504,39.0638334712576,53.23478511464151,Lekki,1,Detached Duplex,0,0,0,1.0,0,4,5,0,370000000.0
2 Bedroom Apartment,2,2,Ikota Lekki Lagos,6.4711251,3.8147504,39.0638334712576,53.23478511464151,Lekki,1,Flat,0,0,0,1.0,0,4,2,0,80000000.0
4 Bedroom Terrace Duplex,4,4,Ikate Lekki Lagos,6.4711251,3.8147504,39.0638334712576,53.23478511464151,Lekki,1,Terrace,0,0,0,1.0,0,4,4,0,300000000.0
Newly Built Shop Size Of 25 Sqm,0,0,Orchid Road Orchid Lekki Lagos,6.4711251,3.8147504,39.0638334712576,53.23478511464151,Lekki,1,Other,0,0,1,0.0,0,4,0,1,58750000.0
5 Bedroom Detached Duplex,5,6,Ikate Lekki Lagos,6.4711251,3.8147504,39.0638334712576,53.23478511464151,Lekki,1,Detached Duplex,0,0,0,1.2,0,4,5,0,750000000.0
New 2 Bedroom Apartment With Pool/gym/elevator,2,2,Ikate Lekki Lagos,6.4711251,3.8147504,39.0638334712576,53.23478511464151,Lekki,1,Flat,1,0,0,1.0,0,4,2,1,170000000.0
Newly Built 2 Bedroom Apartment,2,2,Ikate Lekki Lagos,6.4711251,3.8147504,39.0638334712576,53.23478511464151,Lekki,1,Flat,0,0,1,1.0,0,4,2,1,190000000.0
2 Bedroom Apartment,2,2,Ikate Lekki Lagos,6.4711251,3.8147504,39.0638334712576,53.23478511464151,Lekki,1,Flat,0,0,0,1.0,0,4,2,0,140000000.0
5 Bedroom Fully Detached Duplex,5,5,Lekki Palm City Estate Ado Ajah Lagos,6.4711251,3.8147504,39.0638334712576,53.23478511464151,Lekki,1,Detached Duplex,0,0,0,1.0,0,4,5,0,250000000.0
4 Bedroom Apartment,4,4,Ikate Lekki Lagos,6.4711251,3.8147504,39.0638334712576,53.23478511464151,Lekki,1,Flat,0,0,0,1.0,0,4,4,0,350000000.0
2 Bedroom Apartment,2,2,Igbo Efon Lekki Lagos,6.4711251,3.8147504,39.0638334712576,53.23478511464151,Lekki,1,Flat,0,0,0,1.0,0,4,2,0,100000000.0
Newly Built 4 Bedroom Terrace Duplex,4,4,Ologolo Lekki Lagos,6.4711251,3.8147504,39.0638334712576,53.23478511464151,Lekki,1,Terrace,0,0,1,1.0,0,4,4,1,200000000.0
Newly Built 2 Bedroom Apartment,2,2,Ikate Lekki Lagos,6.4711251,3.8147504,39.0638334712576,53.23478511464151,Lekki,1,Flat,0,0,1,1.0,0,4,2,1,160000000.0
4 Bedroom Detached Duplex With Bq,4,4,Ologolo Lekki Lagos,6.4711251,3.8147504,39.0638334712576,53.23478511464151,Lekki,1,Detached Duplex,0,1,0,1.0,0,4,4,0,250000000.0
3 Bedroom Apartment With Bq,3,3,Lekki Phase 1 Lekki Lagos,6.4711251,3.8147504,39.0638334712576,53.23478511464151,Lekki,1,Flat,0,1,0,1.0,0,4,3,0,340000000.0
2 Bedroom Apartment,2,2,Ikate Lekki Lagos,6.4711251,3.8147504,39.0638334712576,53.23478511464151,Lekki,1,Flat,0,0,0,1.0,0,4,2,0,220000000.0
Newly Built Shop Size Of 97 Square Meter,0,0,Orchid Road Orchid Lekki Lagos,6.4711251,3.8147504,39.0638334712576,53.23478511464151,Lekki,1,Other,0,0,1,0.0,0,4,0,1,224000000.0
Luxury 5 Bedroom Detached Duplex,5,5,Lekki Phase 1 Lekki Lagos,6.4711251,3.8147504,39.0638334712576,53.23478511464151,Lekki,1,Detached Duplex,0,0,0,1.0,0,4,5,0,1300000000.0
Studio Apartment,1,1,Ikate Lekki Lagos,6.4711251,3.8147504,39.0638334712576,53.23478511464151,Lekki,1,Flat,0,0,0,1.0,0,4,1,0,100000000.0
Spacious 3 Bedroom Apartment,3,3,Ibeju Lekki Lagos,6.4711251,3.8147504,39.0638334712576,53.23478511464151,Lekki,1,Flat,0,0,0,1.0,0,4,3,0,45000000.0
Newly Built 2 Bedroom Apartment,2,2,Ologolo Lekki Lagos,6.4711251,3.8147504,39.0638334712576,53.23478511464151,Lekki,1,Flat,0,0,1,1.0,0,4,2,1,100000000.0
Spacious 4 Bedroom Terrace Duplex With Bq,4,4,Ikate Lekki Lagos,6.4711251,3.8147504,39.0638334712576,53.23478511464151,Lekki,1,Terrace,0,1,0,1.0,0,4,4,0,310000000.0
4 Bedroom Terrace Duplex,4,4,Victoria Island Lagos,6.4300279,3.4259904,4.5315928067815925,20.705813048742375,Victoria Island,1,Terrace,0,0,0,1.0,0,5,4,0,650000000.0
4 Bedroom Semi Detached Duplex,4,4,Orchid Lekki Lagos,6.4711251,3.8147504,39.0638334712576,53.23478511464151,Lekki,1,Detached Duplex,0,0,0,1.0,0,4,4,0,195000000.0
5 Bedroom Fully Detached Duplex With 2 Bq,5,5,Admiralty Road Lekki Lagos,6.4711251,3.8147504,39.0638334712576,53.23478511464151,Lekki,1,Detached Duplex,0,1,0,1.0,0,4,5,0,1300000000.0
5 Bedroom Detached Duplex,5,5,Osapa London Lekki Lagos,6.4711251,3.8147504,39.0638334712576,53.23478511464151,Lekki,1,Detached Duplex,0,0,0,1.0,0,4,5,0,750000000.0
Contemporary 5 Bedroom Detached Duplex,5,5,Vgc Lekki Lagos,6.4711251,3.8147504,39.0638334712576,53.23478511464151,Lekki,1,Detached Duplex,0,0,0,1.0,0,4,5,0,350000000.0
2 Bedroom Terrace Duplex,2,2,Ikota Lekki Lagos,6.4711251,3.8147504,39.0638334712576,53.23478511464151,Lekki,1,Terrace,0,0,0,1.0,0,4,2,0,75000000.0
5 Bedroom Detached Duplex,5,6,Orchid Lekki Lagos,6.4711251,3.8147504,39.0638334712576,53.23478511464151,Lekki,1,Detached Duplex,0,0,0,1.2,0,4,5,0,420000000.0
5 Bedroom Detached Duplex In A Prestigious Estate,5,5,Pinnock Estate Osapa London Lekki Lagos,6.4711251,3.8147504,39.0638334712576,53.23478511464151,Lekki,1,Detached Duplex,0,0,0,1.0,1,4,5,1,1800000000.0
5 Bedroom Fully Detached Duplex,5,5,Lekki Palm City Estate Ado Ajah Lagos,6.4711251,3.8147504,39.0638334712576,53.23478511464151,Lekki,1,Detached Duplex,0,0,0,1.0,0,4,5,0,280000000.0
4 Bedroom Semi Detached Duplex,4,4,Lekki Conservation Road Chevron Lekki Lagos,6.4711251,3.8147504,39.0638334712576,53.23478511464151,Lekki,1,Detached Duplex,0,0,0,1.0,0,4,4,0,135000000.0
4 Bedroom Detached Duplex With Bq,4,4,Ikota Lekki Lagos,6.4711251,3.8147504,39.0638334712576,53.23478511464151,Lekki,1,Detached Duplex,0,1,0,1.0,0,4,4,0,200000000.0
2 Bedroom Apartment,2,2,Ikate Lekki Lagos,6.4711251,3.8147504,39.0638334712576,53.23478511464151,Lekki,1,Flat,0,0,0,1.0,0,4,2,0,152000000.0
3 Bedroom Apartment,3,3,Ikate Lekki Lagos,6.4711251,3.8147504,39.0638334712576,53.23478511464151,Lekki,1,Flat,0,0,0,1.0,0,4,3,0,300000000.0
5 Bedroom Detached Duplex With Pool,5,5,Lekki Phase 1 Lekki Lagos,6.4711251,3.8147504,39.0638334712576,53.23478511464151,Lekki,1,Detached Duplex,1,0,0,1.0,0,4,5,1,850000000.0
4 Bedroom Terrace Duplex With Flexible Payment Plan,4,4,Osapa London Lekki Lagos,6.4711251,3.8147504,39.0638334712576,53.23478511464151,Lekki,1,Terrace,0,0,0,1.0,0,4,4,0,205000000.0
Newly Built 4 Bedroom Terrace Duplex,4,4,Ologolo Lekki Lagos,6.4711251,3.8147504,39.0638334712576,53.23478511464151,Lekki,1,Terrace,0,0,1,1.0,0,4,4,1,150000000.0
4 Bedroom Fully Detached Duplex With Bq,4,4,Igbo Efon Lekki Lagos,6.4711251,3.8147504,39.0638334712576,53.23478511464151,Lekki,1,Detached Duplex,0,1,0,1.0,0,4,4,0,230000000.0
Newly Built Shop Size Of 27 Square Meter,3,0,Orchid Road Orchid Lekki Lagos,6.4711251,3.8147504,39.0638334712576,53.23478511464151,Lekki,1,Other,0,0,1,0.0,0,4,3,1,62100000.0
Spacious 4 Bedroom Terrace Duplex,4,4,Vgc Lekki Lagos,6.4711251,3.8147504,39.0638334712576,53.23478511464151,Lekki,1,Terrace,0,0,0,1.0,0,4,4,0,135000000.0
3 Bedroom Apartment In An Estate,3,3,Ikate Lekki Lagos,6.4711251,3.8147504,39.0638334712576,53.23478511464151,Lekki,1,Flat,0,0,0,1.0,1,4,3,1,260000000.0
Fully Serviced 4 Bedroom Terraced Duplex With Bq,4,4,Ikate Lekki Lagos,6.4711251,3.8147504,39.0638334712576,53.23478511464151,Lekki,1,Terrace,0,1,0,1.0,1,4,4,1,300000000.0
3 Bedroom Semi Detached Duplex,3,3,Ikota Lekki Lagos,6.4711251,3.8147504,39.0638334712576,53.23478511464151,Lekki,1,Detached Duplex,0,0,0,1.0,0,4,3,0,115000000.0
1 Bedroom Apartment,1,1,Vgc Lekki Lagos,6.4711251,3.8147504,39.0638334712576,53.23478511464151,Lekki,1,Flat,0,0,0,1.0,0,4,1,0,85000000.0
4 Bedroom Semi Detached Duplex,4,4,Orchid Lekki Lagos,6.4711251,3.8147504,39.0638334712576,53.23478511464151,Lekki,1,Detached Duplex,0,0,0,1.0,0,4,4,0,220000000.0
Furnished 3 Bedroom Terrace Duplex,3,3,Orchid Road Orchid Lekki Lagos,6.4711251,3.8147504,39.0638334712576,53.23478511464151,Lekki,1,Terrace,0,0,0,1.0,0,4,3,0,125000000.0
Newly Built 4 Bedroom Semi Detached Duplex With Bq,4,4,Ikota Lekki Lagos,6.4711251,3.8147504,39.0638334712576,53.23478511464151,Lekki,1,Detached Duplex,0,1,1,1.0,0,4,4,1,200000000.0
5 Bedroom Terrace Duplex With Flexible Payment Plan,5,5,Gbangbala Street Ikate Lekki Lagos,6.4711251,3.8147504,39.0638334712576,53.23478511464151,Lekki,1,Terrace,0,0,0,1.0,0,4,5,0,350000000.0
2 Bedroom Apartment,2,2,Lekki Phase 1 Lekki Lagos,6.4711251,3.8147504,39.0638334712576,53.23478511464151,Lekki,1,Flat,0,0,0,1.0,0,4,2,0,190000000.0
"5 Bedroom Detached Duplex With Cinema, Etc",5,5,Osapa London Lekki Lagos,6.4711251,3.8147504,39.0638334712576,53.23478511464151,Lekki,1,Detached Duplex,0,0,0,1.0,0,4,5,0,650000000.0
4 Bedroom Terrace Duplex With Pool,4,4,Ikate Lekki Lagos,6.4711251,3.8147504,39.0638334712576,53.23478511464151,Lekki,1,Terrace,1,0,0,1.0,0,4,4,1,300000000.0
Newly Built Two Bedroom Apartment With Pool,2,2,Ajah Lekki Lekki Scheme 2 Ajah Lagos,6.4711251,3.8147504,39.0638334712576,53.23478511464151,Lekki,1,Flat,1,0,1,1.0,0,4,2,2,85000000.0
Luxury 5 Bedroom Fully Detached House + Bq,5,5,Chevron Tollgate Lekki Lagos Chevron Toll Gate Lekki Lagos,6.4711251,3.8147504,39.0638334712576,53.23478511464151,Lekki,1,Detached Duplex,0,1,0,1.0,0,4,5,0,520000000.0
Contemporary Five Bedroom Fully Detached House,5,5,Lekki 1 Lagos Lekki Phase 1 Lekki Lagos,6.4711251,3.8147504,39.0638334712576,53.23478511464151,Lekki,1,Detached Duplex,0,0,0,1.0,0,4,5,0,1500000000.0
Luxury 5 Bedroom Detached Duplex With Bq,5,5,"Osapa, Lekki Phase 2 Lekki Lagos",6.4711251,3.8147504,39.0638334712576,53.23478511464151,Lekki,1,Detached Duplex,0,1,0,1.0,0,4,5,0,550000000.0
Newly Built 5 Bedroom Detached House,5,5,Ajah Lekki Lagos Off Lekki Epe Expressway Ajah Lagos,6.4711251,3.8147504,39.0638334712576,53.23478511464151,Lekki,1,Detached Duplex,0,0,1,1.0,0,4,5,1,300000000.0
5 Bedroom Fully Detached House,5,5,Osapa Lekki Lagos Osapa London Lekki Lagos,6.4711251,3.8147504,39.0638334712576,53.23478511464151,Lekki,1,Detached Duplex,0,0,0,1.0,0,4,5,0,1550000000.0
Fully Serviced Two Bedroom Apartment Available,2,2,Vi Lagos Oniru Victoria Island Lagos,6.4300279,3.4259904,4.5315928067815925,20.705813048742375,Victoria Island,1,Flat,0,0,0,1.0,1,5,2,1,330000000.0
Luxury 5 Bedroom Detached Duplex With Bq,5,5,Ikota Villa Estate Lekki Lagos,6.4711251,3.8147504,39.0638334712576,53.23478511464151,Lekki,1,Detached Duplex,0,1,0,1.0,0,4,5,0,460000000.0
2 Bedroom Apartment,2,2,Lekki Sangotedo Ajah Lagos,6.4711251,3.8147504,39.0638334712576,53.23478511464151,Lekki,1,Flat,0,0,0,1.0,0,4,2,0,37000000.0
Spacious Four Bedroom Semi Detached House With Bq,4,4,Idado Lekki Lagos Idado Lekki Lagos,6.4711251,3.8147504,39.0638334712576,53.23478511464151,Lekki,1,Detached Duplex,0,1,0,1.0,0,4,4,0,250000000.0
Newly Built Two Bedroom Apartment Available,2,2,Ikate Lekki Lagos Ikate Lekki Lagos,6.4711251,3.8147504,39.0638334712576,53.23478511464151,Lekki,1,Flat,0,0,1,1.0,0,4,2,1,200000000.0
5 Bedroom Detached House,5,5,Orchid Lekkki Lekki Phase 2 Lekki Lagos,6.4711251,3.8147504,39.0638334712576,53.23478511464151,Lekki,1,Detached Duplex,0,0,0,1.0,0,4,5,0,385000000.0
5 Bedroom Detached House,5,5,Ajah Lekki Lagos Ajah Lagos,6.4711251,3.8147504,39.0638334712576,53.23478511464151,Lekki,1,Detached Duplex,0,0,0,1.0,0,4,5,0,320000000.0
Newly Built 2 Bedroom Apartment,2,2,Lekki 1 Lagos Lekki Phase 1 Lekki Lagos,6.4711251,3.8147504,39.0638334712576,53.23478511464151,Lekki,1,Flat,0,0,1,1.0,0,4,2,1,200000000.0
Newly Built Three Bedroom Apartment With Bq,3,3,Ikate Lekki Lagos Lekki Phase 2 Lekki Lagos,6.4711251,3.8147504,39.0638334712576,53.23478511464151,Lekki,1,Flat,0,1,1,1.0,0,4,3,1,300000000.0
Newly Built Two Bedroom Apartment,2,2,Ikate Lekki Lagos Ikate Lekki Lagos,6.4711251,3.8147504,39.0638334712576,53.23478511464151,Lekki,1,Flat,0,0,1,1.0,0,4,2,1,180000000.0
Five Bedroom Fully Detached House With Pool,5,5,Vgc Extension Lekki Vgc Lekki Lagos,6.4711251,3.8147504,39.0638334712576,53.23478511464151,Lekki,1,Detached Duplex,1,0,0,1.0,0,4,5,1,370000000.0
Newly Built 4 Bedroom Semi Detached House,4,4,Ajah Lekki Lagos Off Lekki Epe Expressway Ajah Lagos,6.4711251,3.8147504,39.0638334712576,53.23478511464151,Lekki,1,Detached Duplex,0,0,1,1.0,0,4,4,1,140000000.0
Newly Built Five Bedroom Detached House,5,5,Vgc Lekki Lagos Vgc Lekki Lagos,6.4711251,3.8147504,39.0638334712576,53.23478511464151,Lekki,1,Detached Duplex,0,0,1,1.0,0,4,5,1,320000000.0
Newly Built 4 Bedroom Semi Detached House,4,4,Ajah Lekki Lagos Off Lekki Epe Expressway Ajah Lagos,6.4711251,3.8147504,39.0638334712576,53.23478511464151,Lekki,1,Detached Duplex,0,0,1,1.0,0,4,4,1,135000000.0
Newly Built 5 Bedroom Detached Duplex With Bq,5,5,Lekki Phase 1 Lekki Lagos,6.4711251,3.8147504,39.0638334712576,53.23478511464151,Lekki,1,Detached Duplex,0,1,1,1.0,0,4,5,1,1500000000.0
Newly Built Five Bedroom Fully Detached House With Bq,5,5,Lekki Lagos Lekki Phase 1 Lekki Lagos,6.4711251,3.8147504,39.0638334712576,53.23478511464151,Lekki,1,Detached Duplex,0,1,1,1.0,0,4,5,1,970000000.0
Newly Built 4 Bedroom Detached House With Bq,4,4,Ajah Lekki Lagos Ajah Lagos,6.4711251,3.8147504,39.0638334712576,53.23478511464151,Lekki,1,Detached Duplex,0,1,1,1.0,0,4,4,1,260000000.0
2 Bedroom Apartment,2,2,Lekki 1 Lagos Lekki Phase 1 Lekki Lagos,6.4711251,3.8147504,39.0638334712576,53.23478511464151,Lekki,1,Flat,0,0,0,1.0,0,4,2,0,290000000.0
Newly Built 4 Bedroom Detached House,4,4,Pennisula Estate Sangotedo Ajah Sangotedo Ajah Lagos,6.4694716,3.5623861,11.300377211002502,27.53491907587076,Ajah,1,Detached Duplex,0,0,1,1.0,0,4,4,1,190000000.0
Contemporary 5 Bedroom Fully Detached Duplex,5,5,Lekki Phase 1 Lekki Lagos,6.4711251,3.8147504,39.0638334712576,53.23478511464151,Lekki,1,Detached Duplex,0,0,0,1.0,0,4,5,0,800000000.0
5 Bedroom Fully Detached Duplex,5,6,Lekki Phase 1 Lekki Lagos,6.4711251,3.8147504,39.0638334712576,53.23478511464151,Lekki,1,Detached Duplex,0,0,0,1.2,0,4,5,0,850000000.0
Brand New 5 Bed Fully Detached Duplex With Bq,5,5,Ajah Off Lekki Expressway Along Lekki Expressway Lekki Lagos,6.4711251,3.8147504,39.0638334712576,53.23478511464151,Lekki,1,Detached Duplex,0,1,1,1.0,0,4,5,1,280000000.0
5 Bed Waterfront Mansion With Private Jetty,5,7,Banana Island Ikoyi Lagos,6.4600581,3.4593152,1.2666850782568917,19.69523211516851,Banana Island,1,Other,0,0,0,1.4,0,5,5,0,30000000.0
Newly Built 4 Bedroom Fully Detached Duplex With Bq,0,0,Ogba Lagos,6.632608,3.3407753,24.350383789462544,3.607540599553692,Ogba,0,Detached Duplex,0,1,1,0.0,0,4,0,1,350000000.0
Newly Built Executive 4 Bedroom Duplex,4,0,Ogba Lagos,6.632608,3.3407753,24.350383789462544,3.607540599553692,Ogba,0,Duplex,0,0,1,0.0,0,4,0,1,450000000.0
4 Bedroom Semi Detached Duplex With Bq,4,0,Ajah Lagos,6.4694716,3.5623861,11.300377211002502,27.53491907587076,Ajah,1,Detached Duplex,0,1,0,0.0,0,4,4,0,145000000.0
4 Bedroom Duplex,4,0,P & T Estate Ipaja Lagos,6.6072725,3.2842771,26.344770640138854,7.458481118377319,Ipaja,0,Duplex,0,0,0,0.0,0,2,0,0,200000000.0
4 Bedroom Semi Detached Duplex With Bq,4,0,Mende Maryland Lagos,6.5731894,3.3699482,17.11608804854042,3.764744899090711,Maryland,0,Detached Duplex,0,1,0,0.0,0,4,0,0,200000000.0
6 Bedroom Duplex With Block Of Flats,0,0,Peace Estate Command Ipaja Lagos,6.6072725,3.2842771,26.344770640138854,7.458481118377319,Ipaja,0,Flat,0,0,0,0.0,0,2,0,0,200000000.0
5 Bedroom Fully Detached Duplex With Bq,5,0,Ajah Lagos,6.4694716,3.5623861,11.300377211002502,27.53491907587076,Ajah,1,Detached Duplex,0,1,0,0.0,0,4,5,0,300000000.0
4 Bedroom Duplex,4,0,Highcastle Estate P&t Ipaja Lagos,6.6072725,3.2842771,26.344770640138854,7.458481118377319,Ipaja,0,Duplex,0,0,0,0.0,0,2,0,0,200000000.0
2/3 Bedroom Maisonette With Bq,0,0,Surulere Lagos,6.4855737,3.3539907,12.645023012159903,12.856266720612217,Surulere,0,Other,0,1,0,0.0,0,4,0,0,105000000.0
5 Bedroom Fully Detached Duplex With Bq,5,0,Magodo Phase 1 Isheri Ojodu Lagos,6.6180809,3.3777821,20.90484087396468,3.4188985746987237,Magodo,0,Detached Duplex,0,1,0,0.0,0,4,0,0,420000000.0
4 Bedroom Fully Detached Duplex With Bq,0,0,Magodo Phase 1 Ojodu Lagos,6.6180809,3.3777821,20.90484087396468,3.4188985746987237,Magodo,0,Detached Duplex,0,1,0,0.0,0,4,0,0,450000000.0
Newly Built 4 Bedroom Terraced Duplex With Bq,4,0,Ikeja Lagos,6.5974727,3.3432815,21.044803340125824,1.0271477798224158,Ikeja,0,Terrace,0,1,1,0.0,0,5,0,1,250000000.0
New 5 Bedroom Terrace Duplex + Bq,5,0,Shonibare Estate Maryland Lagos,6.5731894,3.3699482,17.11608804854042,3.764744899090711,Maryland,0,Terrace,0,1,0,0.0,0,4,0,0,380000000.0
Block Of Flats,0,0,Ogba Lagos,6.632608,3.3407753,24.350383789462544,3.607540599553692,Ogba,0,Flat,0,0,0,0.0,0,4,0,0,300000000.0
4 Bedroom Semi Detached Duplex,4,0,Maryland Lagos,6.5731894,3.3699482,17.11608804854042,3.764744899090711,Maryland,0,Detached Duplex,0,0,0,0.0,0,4,0,0,260000000.0
5 Bedroom Fully Detached Duplex With Bq,5,0,Adeniyi Jones Ikeja Lagos,6.5974727,3.3432815,21.044803340125824,1.0271477798224158,Ikeja,0,Detached Duplex,0,1,0,0.0,0,5,0,0,700000000.0
5 Bedroom Detached Duplex,5,6,Lekki Phase 1 Lekki Lagos,6.4711251,3.8147504,39.0638334712576,53.23478511464151,Lekki,1,Detached Duplex,0,0,0,1.2,0,4,5,0,980000000.0
Mixed Use Building,0,0,Victoria Island Lagos,6.4300279,3.4259904,4.5315928067815925,20.705813048742375,Victoria Island,1,Other,0,0,0,0.0,0,5,0,0,17000000.0
7 Bedroom Mansion,7,0,Ikeja Gra Ikeja Lagos,6.5974727,3.3432815,21.044803340125824,1.0271477798224158,Ikeja,0,Other,0,0,0,0.0,0,5,0,0,1800000000.0
3 Bedroom Semi Detached Duplex,3,0,Kay Farm Estate Ogba Lagos,6.632608,3.3407753,24.350383789462544,3.607540599553692,Ogba,0,Detached Duplex,0,0,0,0.0,0,4,0,0,140000000.0
5 Bedroom Terraced Duplex,5,0,Opebi Ikeja Lagos,6.5974727,3.3432815,21.044803340125824,1.0271477798224158,Ikeja,0,Terrace,0,0,0,0.0,0,5,0,0,340000000.0
5 Bedroom Fully Detached Duplex With Bq,0,0,Magodo Gra Phase 2 Kosofe Ikosi Lagos,6.6180809,3.3777821,20.90484087396468,3.4188985746987237,Magodo,0,Detached Duplex,0,1,0,0.0,0,4,0,0,800000000.0
6 Bedroom Duplex,6,0,Orisunbare Alimosho Lagos,6.5843882,3.2575876,27.144835989600622,10.56259673623399,Alimosho,0,Duplex,0,0,0,0.0,0,4,0,0,270000000.0
Newly Built 4 Bedroom Penthouse With Bq,4,4,Victoria Island Lagos,6.4300279,3.4259904,4.5315928067815925,20.705813048742375,Victoria Island,1,Other,0,1,1,1.0,0,5,4,1,1000000000.0
3 Bedroom Flats,3,0,"Awuse Estate, Opebi Ikeja Lagos",6.5974727,3.3432815,21.044803340125824,1.0271477798224158,Ikeja,0,Flat,0,0,0,0.0,0,5,0,0,155000000.0
4 Bedroom Semi Detached Duplex With Bq,4,0,"Off College Road, Ogba Lagos",6.632608,3.3407753,24.350383789462544,3.607540599553692,Ogba,0,Detached Duplex,0,1,0,0.0,0,4,0,0,250000000.0
Newly Built 4 Bedroom Duplex,4,0,Kay Farm Estate Ogba Lagos,6.632608,3.3407753,24.350383789462544,3.607540599553692,Ogba,0,Duplex,0,0,1,0.0,0,4,0,1,250000000.0
4 Bedroom Semi Detached Duplex With Bq,4,0,Mende Maryland Lagos,6.5731894,3.3699482,17.11608804854042,3.764744899090711,Maryland,0,Detached Duplex,0,1,0,0.0,0,4,0,0,280000000.0
Newly Built 3 Bedroom Flat,3,0,Allen Avenue Ikeja Lagos,6.5974727,3.3432815,21.044803340125824,1.0271477798224158,Ikeja,0,Flat,0,0,1,0.0,0,5,0,1,185000000.0
5 Bedroom Fully Detached Duplex With Bq,5,0,Opebi Ikeja Lagos,6.5974727,3.3432815,21.044803340125824,1.0271477798224158,Ikeja,0,Detached Duplex,0,1,0,0.0,0,5,0,0,520000000.0
5 Bedroom Fully Detached Duplex With Bq,5,0,Lekki Phase 1 Lekki Lagos,6.4711251,3.8147504,39.0638334712576,53.23478511464151,Lekki,1,Detached Duplex,0,1,0,0.0,0,4,5,0,750000000.0
5 Bedrooms Fully Detached Duplex,5,0,Ikeja Gra Ikeja Lagos,6.5974727,3.3432815,21.044803340125824,1.0271477798224158,Ikeja,0,Detached Duplex,0,0,0,0.0,0,5,0,0,1200000000.0
5 Bedroom Terrace Duplex + Bq,4,0,Shonibare Estate Maryland Lagos,6.5731894,3.3699482,17.11608804854042,3.764744899090711,Maryland,0,Terrace,0,1,0,0.0,0,4,0,0,380000000.0
5 Bedroom Fully Detached Duplex Plus Bq,5,0,Opebi Ikeja Lagos,6.5974727,3.3432815,21.044803340125824,1.0271477798224158,Ikeja,0,Detached Duplex,0,1,0,0.0,0,5,0,0,520000000.0
Newly Built 4 Bedroom Duplex With Bq,0,0,Egbeda Alimosho Lagos,6.5843882,3.2575876,27.144835989600622,10.56259673623399,Alimosho,0,Duplex,0,1,1,0.0,0,4,0,1,300000000.0
5 Bedroom Detached Duplex With Bq,5,0,Magodo Phase 2 Ojodu Lagos,6.6180809,3.3777821,20.90484087396468,3.4188985746987237,Magodo,0,Detached Duplex,0,1,0,0.0,0,4,0,0,500000000.0
New 5 Bedroom Terraced Duplex With Bq,5,0,Shonibare Estate Maryland Lagos,6.5731894,3.3699482,17.11608804854042,3.764744899090711,Maryland,0,Terrace,0,1,0,0.0,0,4,0,0,380000000.0
Brand New 3 Bedroom Flat,3,0,Allen Avenue Ikeja Lagos,6.5974727,3.3432815,21.044803340125824,1.0271477798224158,Ikeja,0,Flat,0,0,1,0.0,0,5,0,1,185000000.0
2 Bedroom Apartment,2,0,Ikeja Lagos,6.5974727,3.3432815,21.044803340125824,1.0271477798224158,Ikeja,0,Flat,0,0,0,0.0,0,5,0,0,190000000.0
4 Bedroom Terrace Duplex,4,0,Ikota Lekki Lagos,6.4711251,3.8147504,39.0638334712576,53.23478511464151,Lekki,1,Terrace,0,0,0,0.0,0,4,4,0,145000000.0
5 Bedroom Fully Detached House With Bq,5,0,Adeniyi Jones Ikeja Lagos,6.5974727,3.3432815,21.044803340125824,1.0271477798224158,Ikeja,0,Detached Duplex,0,1,0,0.0,0,5,0,0,700000000.0
Newly Built 4 Bedroom Duplex,4,0,Adeniyi Jones Ikeja Lagos,6.5974727,3.3432815,21.044803340125824,1.0271477798224158,Ikeja,0,Duplex,0,0,1,0.0,0,5,0,1,480000000.0
10 Floors Building,0,0,Victoria Island Lagos,6.4300279,3.4259904,4.5315928067815925,20.705813048742375,Victoria Island,1,Other,0,0,0,0.0,0,5,0,0,25000000000.0
Newly Built 5 Bedroom Fully Detached Duplex With Bq,5,0,Ikeja Lagos,6.5974727,3.3432815,21.044803340125824,1.0271477798224158,Ikeja,0,Detached Duplex,0,1,1,0.0,0,5,0,1,340000000.0
6 Units Of 2 Bedroom Flat,0,0,Ikeja Lagos,6.5974727,3.3432815,21.044803340125824,1.0271477798224158,Ikeja,0,Flat,0,0,0,0.0,0,5,0,0,450000000.0
5 Bedroom Fully Detached Duplex With 2 Bedroom Flat,0,0,Gemade Estate Egbeda Alimosho Lagos,6.5843882,3.2575876,27.144835989600622,10.56259673623399,Alimosho,0,Detached Duplex,0,0,0,0.0,0,4,0,0,320000000.0
Newly Built 4 Bedroom Terraced Duplex,4,0,Surulere Lagos,6.4855737,3.3539907,12.645023012159903,12.856266720612217,Surulere,0,Terrace,0,0,1,0.0,0,4,0,1,200000000.0
3 Bedroom Flat,3,0,Alausa Ikeja Lagos,6.5974727,3.3432815,21.044803340125824,1.0271477798224158,Ikeja,0,Flat,0,0,0,0.0,0,5,0,0,250000000.0
14 Units Of 2/3 Bedroom Apartment,0,0,Gbagada Lagos,6.558073,3.3836208,14.873848626382443,6.000235705174417,Gbagada,0,Flat,0,0,0,0.0,0,4,0,0,600000000.0
5 Bedroom Fully Detached Duplex,5,0,Ikeja Gra Ikeja Lagos,6.5974727,3.3432815,21.044803340125824,1.0271477798224158,Ikeja,0,Detached Duplex,0,0,0,0.0,0,5,0,0,1100000000.0
3 Bedroom Apartment,3,3,Lekki Phase 1 Lekki Lagos,6.4711251,3.8147504,39.0638334712576,53.23478511464151,Lekki,1,Flat,0,0,0,1.0,0,4,3,0,300000000.0
2 Bedroom Apartment,2,2,Lekki Phase 1 Lekki Lagos,6.4711251,3.8147504,39.0638334712576,53.23478511464151,Lekki,1,Flat,0,0,0,1.0,0,4,2,0,290000000.0
4 Bedroom Semi Detached Duplex,4,4,Ikate Lekki Lagos,6.4711251,3.8147504,39.0638334712576,53.23478511464151,Lekki,1,Detached Duplex,0,0,0,1.0,0,4,4,0,300000000.0
2 Bedroom Apartment,2,2,Oniru Victoria Island Lagos,6.4300279,3.4259904,4.5315928067815925,20.705813048742375,Victoria Island,1,Flat,0,0,0,1.0,0,5,2,0,305000000.0
5 Bedroom Detached Duplex,5,5,Ikate Lekki Lagos,6.4711251,3.8147504,39.0638334712576,53.23478511464151,Lekki,1,Detached Duplex,0,0,0,1.0,0,4,5,0,550000000.0
4 Bedroom Terrace Duplex,4,4,Orchid Lekki Lagos,6.4711251,3.8147504,39.0638334712576,53.23478511464151,Lekki,1,Terrace,0,0,0,1.0,0,4,4,0,120000000.0
4 Bedroom Semi Detached Duplex,4,4,Ado Road Ajah Lagos,6.4694716,3.5623861,11.300377211002502,27.53491907587076,Ajah,1,Detached Duplex,0,0,0,1.0,0,4,4,0,155000000.0
4 Bedroom Terrace Duplex,4,4,Ikota Lekki Lagos,6.4711251,3.8147504,39.0638334712576,53.23478511464151,Lekki,1,Terrace,0,0,0,1.0,0,4,4,0,100000000.0
2 Bedroom Apartment,2,2,Oniru Victoria Island Lagos,6.4300279,3.4259904,4.5315928067815925,20.705813048742375,Victoria Island,1,Flat,0,0,0,1.0,0,5,2,0,290000000.0
4 Bedroom Penthouse With Bq,4,4,Lekki Phase 1 Lekki Lagos,6.4711251,3.8147504,39.0638334712576,53.23478511464151,Lekki,1,Other,0,1,0,1.0,0,4,4,0,580000000.0
5 Bedroom Semi Detached Duplex,5,5,Ikate Lekki Lagos,6.4711251,3.8147504,39.0638334712576,53.23478511464151,Lekki,1,Detached Duplex,0,0,0,1.0,0,4,5,0,280000000.0
5 Bedroom Fully Detached Duplex,5,5,Orchid Road Lekki Lagos,6.4711251,3.8147504,39.0638334712576,53.23478511464151,Lekki,1,Detached Duplex,0,0,0,1.0,0,4,5,0,750000000.0
5 Bedroom Semi Detached Duplex,5,5,Banana Island Ikoyi Lagos,6.4600581,3.4593152,1.2666850782568917,19.69523211516851,Banana Island,1,Detached Duplex,0,0,0,1.0,0,5,5,0,5000000.0
4 Bedroom Detached Duplex,4,4,Ikota Lekki Lagos,6.4711251,3.8147504,39.0638334712576,53.23478511464151,Lekki,1,Detached Duplex,0,0,0,1.0,0,4,4,0,300000000.0
4 Bedroom Terraced Duplex,4,4,Ikate Lekki Lagos,6.4711251,3.8147504,39.0638334712576,53.23478511464151,Lekki,1,Terrace,0,0,0,1.0,0,4,4,0,260000000.0
5 Bedroom Detached Duplex,5,5,Orchid Lekki Lagos,6.4711251,3.8147504,39.0638334712576,53.23478511464151,Lekki,1,Detached Duplex,0,0,0,1.0,0,4,5,0,650000000.0
4 Bedroom Terrace Duplex,4,4,Orchid Lekki Lagos,6.4711251,3.8147504,39.0638334712576,53.23478511464151,Lekki,1,Terrace,0,0,0,1.0,0,4,4,0,130000000.0
3 Bedroom Apartment,3,3,Orchid Lekki Lagos,6.4711251,3.8147504,39.0638334712576,53.23478511464151,Lekki,1,Flat,0,0,0,1.0,0,4,3,0,110000000.0
4 Bedroom Semi Detached Duplex With Bq,4,4,Ologolo Lekki Lagos,6.4711251,3.8147504,39.0638334712576,53.23478511464151,Lekki,1,Detached Duplex,0,1,0,1.0,0,4,4,0,135000000.0
Contemporary 5 Bedroom Detached Duplex With Bq,5,5,Chevron Lekki Lagos,6.4711251,3.8147504,39.0638334712576,53.23478511464151,Lekki,1,Detached Duplex,0,1,0,1.0,0,4,5,0,600000000.0
4 Bedroom Semi Detached Duplex With Bq,4,4,Ologolo Lekki Lagos,6.4711251,3.8147504,39.0638334712576,53.23478511464151,Lekki,1,Detached Duplex,0,1,0,1.0,0,4,4,0,200000000.0
4 Bedroom Semi Detached Duplex With Bq,4,4,Ologolo Lekki Lagos,6.4711251,3.8147504,39.0638334712576,53.23478511464151,Lekki,1,Detached Duplex,0,1,0,1.0,0,4,4,0,190000000.0
2 Bedroom Apartments In Lekki,2,2,Lekki Phase 1 Lekki Lagos,6.4711251,3.8147504,39.0638334712576,53.23478511464151,Lekki,1,Flat,0,0,0,1.0,0,4,2,0,250000000.0
2 Bedroom Apartment,2,0,Lekki Phase 1 Lekki Lagos,6.4711251,3.8147504,39.0638334712576,53.23478511464151,Lekki,1,Flat,0,0,0,0.0,0,4,2,0,305000000.0
2 Bedroom Apartment,2,0,Lekki Phase 1 Lekki Lagos,6.4711251,3.8147504,39.0638334712576,53.23478511464151,Lekki,1,Flat,0,0,0,0.0,0,4,2,0,280000000.0
5 Bedroom Semi Detached Duplex With Bq,5,0,Lekki Phase 1 Lekki Lagos,6.4711251,3.8147504,39.0638334712576,53.23478511464151,Lekki,1,Detached Duplex,0,1,0,0.0,0,4,5,0,800000000.0
4 Bedroom Terrace Duplex With Bq,4,0,Ikate Lekki Lagos,6.4711251,3.8147504,39.0638334712576,53.23478511464151,Lekki,1,Terrace,0,1,0,0.0,0,4,4,0,250000000.0
5 Bedroom Flat,5,5,Lekki Conservation Lekki Phase 2 Lekki Lagos,6.4711251,3.8147504,39.0638334712576,53.23478511464151,Lekki,1,Flat,0,0,0,1.0,0,4,5,0,700000000.0
3 Bedroom Apartment,3,0,Osapa London Lekki Lagos,6.4711251,3.8147504,39.0638334712576,53.23478511464151,Lekki,1,Flat,0,0,0,0.0,0,4,3,0,185000000.0
Luxury 4 Bedroom Maisonette,4,4,Banana Island Ikoyi Lagos,6.4600581,3.4593152,1.2666850782568917,19.69523211516851,Banana Island,1,Other,0,0,0,1.0,0,5,4,0,2500000000.0
Executive 4 Bedroom Duplex,4,4,Ikoyi Gerard Road Ikoyi Lagos,6.4516268,3.4117815,5.595874965201447,17.89581566309951,Ikoyi,1,Duplex,0,0,0,1.0,0,5,4,0,1200000000.0
Executive Standard 4 Bedroom Semi Detached Duplex,4,5,Chevron Alternative Route Chevron Alternative Route Lekki Lagos,6.4711251,3.8147504,39.0638334712576,53.23478511464151,Lekki,1,Detached Duplex,0,0,0,1.25,0,4,4,0,140000000.0
6 Bedroom Fully Detached Duplex,6,0,Ikoyi Lagos,6.4516268,3.4117815,5.595874965201447,17.89581566309951,Ikoyi,1,Detached Duplex,0,0,0,0.0,0,5,6,0,2300000000.0
4 Bedroom Semi Detached Duplex With Bq,4,0,Osapa London Lekki Lagos,6.4711251,3.8147504,39.0638334712576,53.23478511464151,Lekki,1,Detached Duplex,0,1,0,0.0,0,4,4,0,320000000.0
1 Bedroom Apartment,4,0,Chevron Lekki Lagos,6.4711251,3.8147504,39.0638334712576,53.23478511464151,Lekki,1,Flat,0,0,0,0.0,0,4,4,0,90000000.0
4 Bedroom Maisonette House,4,0,Lekki Phase 1 Lekki Lagos,6.4711251,3.8147504,39.0638334712576,53.23478511464151,Lekki,1,Other,0,0,0,0.0,0,4,4,0,450000000.0
5 Bedroom Terraced Duplex With Bq/pool,5,0,Ikate Lekki Lagos,6.4711251,3.8147504,39.0638334712576,53.23478511464151,Lekki,1,Terrace,1,1,0,0.0,0,4,5,1,350000000.0
5 Bedroom Duplex,5,0,Ikoyi Lagos,6.4516268,3.4117815,5.595874965201447,17.89581566309951,Ikoyi,1,Duplex,0,0,0,0.0,0,5,5,0,3500000000.0
2 Bedroom Apartment With Pool/gym,2,0,Lekki Lagos,6.4711251,3.8147504,39.0638334712576,53.23478511464151,Lekki,1,Flat,1,0,0,0.0,0,4,2,1,125000000.0
6 Bedroom Detached Duplex,6,0,Vgc Lekki Lagos,6.4711251,3.8147504,39.0638334712576,53.23478511464151,Lekki,1,Detached Duplex,0,0,0,0.0,0,4,6,0,850000000.0
3 Bedroom Apartment,3,0,Lekki Phase 1 Lekki Lagos,6.4711251,3.8147504,39.0638334712576,53.23478511464151,Lekki,1,Flat,0,0,0,0.0,0,4,3,0,380000000.0
4 Bedroom Maisonette With Bq,4,0,Ikoyi Lagos,6.4516268,3.4117815,5.595874965201447,17.89581566309951,Ikoyi,1,Other,0,1,0,0.0,0,5,4,0,2300000000.0
4 Bedroom Fully Detached Duplex With Bq,4,0,Vgc Lekki Lagos,6.4711251,3.8147504,39.0638334712576,53.23478511464151,Lekki,1,Detached Duplex,0,1,0,0.0,0,4,4,0,230000000.0
2 Bedroom Apartment,2,0,Lekki Phase 1 Lekki Lagos,6.4711251,3.8147504,39.0638334712576,53.23478511464151,Lekki,1,Flat,0,0,0,0.0,0,4,2,0,240000000.0
5 Bedroom Smart Home,5,0,Ajah Lagos,6.4694716,3.5623861,11.300377211002502,27.53491907587076,Ajah,1,Other,0,0,0,0.0,0,4,5,0,350000000.0
5 Bedroom Smart Home,5,0,Lekki Lagos,6.4711251,3.8147504,39.0638334712576,53.23478511464151,Lekki,1,Other,0,0,0,0.0,0,4,5,0,600000000.0
2 Bedroom Apartment,4,0,Chevron Lekki Lagos,6.4711251,3.8147504,39.0638334712576,53.23478511464151,Lekki,1,Flat,0,0,0,0.0,0,4,4,0,110000000.0
2 Bedroom Apartment With Pool,2,0,Lekki Phase 1 Lekki Lagos,6.4711251,3.8147504,39.0638334712576,53.23478511464151,Lekki,1,Flat,1,0,0,0.0,0,4,2,1,220000000.0
5 Bedroom Detached Home With Pool/bq,5,0,Lekki Phase 1 Lekki Lagos,6.4711251,3.8147504,39.0638334712576,53.23478511464151,Lekki,1,Detached Duplex,1,1,0,0.0,0,4,5,1,800000000.0
2 Units Of 2 Bedroom Flat & Mini Flat,2,0,Magodo Kosofe Ikosi Lagos,6.6180809,3.3777821,20.90484087396468,3.4188985746987237,Magodo,0,Flat,0,0,0,0.0,0,4,0,0,95000000.0
4 Bedroom Fully Detached Duplex With Bq,4,0,Magodo Kosofe Ikosi Lagos,6.6180809,3.3777821,20.90484087396468,3.4188985746987237,Magodo,0,Detached Duplex,0,1,0,0.0,0,4,0,0,400000000.0
2 Units 4 Bedroom Semi Detached Duplex,4,0,Magodo Phase 1 Magodo Kosofe Ikosi Lagos,6.6180809,3.3777821,20.90484087396468,3.4188985746987237,Magodo,0,Detached Duplex,0,0,0,0.0,0,4,0,0,350000000.0
5 Bedroom Detached Duplex With Bq,5,0,Adeniyi Jones Ikeja Lagos,6.5974727,3.3432815,21.044803340125824,1.0271477798224158,Ikeja,0,Detached Duplex,0,1,0,0.0,0,5,0,0,700000000.0
Exquisite 4 Bedroom Fully Detached Duplex,4,0,Magodo Phase 1 Magodo Kosofe Ikosi Lagos,6.6180809,3.3777821,20.90484087396468,3.4188985746987237,Magodo,0,Detached Duplex,0,0,0,0.0,0,4,0,0,320000000.0
5 Bedroom Duplex,5,0,Magodo Phase 1 Magodo Kosofe Ikosi Lagos,6.6180809,3.3777821,20.90484087396468,3.4188985746987237,Magodo,0,Duplex,0,0,0,0.0,0,4,0,0,400000000.0
4 Bedroom Semi Detached Duplex,4,0,"Isheri Magodo Phase 1, Magodo Kosofe Ikosi Lagos",6.6180809,3.3777821,20.90484087396468,3.4188985746987237,Magodo,0,Detached Duplex,0,0,0,0.0,0,4,0,0,235000000.0
5 Bedroom Detached Duplex With Bq,5,0,Opebi Ikeja Lagos,6.5974727,3.3432815,21.044803340125824,1.0271477798224158,Ikeja,0,Detached Duplex,0,1,0,0.0,0,5,0,0,400000000.0
4 Bedroom Fully Detached With Bq And Study,4,0,Magodo Phase 1 Magodo Kosofe Ikosi Lagos,6.6180809,3.3777821,20.90484087396468,3.4188985746987237,Magodo,0,Detached Duplex,0,1,0,0.0,0,4,0,0,400000000.0
Premium 5 Bedroom Detached Duplex With Bq,5,0,Ikeja Gra Ikeja Lagos,6.5974727,3.3432815,21.044803340125824,1.0271477798224158,Ikeja,0,Detached Duplex,0,1,0,0.0,0,5,0,0,1300000000.0
4 Units Of 5 Bedroom Semi Detached Duplex With Bq,5,0,Magodo Phase 1 Kosofe Ikosi Lagos,6.6180809,3.3777821,20.90484087396468,3.4188985746987237,Magodo,0,Detached Duplex,0,1,0,0.0,0,4,0,0,450000000.0
3 Bedroom Flat,3,0,Ikeja Gra Ikeja Lagos,6.5974727,3.3432815,21.044803340125824,1.0271477798224158,Ikeja,0,Flat,0,0,0,0.0,0,5,0,0,320000000.0
4 Bedroom Fully Detached Duplex,4,0,Magodo Phase 1 Magodo Kosofe Ikosi Lagos,6.6180809,3.3777821,20.90484087396468,3.4188985746987237,Magodo,0,Detached Duplex,0,0,0,0.0,0,4,0,0,450000000.0
Luxury 5 Bedroom Fully Detached Duplex With Bq,5,0,Phase 1 Magodo Kosofe Ikosi Lagos,6.6180809,3.3777821,20.90484087396468,3.4188985746987237,Magodo,0,Detached Duplex,0,1,0,0.0,0,4,0,0,500000000.0
Ultra Modern 4 Bedroom Terraced Duplex With Bq,4,0,Allen Avenue Ikeja Lagos,6.5974727,3.3432815,21.044803340125824,1.0271477798224158,Ikeja,0,Terrace,0,1,0,0.0,0,5,0,0,320000000.0
5 Bedroom Duplex,5,0,Magodo Kosofe Ikosi Lagos,6.6180809,3.3777821,20.90484087396468,3.4188985746987237,Magodo,0,Duplex,0,0,0,0.0,0,4,0,0,400000000.0
Luxury 4 Bedroom Apartment With Bq,4,0,Ikeja Gra Ikeja Lagos,6.5974727,3.3432815,21.044803340125824,1.0271477798224158,Ikeja,0,Flat,0,1,0,0.0,0,5,0,0,500000000.0
Smart 6 Bedroom Fully Detached Duplex With Bq,6,0,Ikeja Gra Ikeja Lagos,6.5974727,3.3432815,21.044803340125824,1.0271477798224158,Ikeja,0,Detached Duplex,0,1,0,0.0,0,5,0,0,1400000000.0
Luxury 5 Bedroom Fully Detached Duplex,5,5,Ado Road Ajah Lagos,6.4694716,3.5623861,11.300377211002502,27.53491907587076,Ajah,1,Detached Duplex,0,0,0,1.0,0,4,5,0,210000000.0
Maisonette Apartment,2,2,Victoria Island Lagos,6.4300279,3.4259904,4.5315928067815925,20.705813048742375,Victoria Island,1,Flat,0,0,0,1.0,0,5,2,0,350000000.0
4 Bedroom Semi Detached Duplex,4,4,Bera Chevron Lekki Lagos,6.4711251,3.8147504,39.0638334712576,53.23478511464151,Lekki,1,Detached Duplex,0,0,0,1.0,0,4,4,0,250000000.0
Luxury Water View 5 Bedroom Duplex,5,5,Banana Island Ikoyi Lagos,6.4600581,3.4593152,1.2666850782568917,19.69523211516851,Banana Island,1,Duplex,0,0,0,1.0,0,5,5,0,8000000.0
Luxury 5bedroom Fully Detached,5,5,Royal Garden Estate Off Lekki Epe Expressway Ajah Lagos,6.4711251,3.8147504,39.0638334712576,53.23478511464151,Lekki,1,Detached Duplex,0,0,0,1.0,0,4,5,0,600000000.0
5 Bedroom Detached Duplex,5,0,2nd Toll Gate Lekki Lagos,6.4711251,3.8147504,39.0638334712576,53.23478511464151,Lekki,1,Detached Duplex,0,0,0,0.0,0,4,5,0,400000000.0
5 Bedrooms Fully Detached Duplex,5,0,Ikota Lekki Lagos,6.4711251,3.8147504,39.0638334712576,53.23478511464151,Lekki,1,Detached Duplex,0,0,0,0.0,0,4,5,0,650000000.0
5 Bedroom Fully Detached Duplex With Bq,5,0,Orchid Lekki Lagos,6.4711251,3.8147504,39.0638334712576,53.23478511464151,Lekki,1,Detached Duplex,0,1,0,0.0,0,4,5,0,330000000.0
5 Bedroom Duplex,5,0,Lekki Phase 1 Lekki Lagos,6.4711251,3.8147504,39.0638334712576,53.23478511464151,Lekki,1,Duplex,0,0,0,0.0,0,4,5,0,1300000000.0
3 Bedroom Semi Detached Duplex,3,0,Abraham Adesanya Estate Ajah Lagos,6.4694716,3.5623861,11.300377211002502,27.53491907587076,Ajah,1,Detached Duplex,0,0,0,0.0,0,4,3,0,100000000.0
3 Bedroom Terrace Duplex,3,3,Yaba Lagos,6.5114693,3.3699982,12.327418636428003,10.196897835571315,Yaba,0,Terrace,0,0,0,1.0,0,4,0,0,170000000.0
5 Bedroom Fully Detached Duplex With Bq,5,5,Ikate Lekki Lagos,6.4711251,3.8147504,39.0638334712576,53.23478511464151,Lekki,1,Detached Duplex,0,1,0,1.0,0,4,5,0,750000000.0
3 Bedroom Apartment With Bq,3,0,Ikate Lekki Lagos,6.4711251,3.8147504,39.0638334712576,53.23478511464151,Lekki,1,Flat,0,1,0,0.0,0,4,3,0,240000000.0
4 Bedroom Fully Detached Duplex With Bq,4,0,Lekki Phase 1 Lekki Lagos,6.4711251,3.8147504,39.0638334712576,53.23478511464151,Lekki,1,Detached Duplex,0,1,0,0.0,0,4,4,0,500000000.0
5 Bedroom Fully Detached Duplex,5,5,Ikate Lekki Lagos,6.4711251,3.8147504,39.0638334712576,53.23478511464151,Lekki,1,Detached Duplex,0,0,0,1.0,0,4,5,0,1000000000.0
2 Bedroom Apartment,2,2,Victoria Island Lagos,6.4300279,3.4259904,4.5315928067815925,20.705813048742375,Victoria Island,1,Flat,0,0,0,1.0,0,5,2,0,400000000.0
Luxurious 4 Bedroom Semi Detached Duplex With Bq,4,4,Orchid Lekki Lagos,6.4711251,3.8147504,39.0638334712576,53.23478511464151,Lekki,1,Detached Duplex,0,1,0,1.0,0,4,4,0,240000000.0
4 Bedroom Terraced House With A Bq,4,5,Lekki Phase 1 Lekki Lagos,6.4711251,3.8147504,39.0638334712576,53.23478511464151,Lekki,1,Terrace,0,1,0,1.25,0,4,4,0,400000000.0
30 Units Of 4 Bedroom Terrace Duplex,4,4,Ajah Lagos,6.4694716,3.5623861,11.300377211002502,27.53491907587076,Ajah,1,Terrace,0,0,0,1.0,0,4,4,0,125000000.0
5 Bedroom Fully Detached Duplex With Bq,5,0,Chevron Lekki Lagos,6.4711251,3.8147504,39.0638334712576,53.23478511464151,Lekki,1,Detached Duplex,0,1,0,0.0,0,4,5,0,500000000.0
5 Bedroom Detached Duplex,5,5,Banana Island Ikoyi Lagos,6.4600581,3.4593152,1.2666850782568917,19.69523211516851,Banana Island,1,Detached Duplex,0,0,0,1.0,0,5,5,0,4000000.0
5 Bedroom Fully Detached Duplex,5,5,Chevron Lekki Lagos,6.4711251,3.8147504,39.0638334712576,53.23478511464151,Lekki,1,Detached Duplex,0,0,0,1.0,0,4,5,0,1300000000.0
2 Bedrooms Apartment,2,0,Lekki Phase 1 Lekki Lagos,6.4711251,3.8147504,39.0638334712576,53.23478511464151,Lekki,1,Flat,0,0,0,0.0,0,4,2,0,290000000.0
5 Bedroom Luxury House,5,0,Ikoyi Lagos,6.4516268,3.4117815,5.595874965201447,17.89581566309951,Ikoyi,1,Other,0,0,0,0.0,0,5,5,0,2500000000.0
Fully Serviced 1 & 2 Bedroom Apartments,0,0,Igbo Efon Lekki Lagos,6.4711251,3.8147504,39.0638334712576,53.23478511464151,Lekki,1,Flat,0,0,0,0.0,1,4,0,1,65000000.0
5 Bedroom Fully Detached Duplex With Bq,5,5,Osapa London Lekki Lagos,6.4711251,3.8147504,39.0638334712576,53.23478511464151,Lekki,1,Detached Duplex,0,1,0,1.0,0,4,5,0,700000000.0
2 Bedroom Apartment,2,2,Lekki Lagos,6.4711251,3.8147504,39.0638334712576,53.23478511464151,Lekki,1,Flat,0,0,0,1.0,0,4,2,0,300000000.0
5 Bedroom Semi Detached Smart Home,5,5,Ikate Lekki Lagos,6.4711251,3.8147504,39.0638334712576,53.23478511464151,Lekki,1,Detached Duplex,0,0,0,1.0,0,4,5,0,670000000.0
7 Bedroom Waterfront Mansion,7,8,Banana Island Ikoyi Lagos,6.4600581,3.4593152,1.2666850782568917,19.69523211516851,Banana Island,1,Other,0,0,0,1.1428571428571428,0,5,7,0,24000000000.0
2 Bedroom Apartment,2,2,Lekki Phase 1 Lekki Lagos,6.4711251,3.8147504,39.0638334712576,53.23478511464151,Lekki,1,Flat,0,0,0,1.0,0,4,2,0,300000000.0
4 Bedroom Duplex,4,4,Ajah Lagos,6.4694716,3.5623861,11.300377211002502,27.53491907587076,Ajah,1,Duplex,0,0,0,1.0,0,4,4,0,130000000.0
3 Bedroom Flat,3,0,Ajah Lagos,6.4694716,3.5623861,11.300377211002502,27.53491907587076,Ajah,1,Flat,0,0,0,0.0,0,4,3,0,120000000.0
2 Bedroom Apartment,0,0,Lekki Lagos,6.4711251,3.8147504,39.0638334712576,53.23478511464151,Lekki,1,Flat,0,0,0,0.0,0,4,0,0,290000000.0
Furnished 10 Units Of 3 Bedroom Apartment,3,3,Mini Estate Lekki Phase 1 Lekki Lagos,6.4711251,3.8147504,39.0638334712576,53.23478511464151,Lekki,1,Flat,0,0,0,1.0,0,4,3,0,4000000000.0
Commercial Plots,0,0,"Alaro City, Epe Resort, Lekki Int'l Airport, Pan Atlantic University Akodo Ise Ibeju Lekki Lagos",6.4711251,3.8147504,39.0638334712576,53.23478511464151,Lekki,1,Other,0,0,0,0.0,0,4,0,0,50000000.0
5 Bedroom Duplex With A Private Cinema,5,5,Chevron Drive Chevron Drive Lekki Lagos,6.4711251,3.8147504,39.0638334712576,53.23478511464151,Lekki,1,Duplex,0,0,0,1.0,0,4,5,0,550000000.0
Plan Luxury 2 Bedroom Terrace Duplex,2,2,"Lagos Business School,fara Park,lufasi Nature Park,shoprite Mall Monastery Road Sangotedo Lagos",6.471022,3.635581,19.321981973319577,34.58834389190216,Sangotedo,1,Terrace,0,0,0,1.0,0,3,2,0,110000000.0
2 Bedroom Apartment,2,2,"Shop Rite, Lufasi Park, Emperor Estate, Lufasi Park Monastery Road Sangotedo Lagos",6.471022,3.635581,19.321981973319577,34.58834389190216,Sangotedo,1,Flat,0,0,0,1.0,0,3,2,0,85000000.0
Secure A Unit Of Apartment In Lekki Ph 1 @ 20m,2,2,"Orange Island, Lekki Fore Shore, The Bugatti Apartment Lekki Phase 1 Lekki Lagos",6.4711251,3.8147504,39.0638334712576,53.23478511464151,Lekki,1,Flat,0,0,0,1.0,1,4,2,1,250000000.0
Own A 3 Bedroom Terrace Duplex With ?8m,3,3,"Capital Garden Estate, Novare Mall, Amen Estate Phase 1, Emperor Estate. Eleko Ibeju Lekki Lagos",6.4711251,3.8147504,39.0638334712576,53.23478511464151,Lekki,1,Terrace,0,0,0,1.0,0,4,3,0,78000000.0
3 Bedroom Terrace Duplex,0,0,"General Paints, Before Lagos Business School, Abraham Adesanya Ajah Lagos",6.4694716,3.5623861,11.300377211002502,27.53491907587076,Ajah,1,Terrace,0,0,0,0.0,0,4,0,0,71000000.0
3 Bedroom Apartment,3,4,Lekki Phase 1 Lekki Lagos,6.4711251,3.8147504,39.0638334712576,53.23478511464151,Lekki,1,Flat,0,0,0,1.3333333333333333,0,4,3,0,430000000.0
5 Bedroom Flat,5,5,Chisco Ikate Lekki Lagos,6.4711251,3.8147504,39.0638334712576,53.23478511464151,Lekki,1,Flat,0,0,0,1.0,0,4,5,0,480000000.0
3 Bedroom Terrace Duplex With Bq,3,3,"Victoria Bay 3, Off Nike Art Gallery Ikate Lekki Lagos",6.4711251,3.8147504,39.0638334712576,53.23478511464151,Lekki,1,Terrace,0,1,0,1.0,0,4,3,0,180000000.0
4 Bedroom Fully Detached Duplex,4,4,"General Paints, Before Lagos Business School, Abraham Adesanya Ajah Lagos",6.4694716,3.5623861,11.300377211002502,27.53491907587076,Ajah,1,Detached Duplex,0,0,0,1.0,0,4,4,0,150000000.0
4 Bedroom Semi Detached Duplex With Bq,4,4,"Rogersville Estate, Off Spg Road Ologolo Lekki Lagos",6.4711251,3.8147504,39.0638334712576,53.23478511464151,Lekki,1,Detached Duplex,0,1,0,1.0,0,4,4,0,200000000.0
Furnished 4 Bedroom Detached Duplex With Bq,4,4,Ikota Lekki Lagos,6.4711251,3.8147504,39.0638334712576,53.23478511464151,Lekki,1,Detached Duplex,0,1,0,1.0,0,4,4,0,250000000.0
4 Bedroom Semi Detached Duplex,4,4,Roxbury Estate Ii Ikota Lekki Lagos,6.4711251,3.8147504,39.0638334712576,53.23478511464151,Lekki,1,Detached Duplex,0,0,0,1.0,0,4,4,0,100000000.0
2 Bedroom Apartment,2,2,Jakande Ikate Lekki Lagos,6.4711251,3.8147504,39.0638334712576,53.23478511464151,Lekki,1,Flat,0,0,0,1.0,0,4,2,0,138000000.0
5 Bedroom Detached Duplex,5,5,Royal Pine Estate Orchid Lekki Lagos,6.4711251,3.8147504,39.0638334712576,53.23478511464151,Lekki,1,Detached Duplex,0,0,0,1.0,0,4,5,0,360000000.0
4 Bedroom Semi Detached Duplex,4,4,"Dpk Estate, Orchid Road Lekki Lagos",6.4711251,3.8147504,39.0638334712576,53.23478511464151,Lekki,1,Detached Duplex,0,0,0,1.0,0,4,4,0,210000000.0
4 Bedroom Semi Detached Duplex With Bq,4,5,Gra Ikota Lekki Lagos,6.4711251,3.8147504,39.0638334712576,53.23478511464151,Lekki,1,Detached Duplex,0,1,0,1.25,0,4,4,0,120000000.0
3 Bedroom Terrace Duplex,3,3,"Zara Court, Gra Ikota Lekki Lagos",6.4711251,3.8147504,39.0638334712576,53.23478511464151,Lekki,1,Terrace,0,0,0,1.0,0,4,3,0,95000000.0
5 Bedroom Fully Detached Duplex With Bq,5,5,Oral Estate Chevron Toll Gate Lekki Lagos,6.4711251,3.8147504,39.0638334712576,53.23478511464151,Lekki,1,Detached Duplex,0,1,0,1.0,0,4,5,0,520000000.0
4 Bedroom Semi Detached Duplex With Bq,3,4,"Gra, Ikota Villa Estate Lekki Lagos",6.4711251,3.8147504,39.0638334712576,53.23478511464151,Lekki,1,Detached Duplex,0,1,0,1.3333333333333333,0,4,3,0,280000000.0
4 Bedroom Terrace Duplex,4,4,"General Paints, Before Lagos Business School, Abraham Adesanya Ajah Lagos",6.4694716,3.5623861,11.300377211002502,27.53491907587076,Ajah,1,Terrace,0,0,0,1.0,0,4,4,0,90000000.0
3 Bedroom Semi Detached Duplex,3,3,"General Paints, Before Lagos Business School, Abraham Adesanya Ajah Lagos",6.4694716,3.5623861,11.300377211002502,27.53491907587076,Ajah,1,Detached Duplex,0,0,0,1.0,0,4,3,0,110000000.0
4 Bedroom Semi Detached Duplex,4,4,"General Paints, Before Lagos Business School, Abraham Adesanya Estate Ajah Lagos",6.4694716,3.5623861,11.300377211002502,27.53491907587076,Ajah,1,Detached Duplex,0,0,0,1.0,0,4,4,0,130000000.0
3 Bedroom Flat,3,3,Off Silverbird Road Ilasan Lekki Lagos,6.4711251,3.8147504,39.0638334712576,53.23478511464151,Lekki,1,Flat,0,0,0,1.0,0,4,3,0,150000000.0
2 Unit Of New 4 Bedroom Semi Detached Duplex With Bq,4,4,"Gra, Ikota Villa Estate Lekki Lagos",6.4711251,3.8147504,39.0638334712576,53.23478511464151,Lekki,1,Detached Duplex,0,1,0,1.0,0,4,4,0,180000000.0
Furnished 2 Bedroom Apartment,2,2,Off Aro Ologolo Road Lekki Lagos,6.4711251,3.8147504,39.0638334712576,53.23478511464151,Lekki,1,Flat,0,0,0,1.0,0,4,2,0,170000000.0
Brand New 4 Bedroom Terraced Duplex,4,4,Orchid Lekki Lagos,6.4711251,3.8147504,39.0638334712576,53.23478511464151,Lekki,1,Terrace,0,0,1,1.0,0,4,4,1,105000000.0
2 Bedroom Apartment,2,2,Off Freedom Way Lekki Lagos,6.4711251,3.8147504,39.0638334712576,53.23478511464151,Lekki,1,Flat,0,0,0,1.0,0,4,2,0,180000000.0
4 Bedroom Duplex,4,4,Main Vgc Estate Vgc Lekki Lagos,6.4711251,3.8147504,39.0638334712576,53.23478511464151,Lekki,1,Duplex,0,0,0,1.0,0,4,4,0,520000000.0
3 Bedroom Apartment With Bq,3,3,Gra Ikeja Gra Ikeja Lagos,6.5974727,3.3432815,21.044803340125824,1.0271477798224158,Ikeja,0,Flat,0,1,0,1.0,0,5,0,0,350000000.0
6 Bedroom Smart Home,6,6,Chevron Drive Estate Chevron Lekki Lagos,6.4711251,3.8147504,39.0638334712576,53.23478511464151,Lekki,1,Other,0,0,0,1.0,0,4,6,0,390000000.0
5 Bedroom Fully Detached Duplex With Pool,5,5,"Chevron Alternative Route, Chevron Lekki Lagos",6.4711251,3.8147504,39.0638334712576,53.23478511464151,Lekki,1,Detached Duplex,1,0,0,1.0,0,4,5,1,450000000.0
5 Bedroom Duplex With Bq,5,0,Estate Ikeja Gra Ikeja Lagos,6.5974727,3.3432815,21.044803340125824,1.0271477798224158,Ikeja,0,Duplex,0,1,0,0.0,0,5,0,0,750000000.0
1 Bedroom Apartment,1,1,Ikate Lekki Lagos,6.4711251,3.8147504,39.0638334712576,53.23478511464151,Lekki,1,Flat,0,0,0,1.0,0,4,1,0,130000000.0
4 Bedroom Terraced Duplex,4,4,"Ikota Gra Estate Behind Megachicken Restaurant, Ikota Lekki Lagos",6.4711251,3.8147504,39.0638334712576,53.23478511464151,Lekki,1,Terrace,0,0,0,1.0,0,4,4,0,140000000.0
4 Bedroom Terraced Duplex,4,4,Orchid Lekki Lagos,6.4711251,3.8147504,39.0638334712576,53.23478511464151,Lekki,1,Terrace,0,0,0,1.0,0,4,4,0,150000000.0
5 Bedroom Detached Duplex With Cinema/pool,5,5,"Megamond Estate, Ikate Lekki Lagos",6.4711251,3.8147504,39.0638334712576,53.23478511464151,Lekki,1,Detached Duplex,1,0,0,1.0,0,4,5,1,650000000.0
4 Bedroom Semi Detached Duplex,4,4,Ikota Gra Estate Behind Megachicken Restaurant Lekki Lagos,6.4711251,3.8147504,39.0638334712576,53.23478511464151,Lekki,1,Detached Duplex,0,0,0,1.0,0,4,4,0,200000000.0
5 Bedroom Fully Detached Duplex,5,5,Chevron Chevron Lekki Lagos,6.4711251,3.8147504,39.0638334712576,53.23478511464151,Lekki,1,Detached Duplex,0,0,0,1.0,0,4,5,0,600000000.0
4 Bedroom Fully Detached Duplex,4,5,Orchid Lekki Lagos,6.4711251,3.8147504,39.0638334712576,53.23478511464151,Lekki,1,Detached Duplex,0,0,0,1.25,0,4,4,0,370000000.0
4 Bedroom Semi Detached Duplex,4,4,Sangotedo Ajah Lagos,6.4694716,3.5623861,11.300377211002502,27.53491907587076,Ajah,1,Detached Duplex,0,0,0,1.0,0,4,4,0,150000000.0
Luxury 2 Bedroom Apartments,2,2,Lekki Phase 1 Lekki Phase 1 Lekki Lagos,6.4711251,3.8147504,39.0638334712576,53.23478511464151,Lekki,1,Flat,0,0,0,1.0,0,4,2,0,380000000.0
5 Bedroom Duplex With Cinema/pool,5,5,"Megamond Estate, Ikota Lekki Lagos",6.4711251,3.8147504,39.0638334712576,53.23478511464151,Lekki,1,Duplex,1,0,0,1.0,0,4,5,1,400000000.0
5 Bedroom Duplex With And Without Pool,5,5,Agungi Lekki Agungi Lekki Lagos,6.4711251,3.8147504,39.0638334712576,53.23478511464151,Lekki,1,Duplex,1,0,0,1.0,0,4,5,1,330000000.0
4 Bedroom Semi Detached Duplex With Bq,4,4,Lekki Phase 1 Lekki Phase 1 Lekki Lagos,6.4711251,3.8147504,39.0638334712576,53.23478511464151,Lekki,1,Detached Duplex,0,1,0,1.0,0,4,4,0,600000000.0
Serviced 2 Bedroom Apartment,2,2,Ikate Lekki Lagos,6.4711251,3.8147504,39.0638334712576,53.23478511464151,Lekki,1,Flat,0,0,0,1.0,1,4,2,1,210000000.0
Beautiful 4 Bedroom Semi Detached Duplex,4,4,Ikota Estate Lekki Lagos,6.4711251,3.8147504,39.0638334712576,53.23478511464151,Lekki,1,Detached Duplex,0,0,0,1.0,0,4,4,0,185000000.0
5 Bedroom Apartment,5,5,Chevron Chevron Lekki Lagos,6.4711251,3.8147504,39.0638334712576,53.23478511464151,Lekki,1,Flat,0,0,0,1.0,0,4,5,0,510000000.0
5 Bedroom Duplex,5,5,"Harris Drive, Vgc Vgc Lekki Lagos",6.4711251,3.8147504,39.0638334712576,53.23478511464151,Lekki,1,Duplex,0,0,0,1.0,0,4,5,0,370000000.0
5 Bedroom Fully Detached Duplex,5,6,Chevron Toll Gate Lekki Lagos,6.4711251,3.8147504,39.0638334712576,53.23478511464151,Lekki,1,Detached Duplex,0,0,0,1.2,0,4,5,0,680000000.0
3 Bedroom Duplex With Bq,3,3,Ikota Gra Lekki Ikota Lekki Lagos,6.4711251,3.8147504,39.0638334712576,53.23478511464151,Lekki,1,Duplex,0,1,0,1.0,0,4,3,0,115000000.0
Palatial 5 Bedroom Fully Detached Duplex With Pool,5,5,Lekki Conservation Way Chevron Chevron Toll Gate Lekki Lagos,6.4711251,3.8147504,39.0638334712576,53.23478511464151,Lekki,1,Detached Duplex,1,0,0,1.0,0,4,5,1,600000000.0
Luxury 3 Bedroom Apartment,3,3,Lekki Phase 1 Lekki Phase 1 Lekki Lagos,6.4711251,3.8147504,39.0638334712576,53.23478511464151,Lekki,1,Flat,0,0,0,1.0,0,4,3,0,480000000.0
5 Bedroom Fully Detached Duplex With Pool,5,5,Conservation Way Chevron Lekki Chevron Toll Gate Lekki Lagos,6.4711251,3.8147504,39.0638334712576,53.23478511464151,Lekki,1,Detached Duplex,1,0,0,1.0,0,4,5,1,550000000.0
4 Bedroom Fully Detached Duplex,4,4,Chevron Lekki Lagos,6.4711251,3.8147504,39.0638334712576,53.23478511464151,Lekki,1,Detached Duplex,0,0,0,1.0,0,4,4,0,330000000.0
Luxury 2 Bedroom Apartment,2,2,Lekki Phase 1 Lekki Lagos,6.4711251,3.8147504,39.0638334712576,53.23478511464151,Lekki,1,Flat,0,0,0,1.0,0,4,2,0,280000000.0
4 Bedroom Semi Detached Duplex With Bq,4,4,Ikota Lekki Lagos,6.4711251,3.8147504,39.0638334712576,53.23478511464151,Lekki,1,Detached Duplex,0,1,0,1.0,0,4,4,0,200000000.0
Contemporary 3 Bedroom Terrace Duplex,3,3,Lekki Ajah Lagos,6.4711251,3.8147504,39.0638334712576,53.23478511464151,Lekki,1,Terrace,0,0,0,1.0,0,4,3,0,90000000.0
4 Bedroom Semi Detached Duplex,4,4,Lekki Phase 1 Lekki Lagos,6.4711251,3.8147504,39.0638334712576,53.23478511464151,Lekki,1,Detached Duplex,0,0,0,1.0,0,4,4,0,800000000.0
5 Bedroom Fully Detached Duplex,5,5,Chevron Lekki Lagos,6.4711251,3.8147504,39.0638334712576,53.23478511464151,Lekki,1,Detached Duplex,0,0,0,1.0,0,4,5,0,350000000.0
4 Bedroom Fully Detached Duplex With Bq,4,4,Lekki Ajah Lagos,6.4711251,3.8147504,39.0638334712576,53.23478511464151,Lekki,1,Detached Duplex,0,1,0,1.0,0,4,4,0,170000000.0
4 Bedroom Semi Detached Duplex With Bq,4,4,Ikoyi Lagos,6.4516268,3.4117815,5.595874965201447,17.89581566309951,Ikoyi,1,Detached Duplex,0,1,0,1.0,0,5,4,0,1200000000.0
Office And Shop Space,1,1,Allen Avenue Ikeja Lagos,6.5974727,3.3432815,21.044803340125824,1.0271477798224158,Ikeja,0,Other,0,0,0,1.0,0,5,0,0,2200000.0
Tenanted 4 Bedroom Terrace Duplex With Bq,4,4,"Imperial Court, Greenland Estate 1, Ogombo Ajah Lagos",6.4694716,3.5623861,11.300377211002502,27.53491907587076,Ajah,1,Terrace,0,1,0,1.0,0,4,4,0,90000000.0
Newly Built 5 Bedroom Detached Duplex,5,5,Magodo G E A Magodo Gra Phase 2 Kosofe Ikosi Lagos,6.6180809,3.3777821,20.90484087396468,3.4188985746987237,Magodo,0,Detached Duplex,0,0,1,1.0,0,4,0,1,600000000.0
Spacious 5 Bedroom Detached Duplex,5,6,Chevron Lekki Lagos,6.4711251,3.8147504,39.0638334712576,53.23478511464151,Lekki,1,Detached Duplex,0,0,0,1.2,0,4,5,0,450000000.0
Mini Estate Of 25 Units Of Flat,0,0,"Residential Zone, Banana Island Ikoyi Lagos",6.4600581,3.4593152,1.2666850782568917,19.69523211516851,Banana Island,1,Flat,0,0,0,0.0,1,5,0,1,18000000.0
4 Bedroom Terrace Duplex,4,4,Ologolo Lekki Lagos,6.4711251,3.8147504,39.0638334712576,53.23478511464151,Lekki,1,Terrace,0,0,0,1.0,0,4,4,0,180000000.0
5 Bedroom Duplex,5,5,Ikota Lekki Lagos,6.4711251,3.8147504,39.0638334712576,53.23478511464151,Lekki,1,Duplex,0,0,0,1.0,0,4,5,0,330000000.0
4 Bedroom Detached Duplex,4,4,Orchid Lekki Lagos,6.4711251,3.8147504,39.0638334712576,53.23478511464151,Lekki,1,Detached Duplex,0,0,0,1.0,0,4,4,0,260000000.0
Waterfront 5 Bedroom Duplex,5,5,Banana Island Ikoyi Lagos,6.4600581,3.4593152,1.2666850782568917,19.69523211516851,Banana Island,1,Duplex,0,0,0,1.0,0,5,5,0,7500000.0
4 Bedroom Semi Detached Duplex,4,4,Chevron Lekki Lagos,6.4711251,3.8147504,39.0638334712576,53.23478511464151,Lekki,1,Detached Duplex,0,0,0,1.0,0,4,4,0,200000000.0
4 Bedroom Semi Detached Duplex,4,4,Ikate Lekki Lagos,6.4711251,3.8147504,39.0638334712576,53.23478511464151,Lekki,1,Detached Duplex,0,0,0,1.0,0,4,4,0,250000000.0
Ultra Luxury 5 Bedroom Duplex,5,5,Lekki Phase 1 Lekki Lagos,6.4711251,3.8147504,39.0638334712576,53.23478511464151,Lekki,1,Duplex,0,0,0,1.0,0,4,5,0,1500000000.0
5 Bedroom Semi Detached Home,5,5,Cowrie Creek Estate Ikate Lekki Lagos,6.4711251,3.8147504,39.0638334712576,53.23478511464151,Lekki,1,Detached Duplex,0,0,0,1.0,0,4,5,0,880000000.0
5 Bedroom Detached Duplex,5,5,Idado Lekki Lagos,6.4711251,3.8147504,39.0638334712576,53.23478511464151,Lekki,1,Detached Duplex,0,0,0,1.0,0,4,5,0,280000000.0
5 Bedroom Duplex,5,5,Osapa London Lekki Lagos,6.4711251,3.8147504,39.0638334712576,53.23478511464151,Lekki,1,Duplex,0,0,0,1.0,0,4,5,0,800000000.0
5 Bedroom Duplex,5,5,Ikota Lekki Lagos,6.4711251,3.8147504,39.0638334712576,53.23478511464151,Lekki,1,Duplex,0,0,0,1.0,0,4,5,0,400000000.0
5 Bedroom Detached Duplex,5,5,Orchid Lekki Lagos,6.4711251,3.8147504,39.0638334712576,53.23478511464151,Lekki,1,Detached Duplex,0,0,0,1.0,0,4,5,0,300000000.0
3 Bedroom Apartment,3,3,Victoria Island Lagos,6.4300279,3.4259904,4.5315928067815925,20.705813048742375,Victoria Island,1,Flat,0,0,0,1.0,0,5,3,0,550000000.0
5 Bedroom Detached Duplex,5,5,Ajah Lagos,6.4694716,3.5623861,11.300377211002502,27.53491907587076,Ajah,1,Detached Duplex,0,0,0,1.0,0,4,5,0,235000000.0
5 Bedroom Detached Duplex,5,5,Megamound Ikota Lekki Lagos,6.4711251,3.8147504,39.0638334712576,53.23478511464151,Lekki,1,Detached Duplex,0,0,0,1.0,0,4,5,0,365000000.0
4 Bedroom Semi Detached Duplex,4,4,Ikota Lekki Lagos,6.4711251,3.8147504,39.0638334712576,53.23478511464151,Lekki,1,Detached Duplex,0,0,0,1.0,0,4,4,0,125000000.0
5 Bedroom Duplex,5,5,Lekki Phase 1 Lekki Lagos,6.4711251,3.8147504,39.0638334712576,53.23478511464151,Lekki,1,Duplex,0,0,0,1.0,0,4,5,0,1200000000.0
5 Bedroom Duplex,5,5,Ikoyi Lagos,6.4516268,3.4117815,5.595874965201447,17.89581566309951,Ikoyi,1,Duplex,0,0,0,1.0,0,5,5,0,2500000000.0
5 Bedroom Detached Duplex,5,5,Osapa London Lekki Lagos,6.4711251,3.8147504,39.0638334712576,53.23478511464151,Lekki,1,Detached Duplex,0,0,0,1.0,0,4,5,0,300000000.0
5 Bedroom Apartment,5,5,Ikoyi Lagos,6.4516268,3.4117815,5.595874965201447,17.89581566309951,Ikoyi,1,Flat,0,0,0,1.0,0,5,5,0,6500000.0
4 Bedroom Semi Detached Duplex,4,4,Ikota Lekki Lagos,6.4711251,3.8147504,39.0638334712576,53.23478511464151,Lekki,1,Detached Duplex,0,0,0,1.0,0,4,4,0,160000000.0
4 Bedroom Terrace Duplex,4,4,Ajah Lagos,6.4694716,3.5623861,11.300377211002502,27.53491907587076,Ajah,1,Terrace,0,0,0,1.0,0,4,4,0,100000000.0
4 Bedroom Semi Detached Duplex,4,4,Ikota Lekki Lagos,6.4711251,3.8147504,39.0638334712576,53.23478511464151,Lekki,1,Detached Duplex,0,0,0,1.0,0,4,4,0,165000000.0
5 Bedroom Fully Detached Duplex,5,5,Ikota Lekki Lagos,6.4711251,3.8147504,39.0638334712576,53.23478511464151,Lekki,1,Detached Duplex,0,0,0,1.0,0,4,5,0,320000000.0
5 Bedroom Detached Duplex,5,5,Ikoyi Lagos,6.4516268,3.4117815,5.595874965201447,17.89581566309951,Ikoyi,1,Detached Duplex,0,0,0,1.0,0,5,5,0,10000000.0
5 Bedroom Fully Detached Duplex,5,5,2nd Tollgate Chevron Lekki Lagos,6.4711251,3.8147504,39.0638334712576,53.23478511464151,Lekki,1,Detached Duplex,0,0,0,1.0,0,4,5,0,418000000.0
5 Bedroom Duplex,5,5,Osapa London Lekki Lagos,6.4711251,3.8147504,39.0638334712576,53.23478511464151,Lekki,1,Duplex,0,0,0,1.0,0,4,5,0,650000000.0
4 Bedroom Semi Detached Duplex,4,4,Ikota Lekki Lagos,6.4711251,3.8147504,39.0638334712576,53.23478511464151,Lekki,1,Detached Duplex,0,0,0,1.0,0,4,4,0,115000000.0
5 Bedroom Duplex,5,5,Ikate Lekki Lagos,6.4711251,3.8147504,39.0638334712576,53.23478511464151,Lekki,1,Duplex,0,0,0,1.0,0,4,5,0,700000000.0
4 Bedroom Detached Duplex,4,4,Ikota Lekki Lagos,6.4711251,3.8147504,39.0638334712576,53.23478511464151,Lekki,1,Detached Duplex,0,0,0,1.0,0,4,4,0,195000000.0
5 Bedroom Detached Duplex,5,5,Victoria Island Lagos,6.4300279,3.4259904,4.5315928067815925,20.705813048742375,Victoria Island,1,Detached Duplex,0,0,0,1.0,0,5,5,0,900000000.0
4 Bedroom Detached Duplex,4,4,Idado Lekki Lagos,6.4711251,3.8147504,39.0638334712576,53.23478511464151,Lekki,1,Detached Duplex,0,0,0,1.0,0,4,4,0,230000000.0
2 Bedroom Apartment,2,2,Osapa London Lekki Lagos,6.4711251,3.8147504,39.0638334712576,53.23478511464151,Lekki,1,Flat,0,0,0,1.0,0,4,2,0,100000000.0
4 Bedroom Semi Detached Duplex,4,4,Lekky County Ikota Lekki Lagos,6.4711251,3.8147504,39.0638334712576,53.23478511464151,Lekki,1,Detached Duplex,0,0,0,1.0,0,4,4,0,120000000.0
4 Bedroom Terrace Duplex,4,4,Abraham Adesanya Estate Ajah Lagos,6.4694716,3.5623861,11.300377211002502,27.53491907587076,Ajah,1,Terrace,0,0,0,1.0,0,4,4,0,110000000.0
5 Bedroom Detached Duplex,5,5,Chevron Lekki Lagos,6.4711251,3.8147504,39.0638334712576,53.23478511464151,Lekki,1,Detached Duplex,0,0,0,1.0,0,4,5,0,400000000.0
4 Bedroom Terrace Duplex,4,4,Ikota Lekki Lagos,6.4711251,3.8147504,39.0638334712576,53.23478511464151,Lekki,1,Terrace,0,0,0,1.0,0,4,4,0,150000000.0
5 Bedroom Detached Duplex,5,5,Lekky County Megamound Ikota Lekki Lagos,6.4711251,3.8147504,39.0638334712576,53.23478511464151,Lekki,1,Detached Duplex,0,0,0,1.0,0,4,5,0,250000000.0
4 Bedroom Semi Detached Duplex,4,4,Ikota Lekki Lagos,6.4711251,3.8147504,39.0638334712576,53.23478511464151,Lekki,1,Detached Duplex,0,0,0,1.0,0,4,4,0,130000000.0
Bedroom Apartments,2,2,Ikate Lekki Lagos,6.4711251,3.8147504,39.0638334712576,53.23478511464151,Lekki,1,Flat,0,0,0,1.0,0,4,2,0,120000000.0
4 Bedroom Terrace Duplex,4,4,Ikoyi Lagos,6.4516268,3.4117815,5.595874965201447,17.89581566309951,Ikoyi,1,Terrace,0,0,0,1.0,0,5,4,0,1300000000.0
Serviced 4 Bedroom Maisonette,4,4,Ikoyi Lagos,6.4516268,3.4117815,5.595874965201447,17.89581566309951,Ikoyi,1,Other,0,0,0,1.0,1,5,4,1,900000000.0
5 Bedroom Detached Duplex,5,6,Osapa London Lekki Lagos,6.4711251,3.8147504,39.0638334712576,53.23478511464151,Lekki,1,Detached Duplex,0,0,0,1.2,0,4,5,0,350000000.0
4 Bedroom Duplex,4,4,Lekky County Ikota Lekki Lagos,6.4711251,3.8147504,39.0638334712576,53.23478511464151,Lekki,1,Duplex,0,0,0,1.0,0,4,4,0,350000000.0
4 Bedroom Detached Duplex,4,4,Ajah Lagos,6.4694716,3.5623861,11.300377211002502,27.53491907587076,Ajah,1,Detached Duplex,0,0,0,1.0,0,4,4,0,120000000.0
4 Bedroom Terraced Duplex,4,4,Ikota Lekki Lagos,6.4711251,3.8147504,39.0638334712576,53.23478511464151,Lekki,1,Terrace,0,0,0,1.0,0,4,4,0,120000000.0
4 Bedroom Townhouse,5,5,Ikoyi Lagos,6.4516268,3.4117815,5.595874965201447,17.89581566309951,Ikoyi,1,Other,0,0,0,1.0,0,5,5,0,500000000.0
4 Bedroom Duplex,4,4,Orchid Lekki Lagos,6.4711251,3.8147504,39.0638334712576,53.23478511464151,Lekki,1,Duplex,0,0,0,1.0,0,4,4,0,300000000.0
4 Bedroom Terraced Duplex,3,3,Ikota Lekki Lagos,6.4711251,3.8147504,39.0638334712576,53.23478511464151,Lekki,1,Terrace,0,0,0,1.0,0,4,3,0,85000000.0
5 Bedroom Fully Detached Duplex,5,0,Toll Gate Chevron Lekki Lagos,6.4711251,3.8147504,39.0638334712576,53.23478511464151,Lekki,1,Detached Duplex,0,0,0,0.0,0,4,5,0,420000000.0
5 Bedroom Detached Duplex,5,5,Royal Garden Estate Ajah Lagos,6.4694716,3.5623861,11.300377211002502,27.53491907587076,Ajah,1,Detached Duplex,0,0,0,1.0,0,4,5,0,600000000.0
2 Bedroom Apartment,2,2,Ikate Lekki Lagos,6.4711251,3.8147504,39.0638334712576,53.23478511464151,Lekki,1,Flat,0,0,0,1.0,0,4,2,0,180000000.0
2 Bedroom Apartment,2,2,Ikate Lekki Lagos,6.4711251,3.8147504,39.0638334712576,53.23478511464151,Lekki,1,Flat,0,0,0,1.0,0,4,2,0,185000000.0
5 Bedroom Semi Detached Duplex,5,5,Cowrie Creek Estate Ikate Lekki Lagos,6.4711251,3.8147504,39.0638334712576,53.23478511464151,Lekki,1,Detached Duplex,0,0,0,1.0,0,4,5,0,850000000.0
5 Bedroom Detached Duplex,5,5,Royal Garden Estate Off Lekki Epe Expressway Ajah Lagos,6.4711251,3.8147504,39.0638334712576,53.23478511464151,Lekki,1,Detached Duplex,0,0,0,1.0,0,4,5,0,380000000.0
4 Bedroom Semi Detached Duplex,4,4,Ajah Lagos,6.4694716,3.5623861,11.300377211002502,27.53491907587076,Ajah,1,Detached Duplex,0,0,0,1.0,0,4,4,0,120000000.0
5 Bedroom Detached Duplex,5,5,Agungi Lekki Lagos,6.4711251,3.8147504,39.0638334712576,53.23478511464151,Lekki,1,Detached Duplex,0,0,0,1.0,0,4,5,0,350000000.0
5 Bedroom Mansion,5,5,Vgc Lekki Lagos,6.4711251,3.8147504,39.0638334712576,53.23478511464151,Lekki,1,Other,0,0,0,1.0,0,4,5,0,650000000.0
5 Bedroom Detached Duplex,5,5,Idado Lekki Lagos,6.4711251,3.8147504,39.0638334712576,53.23478511464151,Lekki,1,Detached Duplex,0,0,0,1.0,0,4,5,0,350000000.0
5 Bedroom Duplex,5,5,Osapa London Lekki Lagos,6.4711251,3.8147504,39.0638334712576,53.23478511464151,Lekki,1,Duplex,0,0,0,1.0,0,4,5,0,600000000.0
5 Bedroom Detached Duplex,5,5,Royal Garden Estate Ajah Lagos,6.4694716,3.5623861,11.300377211002502,27.53491907587076,Ajah,1,Detached Duplex,0,0,0,1.0,0,4,5,0,550000000.0
5 Bedroom Semi Detached Duplex,5,5,Cowrie Creek Estate Ikate Lekki Lagos,6.4711251,3.8147504,39.0638334712576,53.23478511464151,Lekki,1,Detached Duplex,0,0,0,1.0,0,4,5,0,950000000.0
5 Bedroom Duplex,5,5,Ikate Lekki Lagos,6.4711251,3.8147504,39.0638334712576,53.23478511464151,Lekki,1,Duplex,0,0,0,1.0,0,4,5,0,380000000.0
5 Bedroom Detached Duplex,5,6,Ikate Lekki Lagos,6.4711251,3.8147504,39.0638334712576,53.23478511464151,Lekki,1,Detached Duplex,0,0,0,1.2,0,4,5,0,950000000.0
5 Bedroom Duplex,5,5,Pinnock Beach Osapa London Lekki Lagos,6.4711251,3.8147504,39.0638334712576,53.23478511464151,Lekki,1,Duplex,0,0,0,1.0,0,4,5,0,750000000.0
3 Bedroom Apartment,3,3,Ikate Lekki Lagos,6.4711251,3.8147504,39.0638334712576,53.23478511464151,Lekki,1,Flat,0,0,0,1.0,0,4,3,0,200000000.0
4 Bedroom Detached Duplex,0,0,Chevron Lekki Lagos,6.4711251,3.8147504,39.0638334712576,53.23478511464151,Lekki,1,Detached Duplex,0,0,0,0.0,0,4,0,0,195000000.0
Newly Built 4 Bedroom Semi Detached Duplex,4,4,Off Apapa Road Ebute Metta Yaba Lagos,6.5114693,3.3699982,12.327418636428003,10.196897835571315,Yaba,0,Detached Duplex,0,0,1,1.0,0,4,0,1,250000000.0
5 Bedroom Detached House,5,6,Off Pinnock Beach Osapa London Lekki Lagos,6.4711251,3.8147504,39.0638334712576,53.23478511464151,Lekki,1,Detached Duplex,0,0,0,1.2,0,4,5,0,650000000.0
5 Bedroom Detached Duplex,5,5,Lekki Phase 1 Lekki Lagos,6.4711251,3.8147504,39.0638334712576,53.23478511464151,Lekki,1,Detached Duplex,0,0,0,1.0,0,4,5,0,1100000000.0
5 Bedroom Duplex,5,5,Chevron Lekki Lagos,6.4711251,3.8147504,39.0638334712576,53.23478511464151,Lekki,1,Duplex,0,0,0,1.0,0,4,5,0,390000000.0
2 Bedroom Apartment,2,2,Lekki Phase 1 Lekki Lagos,6.4711251,3.8147504,39.0638334712576,53.23478511464151,Lekki,1,Flat,0,0,0,1.0,0,4,2,0,160000000.0
5 Bedroom Detached Duplex,5,5,Pinnock Beach Osapa London Lekki Lagos,6.4711251,3.8147504,39.0638334712576,53.23478511464151,Lekki,1,Detached Duplex,0,0,0,1.0,0,4,5,0,1200000000.0
5 Bedroom Detached Duplex,5,5,Chevron Lekki Lagos,6.4711251,3.8147504,39.0638334712576,53.23478511464151,Lekki,1,Detached Duplex,0,0,0,1.0,0,4,5,0,500000000.0
5 Bedroom Semi Detached Duplex,5,5,Ikate Lekki Lagos,6.4711251,3.8147504,39.0638334712576,53.23478511464151,Lekki,1,Detached Duplex,0,0,0,1.0,0,4,5,0,950000000.0
5 Bedroom Duplex,0,0,Chevron Lekki Lagos,6.4711251,3.8147504,39.0638334712576,53.23478511464151,Lekki,1,Duplex,0,0,0,0.0,0,4,0,0,680000000.0
5 Bedroom Detached Duplex,5,5,Idado Lekki Lagos,6.4711251,3.8147504,39.0638334712576,53.23478511464151,Lekki,1,Detached Duplex,0,0,0,1.0,0,4,5,0,490000000.0
4 Bedroom Detached Duplex,4,4,Pinnock Beach Estate Osapa London Lekki Lagos,6.4711251,3.8147504,39.0638334712576,53.23478511464151,Lekki,1,Detached Duplex,0,0,0,1.0,0,4,4,0,850000000.0
4 Bedroom Detached Duplex,4,4,Lekki County Ikota Lekki Lagos,6.4711251,3.8147504,39.0638334712576,53.23478511464151,Lekki,1,Detached Duplex,0,0,0,1.0,0,4,4,0,170000000.0
5 Bedroom Semi Detached Duplex,5,5,Ikoyi Lagos,6.4516268,3.4117815,5.595874965201447,17.89581566309951,Ikoyi,1,Detached Duplex,0,0,0,1.0,0,5,5,0,850000000.0
2 Bedroom Apartment,2,2,Ikate Lekki Lagos,6.4711251,3.8147504,39.0638334712576,53.23478511464151,Lekki,1,Flat,0,0,0,1.0,0,4,2,0,200000000.0
2 Bedroom Apartment,2,2,Ologolo Lekki Lagos,6.4711251,3.8147504,39.0638334712576,53.23478511464151,Lekki,1,Flat,0,0,0,1.0,0,4,2,0,100000000.0
4 Bedroom Detached Duplex,5,5,Chevron Lekki Lagos,6.4711251,3.8147504,39.0638334712576,53.23478511464151,Lekki,1,Detached Duplex,0,0,0,1.0,0,4,5,0,200000000.0
4 Bedroom Maisonette Ultra Luxury High Rise,4,6,Bourdillon Ikoyi Lagos,6.4516268,3.4117815,5.595874965201447,17.89581566309951,Ikoyi,1,Other,0,0,0,1.5,0,5,4,0,5000000.0
4 Bedroom Detached Duplex,4,0,Ajah Lagos,6.4694716,3.5623861,11.300377211002502,27.53491907587076,Ajah,1,Detached Duplex,0,0,0,0.0,0,4,4,0,140000000.0
Modern 2 Bedroom Apartment,2,2,Victoria Island Lagos,6.4300279,3.4259904,4.5315928067815925,20.705813048742375,Victoria Island,1,Flat,0,0,0,1.0,0,5,2,0,450000000.0
5 Bedroom Detached Duplex,5,5,Ikate Lekki Lagos,6.4711251,3.8147504,39.0638334712576,53.23478511464151,Lekki,1,Detached Duplex,0,0,0,1.0,0,4,5,0,510000000.0
5 Bedroom Detached Duplex,5,5,Osapa London Lekki Lagos,6.4711251,3.8147504,39.0638334712576,53.23478511464151,Lekki,1,Detached Duplex,0,0,0,1.0,0,4,5,0,380000000.0
4 Bedroom Terrace Duplex,4,4,Lekky County Ikota Lekki Lagos,6.4711251,3.8147504,39.0638334712576,53.23478511464151,Lekki,1,Terrace,0,0,0,1.0,0,4,4,0,105000000.0
4 Bedroom Terrace Duplex,4,4,Vgc Lekki Lagos,6.4711251,3.8147504,39.0638334712576,53.23478511464151,Lekki,1,Terrace,0,0,0,1.0,0,4,4,0,190000000.0
5 Bedroom Duplex,5,5,Pinnock Beach Osapa London Lekki Lagos,6.4711251,3.8147504,39.0638334712576,53.23478511464151,Lekki,1,Duplex,0,0,0,1.0,0,4,5,0,800000000.0
5 Bedroom Semi Detached Duplex,5,5,Lekky County Ikota Lekki Lagos,6.4711251,3.8147504,39.0638334712576,53.23478511464151,Lekki,1,Detached Duplex,0,0,0,1.0,0,4,5,0,290000000.0
5 Bedroom Detached Duplex,5,5,Chevron Lekki Lagos,6.4711251,3.8147504,39.0638334712576,53.23478511464151,Lekki,1,Detached Duplex,0,0,0,1.0,0,4,5,0,350000000.0
5 Bedroom Duplex,5,5,Ikoyi Lagos,6.4516268,3.4117815,5.595874965201447,17.89581566309951,Ikoyi,1,Duplex,0,0,0,1.0,0,5,5,0,8300000000.0
5 Bedroom Mansion,5,5,Vgc Lekki Lagos,6.4711251,3.8147504,39.0638334712576,53.23478511464151,Lekki,1,Other,0,0,0,1.0,0,4,5,0,500000000.0
4 Bedroom Terrace Duplex,4,4,Ikate Lekki Lagos,6.4711251,3.8147504,39.0638334712576,53.23478511464151,Lekki,1,Terrace,0,0,0,1.0,0,4,4,0,180000000.0
4 Bedroom Terrace Duplex,4,4,Ajah Lagos,6.4694716,3.5623861,11.300377211002502,27.53491907587076,Ajah,1,Terrace,0,0,0,1.0,0,4,4,0,80000000.0
4 Bedroom Detached Duplex,4,4,Ikota Lekki Lagos,6.4711251,3.8147504,39.0638334712576,53.23478511464151,Lekki,1,Detached Duplex,0,0,0,1.0,0,4,4,0,125000000.0
5 Bedroom Detached Duplex,5,5,Lekki Phase 1 Lekki Lagos,6.4711251,3.8147504,39.0638334712576,53.23478511464151,Lekki,1,Detached Duplex,0,0,0,1.0,0,4,5,0,1000000000.0
5 Bedroom Detached Duplex,5,5,Ologolo Lekki Lagos,6.4711251,3.8147504,39.0638334712576,53.23478511464151,Lekki,1,Detached Duplex,0,0,0,1.0,0,4,5,0,330000000.0
4 Bedroom Semi Detached Duplex,4,4,Chevron Lekki Lagos,6.4711251,3.8147504,39.0638334712576,53.23478511464151,Lekki,1,Detached Duplex,0,0,0,1.0,0,4,4,0,138000000.0
5 Bedroom Duplex,5,5,Osapa London Lekki Lagos,6.4711251,3.8147504,39.0638334712576,53.23478511464151,Lekki,1,Duplex,0,0,0,1.0,0,4,5,0,1600000000.0
3 Bedroom Apartment,3,3,Ikate Lekki Lagos,6.4711251,3.8147504,39.0638334712576,53.23478511464151,Lekki,1,Flat,0,0,0,1.0,0,4,3,0,160000000.0
5 Bedroom Duplex,5,5,Ikate Lekki Lagos,6.4711251,3.8147504,39.0638334712576,53.23478511464151,Lekki,1,Duplex,0,0,0,1.0,0,4,5,0,400000000.0
4 Bedroom Fully Detached Duplex,4,4,2nd Tollgate Chevron Lekki Lagos,6.4711251,3.8147504,39.0638334712576,53.23478511464151,Lekki,1,Detached Duplex,0,0,0,1.0,0,4,4,0,330000000.0
6 Bedroom Duplex,0,0,Ikoyi Lagos,6.4516268,3.4117815,5.595874965201447,17.89581566309951,Ikoyi,1,Duplex,0,0,0,0.0,0,5,0,0,5000000000.0
5 Bedroom Duplex,5,5,Osapa London Lekki Lagos,6.4711251,3.8147504,39.0638334712576,53.23478511464151,Lekki,1,Duplex,0,0,0,1.0,0,4,5,0,1400000000.0
Contemporary 5 Bedroom Duplex,5,0,Ajah Lagos,6.4694716,3.5623861,11.300377211002502,27.53491907587076,Ajah,1,Duplex,0,0,0,0.0,0,4,5,0,280000000.0
5 Bedroom Duplex,5,5,Lekky County Ikota Lekki Lagos,6.4711251,3.8147504,39.0638334712576,53.23478511464151,Lekki,1,Duplex,0,0,0,1.0,0,4,5,0,420000000.0
4 Bedroom Semi Detached Duplex,4,4,Ikota Lekki Lagos,6.4711251,3.8147504,39.0638334712576,53.23478511464151,Lekki,1,Detached Duplex,0,0,0,1.0,0,4,4,0,150000000.0
2 Bedroom Apartment,2,2,Ikate Lekki Lagos,6.4711251,3.8147504,39.0638334712576,53.23478511464151,Lekki,1,Flat,0,0,0,1.0,0,4,2,0,205000000.0
5 Bedroom Detached Duplex,5,5,Chevron Lekki Lagos,6.4711251,3.8147504,39.0638334712576,53.23478511464151,Lekki,1,Detached Duplex,0,0,0,1.0,0,4,5,0,370000000.0
5 Bedroom Semi Detached Duplex,5,5,Cowrie Creek Estate Ikate Lekki Lagos,6.4711251,3.8147504,39.0638334712576,53.23478511464151,Lekki,1,Detached Duplex,0,0,0,1.0,0,4,5,0,780000000.0
4 Bedroom Semi Detached Duplex,4,4,Ologolo Lekki Lagos,6.4711251,3.8147504,39.0638334712576,53.23478511464151,Lekki,1,Detached Duplex,0,0,0,1.0,0,4,4,0,130000000.0
Waterfront 5 Bedroom Penthouse,5,5,Ikoyi Lagos,6.4516268,3.4117815,5.595874965201447,17.89581566309951,Ikoyi,1,Other,0,0,0,1.0,0,5,5,0,13500000.0
3 Bedroom Apartment,3,3,Ikate Lekki Lagos,6.4711251,3.8147504,39.0638334712576,53.23478511464151,Lekki,1,Flat,0,0,0,1.0,0,4,3,0,170000000.0
4 Bedroom Semi Detached Duplex,4,4,Orchid Lekki Lagos,6.4711251,3.8147504,39.0638334712576,53.23478511464151,Lekki,1,Detached Duplex,0,0,0,1.0,0,4,4,0,80000000.0
5 Bedroom House,5,5,Ajah Lagos,6.4694716,3.5623861,11.300377211002502,27.53491907587076,Ajah,1,Other,0,0,0,1.0,0,4,5,0,350000000.0
2 Bedroom Flat,2,2,"Ikate Elegushi, Lekki Lagos",6.4711251,3.8147504,39.0638334712576,53.23478511464151,Lekki,1,Flat,0,0,0,1.0,0,4,2,0,130000000.0
Newly Built 2 Bedroom Apartment,2,2,Off Freedom Way Ikate Lekki Lagos,6.4711251,3.8147504,39.0638334712576,53.23478511464151,Lekki,1,Flat,0,0,1,1.0,0,4,2,1,180000000.0
3 Bedroom Penthouse,3,4,Off Freedom Way Ikate Lekki Lagos,6.4711251,3.8147504,39.0638334712576,53.23478511464151,Lekki,1,Other,0,0,0,1.3333333333333333,0,4,3,0,360000000.0
Strategically Located Along The Lekki Epe Expressway,0,0,Tiwa Garden Phase 2 Eleranigbe Ibeju Lekki Lagos,6.4711251,3.8147504,39.0638334712576,53.23478511464151,Lekki,1,Other,0,0,0,0.0,0,4,0,0,38000000.0
Newly Built 4 Bed At Chevron,0,0,Chevron Lekki Lagos,6.4711251,3.8147504,39.0638334712576,53.23478511464151,Lekki,1,Other,0,0,1,0.0,1,4,0,2,350000000.0
Newly Built 4 Bed Duplex Ajah,4,4,Ado Odo Road Ajah Lagos,6.4694716,3.5623861,11.300377211002502,27.53491907587076,Ajah,1,Duplex,0,0,1,1.0,0,4,4,1,160000000.0
Newly Built 4 Bed Semi Detach Duplex Ajah,4,4,Captains Court Estate Ajah Lagos,6.4694716,3.5623861,11.300377211002502,27.53491907587076,Ajah,1,Duplex,0,0,1,1.0,0,4,4,1,150000000.0
Newly Built 4 Bed With Pool Ajah,4,4,Captains Court Estate Ado Road Ajah Lagos,6.4694716,3.5623861,11.300377211002502,27.53491907587076,Ajah,1,Other,1,0,1,1.0,0,4,4,2,200000000.0
5bedroom Fully Detached Duplex For Sale,5,5,Lekky County Homes Ikota Lekki Lagos,6.4711251,3.8147504,39.0638334712576,53.23478511464151,Lekki,1,Detached Duplex,0,0,0,1.0,0,4,5,0,470000000.0
5bedroom Fully Detached Duplex For Sale,5,5,Chevron Chevron Lekki Lagos,6.4711251,3.8147504,39.0638334712576,53.23478511464151,Lekki,1,Detached Duplex,0,0,0,1.0,0,4,5,0,750000000.0
6bedroom Fully Detached Duplex For Sale.,6,6,Banana Island Banana Island Ikoyi Lagos,6.4600581,3.4593152,1.2666850782568917,19.69523211516851,Banana Island,1,Detached Duplex,0,0,0,1.0,0,5,6,0,5500000000.0
Newly Built 4 Bed/2bq Duplex Chevron,4,4,Northern Foreshore Estate Chevron Lekki Lagos,6.4711251,3.8147504,39.0638334712576,53.23478511464151,Lekki,1,Duplex,0,1,1,1.0,1,4,4,2,800000000.0
5bedroom Fully Detached Duplex For Sale,5,5,Ikate Lekki Lagos,6.4711251,3.8147504,39.0638334712576,53.23478511464151,Lekki,1,Detached Duplex,0,0,0,1.0,0,4,5,0,2300000000.0
Newly Built 4 Bed With Pool At Ajah,4,4,Captains Court Estate Ado Road Ajah Lagos,6.4694716,3.5623861,11.300377211002502,27.53491907587076,Ajah,1,Other,1,0,1,1.0,0,4,4,2,200000000.0
5bedroom Fully Detached Duplex For Sale,5,5,Lekky County Homes Ikota Lekki Lagos,6.4711251,3.8147504,39.0638334712576,53.23478511464151,Lekki,1,Detached Duplex,0,0,0,1.0,0,4,5,0,580000000.0
Affordable 2 Bed At Kate,2,2,Ikate Lekki Lagos,6.4711251,3.8147504,39.0638334712576,53.23478511464151,Lekki,1,Other,0,0,0,1.0,0,4,2,0,200000000.0
Newly Built 5 Bed With Pool Ajah,5,5,Captains Court Estate Ado Road Ajah Lagos,6.4694716,3.5623861,11.300377211002502,27.53491907587076,Ajah,1,Other,1,0,1,1.0,0,4,5,2,250000000.0
Affordable 2 Bed At Ikoyi,2,2,Glover Road Ikoyi Lagos,6.4516268,3.4117815,5.595874965201447,17.89581566309951,Ikoyi,1,Other,0,0,0,1.0,0,5,2,0,350000000.0
Newly Built 4 Bed Duplex At Ikate,4,4,Ikate Lekki Lagos,6.4711251,3.8147504,39.0638334712576,53.23478511464151,Lekki,1,Duplex,0,0,1,1.0,0,4,4,1,300000000.0
5bedroom Fully Detached Duplex For Sale,5,5,Ajah Lagos,6.4694716,3.5623861,11.300377211002502,27.53491907587076,Ajah,1,Detached Duplex,0,0,0,1.0,0,4,5,0,290000000.0
Newly Built 4 Bed With Pool Ajah,4,4,Captains Court Estate Ado Road Ajah Lagos,6.4694716,3.5623861,11.300377211002502,27.53491907587076,Ajah,1,Other,1,0,1,1.0,0,4,4,2,180000000.0
Luxury 2/3 Bedroom Flat With Pool/gym,2,2,Lekki Phase 1 Lekki Lagos,6.4711251,3.8147504,39.0638334712576,53.23478511464151,Lekki,1,Flat,1,0,0,1.0,0,4,2,1,350000000.0
5 Bedroom Detached Duplex With Gym,5,5,Chevron Toll Gate Lekki Lagos,6.4711251,3.8147504,39.0638334712576,53.23478511464151,Lekki,1,Detached Duplex,0,0,0,1.0,0,4,5,0,680000000.0
4 Bedroom Maisonette With Bq,4,4,Lekki Phase 1 Lekki Lagos,6.4711251,3.8147504,39.0638334712576,53.23478511464151,Lekki,1,Other,0,1,0,1.0,0,4,4,0,500000000.0
Exquisite 4 Bedroom Fully Detached House,4,6,Lekki Phase 1 Lekki Lagos,6.4711251,3.8147504,39.0638334712576,53.23478511464151,Lekki,1,Detached Duplex,0,0,0,1.5,0,4,4,0,1100000000.0
Newly Built 4 Bedroom Fully Detached Duplex,4,4,Lekki Phase 1 Lekki Lagos,6.4711251,3.8147504,39.0638334712576,53.23478511464151,Lekki,1,Detached Duplex,0,0,1,1.0,0,4,4,1,500000000.0
2 Bedroom Apartment,2,2,Lekki Phase 1 Ologolo Lekki Lagos,6.4711251,3.8147504,39.0638334712576,53.23478511464151,Lekki,1,Flat,0,0,0,1.0,0,4,2,0,150000000.0
4 Bedroom Terrace Duplex,4,4,Off Admiralty Rd Lekki Phase 1 Lekki Lagos,6.4711251,3.8147504,39.0638334712576,53.23478511464151,Lekki,1,Terrace,0,0,0,1.0,0,4,4,0,500000000.0
1/2 Bedroom Flat,0,0,"Buckingham Estate, Surulere Lagos",6.4855737,3.3539907,12.645023012159903,12.856266720612217,Surulere,0,Flat,0,0,0,0.0,0,4,0,0,55000000.0
3 Bedroom Apartment With Bq,3,3,Ikoyi Lagos,6.4516268,3.4117815,5.595874965201447,17.89581566309951,Ikoyi,1,Flat,0,1,0,1.0,0,5,3,0,1100000.0
2 Bedroom Apartment,2,2,Admiralty Road Lekki Lagos,6.4711251,3.8147504,39.0638334712576,53.23478511464151,Lekki,1,Flat,0,0,0,1.0,0,4,2,0,170000000.0
"Premium Studio Apartments, 2 Bed, 3 Bed",0,0,Freedom Way Lekki Phase 1 Lekki Lagos,6.4711251,3.8147504,39.0638334712576,53.23478511464151,Lekki,1,Flat,0,0,0,0.0,0,4,0,0,120000000.0
5 Bedroom Fully Detached Duplex,5,5,Agungi Lekki Lagos,6.4711251,3.8147504,39.0638334712576,53.23478511464151,Lekki,1,Detached Duplex,0,0,0,1.0,0,4,5,0,750000000.0
3 Bedroom Apartment,3,3,Freedom Way Lekki Lagos,6.4711251,3.8147504,39.0638334712576,53.23478511464151,Lekki,1,Flat,0,0,0,1.0,0,4,3,0,220000000.0
Blocks Of Flats,3,3,Opebi Ikeja Lagos,6.5974727,3.3432815,21.044803340125824,1.0271477798224158,Ikeja,0,Flat,0,0,0,1.0,0,5,0,0,1300000000.0
4 Bedroom Semi Detached Duplex With Units Of Flats,4,4,"Off Kudirat Abiola Way, Oregun Ikeja Lagos",6.5974727,3.3432815,21.044803340125824,1.0271477798224158,Ikeja,0,Detached Duplex,0,0,0,1.0,0,5,0,0,250000000.0
Newly Built Units Of 3 Bedroom Apartment,3,3,Opebi Ikeja Lagos,6.5974727,3.3432815,21.044803340125824,1.0271477798224158,Ikeja,0,Flat,0,0,1,1.0,0,5,0,1,140000000.0
5 Bedroom Duplex,5,5,Gbagada Lagos,6.558073,3.3836208,14.873848626382443,6.000235705174417,Gbagada,0,Duplex,0,0,0,1.0,0,4,0,0,500000000.0
Story Building With 2 Units Of 3 Bedroom Flat,0,0,Off Keffi Road Ikoyi S.w Ikoyi Lagos,6.4516268,3.4117815,5.595874965201447,17.89581566309951,Ikoyi,1,Flat,0,0,0,0.0,0,5,0,0,750000000.0
Luxury 3 Bedroom Penthouse With Bq,3,4,"Ebun Olu Adegboruwa Lane, Babalola Gardens, Off Freedom Way (adjacent To Presken Hotel) Lekki Peninsular Scheme 1 Lekki Phase 1 Lekki Lagos",6.4711251,3.8147504,39.0638334712576,53.23478511464151,Lekki,1,Other,0,1,0,1.3333333333333333,0,4,3,0,350000000.0
Luxury 2 Bedroom Flat With Bq,2,3,"Ebun Olu Adegboruwa Lane, Babalola Gardens, Off Freedom Way (adjacent To Presken Hotel) Lekki Peninsular Scheme 1, Lekki Phase 1 Lekki Lagos",6.4711251,3.8147504,39.0638334712576,53.23478511464151,Lekki,1,Flat,0,1,0,1.5,0,4,2,0,250000000.0
5 Units Of 1 Bedroom Apartment,1,2,Ologolo Lekki Lagos,6.4711251,3.8147504,39.0638334712576,53.23478511464151,Lekki,1,Flat,0,0,0,2.0,0,4,1,0,75000000.0
5 Bedrooms Fully Detached Duplex,5,5,Lekki Scheme 2 Ajah Lagos,6.4711251,3.8147504,39.0638334712576,53.23478511464151,Lekki,1,Detached Duplex,0,0,0,1.0,0,4,5,0,300000000.0
5 Bedroom Duplex,5,5,Sabo Yaba Lagos,6.5114693,3.3699982,12.327418636428003,10.196897835571315,Yaba,0,Duplex,0,0,0,1.0,0,4,0,0,380000000.0
Commercial 2 Story Building,0,0,Alausa Ikeja Lagos,6.5974727,3.3432815,21.044803340125824,1.0271477798224158,Ikeja,0,Other,0,0,0,0.0,0,5,0,0,800000000.0
4 Storey Building,10,10,Allen Avenue Ikeja Lagos,6.5974727,3.3432815,21.044803340125824,1.0271477798224158,Ikeja,0,Other,0,0,0,1.0,0,5,0,0,2000000000.0
4 Bedroom Duplex,4,4,Opebi Ikeja Lagos,6.5974727,3.3432815,21.044803340125824,1.0271477798224158,Ikeja,0,Duplex,0,0,0,1.0,0,5,0,0,350000000.0
A Commercial Property,10,10,Allen Avenue Ikeja Lagos,6.5974727,3.3432815,21.044803340125824,1.0271477798224158,Ikeja,0,Other,0,0,0,1.0,0,5,0,0,2200000000.0
Duplex,4,5,Opebi Estate Opebi Ikeja Lagos,6.5974727,3.3432815,21.044803340125824,1.0271477798224158,Ikeja,0,Duplex,0,0,0,1.25,0,5,0,0,250000000.0
4 Bedroom Detached Duplex With Bq,4,5,Oduduwa Axis Ikeja Gra Ikeja Lagos,6.5974727,3.3432815,21.044803340125824,1.0271477798224158,Ikeja,0,Detached Duplex,0,1,0,1.25,0,5,0,0,3800000000.0
Building,10,10,Allen Avenue Allen Avenue Ikeja Lagos,6.5974727,3.3432815,21.044803340125824,1.0271477798224158,Ikeja,0,Other,0,0,0,1.0,0,5,0,0,1650000000.0
Hotel,10,10,Oduduwa Ikeja Gra Ikeja Lagos,6.5974727,3.3432815,21.044803340125824,1.0271477798224158,Ikeja,0,Other,0,0,0,1.0,0,5,0,0,1250000000.0
Newly Built 3 Bedroom Apartment,3,4,Estate At Oregun Alausa Ikeja Lagos,6.5974727,3.3432815,21.044803340125824,1.0271477798224158,Ikeja,0,Flat,0,0,1,1.3333333333333333,0,5,0,1,230000000.0
4 Bedroom Terraced Duplex With Bq,4,5,Ikeja Gra Ikeja Lagos,6.5974727,3.3432815,21.044803340125824,1.0271477798224158,Ikeja,0,Terrace,0,1,0,1.25,0,5,0,0,320000000.0
4 Bedroom Terraced Duplex,4,4,Ikota Gra Estate Lekki Lagos,6.4711251,3.8147504,39.0638334712576,53.23478511464151,Lekki,1,Terrace,0,0,0,1.0,0,4,4,0,180000000.0
5 Bedroom Fully Detached Duplex With Bq,5,6,Ikeja Gra Ikeja Lagos,6.5974727,3.3432815,21.044803340125824,1.0271477798224158,Ikeja,0,Detached Duplex,0,1,0,1.2,0,5,0,0,1200000000.0
Luxury 5 Bedroom Detached Duplex,5,5,Lekki Palm City Ado Road Ajah Lagos,6.4711251,3.8147504,39.0638334712576,53.23478511464151,Lekki,1,Detached Duplex,0,0,0,1.0,0,4,5,0,210000000.0
Fully Occupied Luxury Apartment,0,0,Old Ikoyi Ikoyi Lagos,6.4516268,3.4117815,5.595874965201447,17.89581566309951,Ikoyi,1,Flat,0,0,0,0.0,0,5,0,0,30000000.0
Curated 2bedroom Flat With Swimming Pool,2,2,Nike Art Gallery Ikate Lekki Lagos,6.4711251,3.8147504,39.0638334712576,53.23478511464151,Lekki,1,Flat,1,0,0,1.0,0,4,2,1,230000000.0
3 Bedroom Maisonette With Bq,3,3,"Behind Victoria Bay, Creeklane Estate Osapa London Lekki Lagos",6.4711251,3.8147504,39.0638334712576,53.23478511464151,Lekki,1,Other,0,1,0,1.0,0,4,3,0,147000000.0
Olivia Heights 1 Bedroom Maisonette,1,1,"Amore Street Off Freedom Way, Lekki Phase 1 Lekki Lagos",6.4711251,3.8147504,39.0638334712576,53.23478511464151,Lekki,1,Other,0,0,0,1.0,0,4,1,0,125000000.0
2 Bedroom Apartment,2,2,"Behind Victoria Bay, Creeklane Estate Osapa London Lekki Lagos",6.4711251,3.8147504,39.0638334712576,53.23478511464151,Lekki,1,Flat,0,0,0,1.0,0,4,2,0,90000000.0
2 Bedroom Maisonette,2,2,"Behind Victoria Bay, Creeklane Estate Osapa London Lekki Lagos",6.4711251,3.8147504,39.0638334712576,53.23478511464151,Lekki,1,Other,0,0,0,1.0,0,4,2,0,100000000.0
5 Bedroom Fully Detached Duplex With Bq,5,5,Parkview Estate Ikoyi Lagos,6.4516268,3.4117815,5.595874965201447,17.89581566309951,Ikoyi,1,Detached Duplex,0,1,0,1.0,0,5,5,0,1500000000.0
New 2 Bedroom Apartment,2,2,Ikate Lekki Lagos,6.4711251,3.8147504,39.0638334712576,53.23478511464151,Lekki,1,Flat,0,0,0,1.0,0,4,2,0,145000000.0
4 Units Of 3 Bedroom Terrace Duplex,3,3,Lekki Phase 1 Lekki Lagos,6.4711251,3.8147504,39.0638334712576,53.23478511464151,Lekki,1,Terrace,0,0,0,1.0,0,4,3,0,1400000000.0
Luxury 5 Bedroom Detached Duplex With Bq,5,5,Banana Island Ikoyi Lagos,6.4600581,3.4593152,1.2666850782568917,19.69523211516851,Banana Island,1,Detached Duplex,0,1,0,1.0,0,5,5,0,5000000.0
Plot Measuring 1500 Sqm,0,0,Banana Island Ikoyi Lagos,6.4600581,3.4593152,1.2666850782568917,19.69523211516851,Banana Island,1,Other,0,0,0,0.0,0,5,0,0,8500000000.0
5 Bedroom Maisonette With Inverter,5,5,Lekki Phase 1 Lekki Lagos,6.4711251,3.8147504,39.0638334712576,53.23478511464151,Lekki,1,Other,0,0,0,1.0,0,4,5,0,500000000.0
5 Bedroom Fully Detached Duplex With 2 Bq,5,5,Lekki Phase 1 Lekki Lagos,6.4711251,3.8147504,39.0638334712576,53.23478511464151,Lekki,1,Detached Duplex,0,1,0,1.0,0,4,5,0,800000000.0
Luxury 5 Bedroom Semi Detached Duplex With 2 Bq,5,5,Ikoyi Lagos,6.4516268,3.4117815,5.595874965201447,17.89581566309951,Ikoyi,1,Detached Duplex,0,1,0,1.0,0,5,5,0,1300000000.0
Luxury 5 Bedroom Terraced Duplex With Bq,5,5,Banana Island Ikoyi Lagos,6.4600581,3.4593152,1.2666850782568917,19.69523211516851,Banana Island,1,Terrace,0,1,0,1.0,0,5,5,0,2000000.0
Newly Renovated 3 Bedroom Apartment,3,3,Ikoyi Lagos,6.4516268,3.4117815,5.595874965201447,17.89581566309951,Ikoyi,1,Flat,0,0,0,1.0,0,5,3,0,680000000.0
Luxury 4 Bedroom Apartment,4,4,Old Ikoyi Ikoyi Lagos,6.4516268,3.4117815,5.595874965201447,17.89581566309951,Ikoyi,1,Flat,0,0,0,1.0,0,5,4,0,1500000000.0
5 Bedroom Bungalow,0,0,Victoria Island Lagos,6.4300279,3.4259904,4.5315928067815925,20.705813048742375,Victoria Island,1,Bungalow,0,0,0,0.0,0,5,0,0,800000000.0
Newly Built 2 Bedroom Apartment,2,2,Ikate Lekki Lagos,6.4711251,3.8147504,39.0638334712576,53.23478511464151,Lekki,1,Flat,0,0,1,1.0,0,4,2,1,220000000.0
New Luxury 5 Bedroom Semi Detached House,5,5,Ikoyi Lagos,6.4516268,3.4117815,5.595874965201447,17.89581566309951,Ikoyi,1,Detached Duplex,0,0,0,1.0,0,5,5,0,1200000000.0
Waterfront Plot Measuring 3430 Sqm,0,0,Banana Island Ikoyi Lagos,6.4600581,3.4593152,1.2666850782568917,19.69523211516851,Banana Island,1,Other,0,0,0,0.0,0,5,0,0,3500000.0
3 Bedroom Maisonette With Bar,3,3,Lekki Phase 1 Lekki Lagos,6.4711251,3.8147504,39.0638334712576,53.23478511464151,Lekki,1,Other,0,0,0,1.0,0,4,3,0,425000000.0
New 2 Bedroom Apartment With Kids Playground,2,2,Ikate Lekki Lagos,6.4711251,3.8147504,39.0638334712576,53.23478511464151,Lekki,1,Flat,0,0,0,1.0,0,4,2,0,150000000.0
9 Units Of 2 Bedroom Apartment,2,2,Lekki Phase 1 Lekki Lagos,6.4711251,3.8147504,39.0638334712576,53.23478511464151,Lekki,1,Flat,0,0,0,1.0,0,4,2,0,305000000.0
Newly Built 1 Bedroom Apartment,1,1,Freedom Way Lekki Lagos,6.4711251,3.8147504,39.0638334712576,53.23478511464151,Lekki,1,Flat,0,0,1,1.0,0,4,1,1,140000000.0
Luxury 3 Bedroom Penthouse Apartment,3,3,Eko Atlantic City Victoria Island Lagos,6.4300279,3.4259904,4.5315928067815925,20.705813048742375,Victoria Island,1,Flat,0,0,0,1.0,0,5,3,0,1800000.0
Plot Measuring 1246 Sqm,0,0,Banana Island Ikoyi Lagos,6.4600581,3.4593152,1.2666850782568917,19.69523211516851,Banana Island,1,Other,0,0,0,0.0,0,5,0,0,7000000000.0
Newly Built 4 Bedroom Maisonette With Bq,4,4,Ikoyi Lagos,6.4516268,3.4117815,5.595874965201447,17.89581566309951,Ikoyi,1,Other,0,1,1,1.0,0,5,4,1,1000000.0
10 Units Of Luxury 2 Bedroom Block Of Flats,2,2,Lekki Lagos,6.4711251,3.8147504,39.0638334712576,53.23478511464151,Lekki,1,Flat,0,0,0,1.0,0,4,2,0,305000000.0
Furnished 3 Bedroom Apartment With Bq,3,3,Ikoyi Lagos,6.4516268,3.4117815,5.595874965201447,17.89581566309951,Ikoyi,1,Flat,0,1,0,1.0,0,5,3,0,750000000.0
Luxury 3 Bedroom Flat,3,3,Banana Island Ikoyi Lagos,6.4600581,3.4593152,1.2666850782568917,19.69523211516851,Banana Island,1,Flat,0,0,0,1.0,0,5,3,0,850000000.0
Luxury 2 Bedroom Apartment With Staff Quarter,2,2,Victoria Island Lagos,6.4300279,3.4259904,4.5315928067815925,20.705813048742375,Victoria Island,1,Flat,0,0,0,1.0,0,5,2,0,695000000.0
Newly Built 4 Bedroom Maisonette,4,4,Banana Island Ikoyi Lagos,6.4600581,3.4593152,1.2666850782568917,19.69523211516851,Banana Island,1,Other,0,0,1,1.0,0,5,4,1,3500000000.0
5 Bedroom Penthouse,5,5,Banana Island Ikoyi Lagos,6.4600581,3.4593152,1.2666850782568917,19.69523211516851,Banana Island,1,Other,0,0,0,1.0,0,5,5,0,7000000.0
2 Bedroom Maisonette,2,2,Freedom Way Lekki Lagos,6.4711251,3.8147504,39.0638334712576,53.23478511464151,Lekki,1,Other,0,0,0,1.0,0,4,2,0,200000000.0
2 Bedroom Apartment With Bq,2,2,Lekki Phase 1 Lekki Lagos,6.4711251,3.8147504,39.0638334712576,53.23478511464151,Lekki,1,Flat,0,1,0,1.0,0,4,2,0,290000000.0
5 Bedroom Detached Duplex With Bq,5,5,Orchid Lekki Lagos,6.4711251,3.8147504,39.0638334712576,53.23478511464151,Lekki,1,Detached Duplex,0,1,0,1.0,0,4,5,0,650000000.0
Luxury 4 Bedroom Terrace Duplex,4,4,Orchid Lekki Lagos,6.4711251,3.8147504,39.0638334712576,53.23478511464151,Lekki,1,Terrace,0,0,0,1.0,0,4,4,0,160000000.0
3 Bedroom Apartment With Bq,3,3,Lekki Phase 1 Lekki Lagos,6.4711251,3.8147504,39.0638334712576,53.23478511464151,Lekki,1,Flat,0,1,0,1.0,0,4,3,0,300000000.0
5 Bedroom Detached Duplex With Bq,5,5,Ajah Lagos,6.4694716,3.5623861,11.300377211002502,27.53491907587076,Ajah,1,Detached Duplex,0,1,0,1.0,0,4,5,0,280000000.0
5 Bedroom Semi Detached Duplex,5,0,"Lekki Palms City Estate, Off Lekki Epe Express Way Ado Road Ajah Lagos",6.4711251,3.8147504,39.0638334712576,53.23478511464151,Lekki,1,Detached Duplex,0,0,0,0.0,0,4,5,0,210000000.0
5 Bedroom Semi Detached Duplex + Bq,5,0,"Lekki Palms City Estate, Off Lekki Epe Express Way Ado Road Ajah Lagos",6.4711251,3.8147504,39.0638334712576,53.23478511464151,Lekki,1,Detached Duplex,0,1,0,0.0,0,4,5,0,210000000.0
4 Bedroom Fully Detached Duplex,4,5,Sunshine Estate Sangotedo Ajah Lagos,6.4694716,3.5623861,11.300377211002502,27.53491907587076,Ajah,1,Detached Duplex,0,0,0,1.25,0,4,4,0,195000000.0
A Fully Detached 4bedroom Duplex,4,5,Orchid Lekki Lagos,6.4711251,3.8147504,39.0638334712576,53.23478511464151,Lekki,1,Detached Duplex,0,0,0,1.25,0,4,4,0,300000000.0
Standard 2 Bedroom Terraced Duplex,2,3,Mega Estate Badore Ajah Lagos,6.4694716,3.5623861,11.300377211002502,27.53491907587076,Ajah,1,Terrace,0,0,0,1.5,0,4,2,0,55000000.0
2 Units Of 4 Bedroom Duplex,4,5,Thomas Estate Ajah Lagos,6.4694716,3.5623861,11.300377211002502,27.53491907587076,Ajah,1,Duplex,0,0,0,1.25,0,4,4,0,130000000.0
Luxurious Semi Detached 4bedroom Duplex,4,5,Orchid Lekki Lagos,6.4711251,3.8147504,39.0638334712576,53.23478511464151,Lekki,1,Detached Duplex,0,0,0,1.25,0,4,4,0,250000000.0
Office,0,0,Toyin Street Ikeja Lagos,6.5974727,3.3432815,21.044803340125824,1.0271477798224158,Ikeja,0,Other,0,0,0,0.0,0,5,0,0,750000000.0
Standard 2 Units Of 4 Bedroom Duplex,0,0,Victory Estate Ado Ajah Lagos,6.4694716,3.5623861,11.300377211002502,27.53491907587076,Ajah,1,Duplex,0,0,0,0.0,0,4,0,0,150000000.0
4 Bedroom Semi Detached Duplex,4,5,Sunshine Estate Sangotedo Ajah Lagos,6.4694716,3.5623861,11.300377211002502,27.53491907587076,Ajah,1,Detached Duplex,0,0,0,1.25,0,4,4,0,190000000.0
4 Bedroom Semi Detached Duplex,4,5,Ikota Lekki Lagos,6.4711251,3.8147504,39.0638334712576,53.23478511464151,Lekki,1,Detached Duplex,0,0,0,1.25,0,4,4,0,185000000.0
A Massive 5bedroom Fully Detached Duplex,5,6,Orchid Lekki Lagos,6.4711251,3.8147504,39.0638334712576,53.23478511464151,Lekki,1,Detached Duplex,0,0,0,1.2,0,4,5,0,650000000.0
4 Bedroom Fully Detached Duplex,4,5,Lekki Palmcity Ado Road Ajah Lagos,6.4711251,3.8147504,39.0638334712576,53.23478511464151,Lekki,1,Detached Duplex,0,0,0,1.25,0,4,4,0,210000000.0
5 Bedroom Fully Detached Duplex,5,6,Thomas Estate Ajah Lagos,6.4694716,3.5623861,11.300377211002502,27.53491907587076,Ajah,1,Detached Duplex,0,0,0,1.2,0,4,5,0,230000000.0
Massive Units Of Two Bedroom Flats,2,3,Ologolo Lekki Lagos,6.4711251,3.8147504,39.0638334712576,53.23478511464151,Lekki,1,Flat,0,0,0,1.5,0,4,2,0,120000000.0
5 Bedroom Detached Duplex,5,5,Old Ikoyi Ikoyi Lagos,6.4516268,3.4117815,5.595874965201447,17.89581566309951,Ikoyi,1,Detached Duplex,0,0,0,1.0,0,5,5,0,4000000.0
3 Bedroom Duplex With A Bq,3,4,"Harmony Estate, Langbasa Ado Ajah Lagos",6.4694716,3.5623861,11.300377211002502,27.53491907587076,Ajah,1,Duplex,0,1,0,1.3333333333333333,0,4,3,0,75000000.0
4 Bedroom Fully Detached Duplex L,4,5,Lekki Palmcity Ado Road Ajah Lagos,6.4711251,3.8147504,39.0638334712576,53.23478511464151,Lekki,1,Detached Duplex,0,0,0,1.25,0,4,4,0,350000000.0
2 Bedroom Terrace Duplex With Bq,2,3,Lekki Scheme 2 Ajah Lagos,6.4711251,3.8147504,39.0638334712576,53.23478511464151,Lekki,1,Terrace,0,1,0,1.5,0,4,2,0,90000000.0
4 Bedroom Duplex,0,0,Ado Ajah Lagos,6.4694716,3.5623861,11.300377211002502,27.53491907587076,Ajah,1,Duplex,0,0,0,0.0,0,4,0,0,350000000.0
4 Bedroom Semi Detached Duplex,4,5,Thomas Estate Ajah Lagos,6.4694716,3.5623861,11.300377211002502,27.53491907587076,Ajah,1,Detached Duplex,0,0,0,1.25,0,4,4,0,250000000.0
Luxurious Semidetached 4 Bedroom Duplex,4,5,Orchid Lekki Lagos,6.4711251,3.8147504,39.0638334712576,53.23478511464151,Lekki,1,Detached Duplex,0,0,0,1.25,0,4,4,0,250000000.0
Standard Fully Furnished Mini Flat With Inverter,1,2,Orchid Lekki Lagos,6.4711251,3.8147504,39.0638334712576,53.23478511464151,Lekki,1,Flat,0,0,0,2.0,0,4,1,0,75000000.0
Standard Spacious 4 Bedroom Semi Detached Duplex,4,5,Thomas Estate Ajah Lagos,6.4694716,3.5623861,11.300377211002502,27.53491907587076,Ajah,1,Detached Duplex,0,0,0,1.25,0,4,4,0,210000000.0
Luxury 5 Bedroom Detached Duplex,5,6,Freedom Way Lekki Lagos,6.4711251,3.8147504,39.0638334712576,53.23478511464151,Lekki,1,Detached Duplex,0,0,0,1.2,0,4,5,0,1000000000.0
Luxury 4 Bedroom Terrace Duplex,4,5,Orchid Lekki Lagos,6.4711251,3.8147504,39.0638334712576,53.23478511464151,Lekki,1,Terrace,0,0,0,1.25,0,4,4,0,140000000.0
Luxury 4 Bedroom Terrace Duplex,4,5,Ikota Lekki Lagos,6.4711251,3.8147504,39.0638334712576,53.23478511464151,Lekki,1,Terrace,0,0,0,1.25,0,4,4,0,130000000.0
5 Bedroom Semi Detached Duplex,5,6,Oniru Victoria Island Lagos,6.4300279,3.4259904,4.5315928067815925,20.705813048742375,Victoria Island,1,Detached Duplex,0,0,0,1.2,0,5,5,0,600000000.0
Beautiful 4 Bedroom Terrace Duplex,4,5,Ikota Lekki Lagos,6.4711251,3.8147504,39.0638334712576,53.23478511464151,Lekki,1,Terrace,0,0,0,1.25,0,4,4,0,85000000.0
Luxury 3 Bedroom Terrace Duplex,3,4,Igbo Efon Lekki Lagos,6.4711251,3.8147504,39.0638334712576,53.23478511464151,Lekki,1,Terrace,0,0,0,1.3333333333333333,0,4,3,0,160000000.0
3 Bedroom Apartment,3,4,Ikate Lekki Lagos,6.4711251,3.8147504,39.0638334712576,53.23478511464151,Lekki,1,Flat,0,0,0,1.3333333333333333,0,4,3,0,310000000.0
5 Bedroom Detached Duplex,5,6,Freedom Way Lekki Lagos,6.4711251,3.8147504,39.0638334712576,53.23478511464151,Lekki,1,Detached Duplex,0,0,0,1.2,0,4,5,0,900000000.0
Automated 4 Bedroom Fully Detached Duplex,4,5,Ikate Lekki Lagos,6.4711251,3.8147504,39.0638334712576,53.23478511464151,Lekki,1,Detached Duplex,0,0,0,1.25,0,4,4,0,450000000.0
Luxury 3 Bedroom Terrace Duplex,3,4,Ikota Lekki Lagos,6.4711251,3.8147504,39.0638334712576,53.23478511464151,Lekki,1,Terrace,0,0,0,1.3333333333333333,0,4,3,0,120000000.0
5 Bedroom Detached Duplex,5,6,Freedom Way Lekki Lagos,6.4711251,3.8147504,39.0638334712576,53.23478511464151,Lekki,1,Detached Duplex,0,0,0,1.2,0,4,5,0,800000000.0
5 Bedroom Semi Detached Duplex,5,6,Banana Island Ikoyi Lagos,6.4600581,3.4593152,1.2666850782568917,19.69523211516851,Banana Island,1,Detached Duplex,0,0,0,1.2,0,5,5,0,2500000000.0
3 Bedroom Terrace Duplex,3,4,Ikota Lekki Lagos,6.4711251,3.8147504,39.0638334712576,53.23478511464151,Lekki,1,Terrace,0,0,0,1.3333333333333333,0,4,3,0,78000000.0
Beautiful 4 Bedroom Maisonette,4,5,Ikoyi Lagos,6.4516268,3.4117815,5.595874965201447,17.89581566309951,Ikoyi,1,Other,0,0,0,1.25,0,5,4,0,1800000000.0
Luxury 5 Bedroom Detached Duplex,5,6,Freedom Way Lekki Lagos,6.4711251,3.8147504,39.0638334712576,53.23478511464151,Lekki,1,Detached Duplex,0,0,0,1.2,0,4,5,0,980000000.0
4 Bedroom Detached Duplex,4,5,Ikota Lekki Lagos,6.4711251,3.8147504,39.0638334712576,53.23478511464151,Lekki,1,Detached Duplex,0,0,0,1.25,0,4,4,0,210000000.0
Automated 5 Bedroom Fully Detached Duplex,5,6,Ikota Lekki Lagos,6.4711251,3.8147504,39.0638334712576,53.23478511464151,Lekki,1,Detached Duplex,0,0,0,1.2,0,4,5,0,460000000.0
Modern 4 Bedroom Semi Detached Duplex,4,5,Ajah Lagos,6.4694716,3.5623861,11.300377211002502,27.53491907587076,Ajah,1,Detached Duplex,0,0,0,1.25,0,4,4,0,160000000.0
Luxury 3 Bedroom Apartment,3,4,Lekki Phase 1 Lekki Lagos,6.4711251,3.8147504,39.0638334712576,53.23478511464151,Lekki,1,Flat,0,0,0,1.3333333333333333,0,4,3,0,400000000.0
Sleek 5 Bedroom Fully Detached Home,5,6,Orchid Lekki Lagos,6.4711251,3.8147504,39.0638334712576,53.23478511464151,Lekki,1,Detached Duplex,0,0,0,1.2,0,4,5,0,420000000.0
Furnished 4 Bedroom Penthouse,4,5,Freedom Way Lekki Lagos,6.4711251,3.8147504,39.0638334712576,53.23478511464151,Lekki,1,Other,0,0,0,1.25,0,4,4,0,900000000.0
1 Bedroom Apartment,1,2,Abraham Adesanya Estate Ajah Lagos,6.4694716,3.5623861,11.300377211002502,27.53491907587076,Ajah,1,Flat,0,0,0,2.0,0,4,1,0,55000000.0
Luxury 2 Bedroom Apartment,2,3,Ikate Lekki Lagos,6.4711251,3.8147504,39.0638334712576,53.23478511464151,Lekki,1,Flat,0,0,0,1.5,0,4,2,0,170000000.0
Luxury 4 Bedroom Fully Detached Duplex,4,5,Ikota Lekki Lagos,6.4711251,3.8147504,39.0638334712576,53.23478511464151,Lekki,1,Detached Duplex,0,0,0,1.25,0,4,4,0,180000000.0
2 Bedroom Maisonette,2,3,Freedom Way Lekki Lagos,6.4711251,3.8147504,39.0638334712576,53.23478511464151,Lekki,1,Other,0,0,0,1.5,0,4,2,0,250000000.0
Luxury 4 Bedroom Terrace Duplex,4,5,Orchid Lekki Lagos,6.4711251,3.8147504,39.0638334712576,53.23478511464151,Lekki,1,Terrace,0,0,0,1.25,0,4,4,0,130000000.0
Luxury 4 Bedroom Terrace Duplex,4,5,Ikota Lekki Lagos,6.4711251,3.8147504,39.0638334712576,53.23478511464151,Lekki,1,Terrace,0,0,0,1.25,0,4,4,0,145000000.0
4 Bedroom Townhouse,4,5,Freedom Way Lekki Lagos,6.4711251,3.8147504,39.0638334712576,53.23478511464151,Lekki,1,Other,0,0,0,1.25,0,4,4,0,350000000.0
2 Bedroom Apartment,2,3,Abraham Adesanya Estate Ajah Lagos,6.4694716,3.5623861,11.300377211002502,27.53491907587076,Ajah,1,Flat,0,0,0,1.5,0,4,2,0,65000000.0
Automated 4 Bedroom Semi Detached Duplex,4,5,Ikate Lekki Lagos,6.4711251,3.8147504,39.0638334712576,53.23478511464151,Lekki,1,Detached Duplex,0,0,0,1.25,0,4,4,0,400000000.0
Newly Built 4 Bedroom Detached Duplex,4,5,Ikota Lekki Lagos,6.4711251,3.8147504,39.0638334712576,53.23478511464151,Lekki,1,Detached Duplex,0,0,1,1.25,0,4,4,1,190000000.0
Newly Built 4 Bedroom Terrace Duplex,4,5,Ikota Lekki Lagos,6.4711251,3.8147504,39.0638334712576,53.23478511464151,Lekki,1,Terrace,0,0,1,1.25,0,4,4,1,100000000.0
Luxury 4 Bedroom Semi Detached Duplex,4,5,Vgc Lekki Lagos,6.4711251,3.8147504,39.0638334712576,53.23478511464151,Lekki,1,Detached Duplex,0,0,0,1.25,0,4,4,0,160000000.0
Contemporary 4 Bedroom Detached Duplex,4,5,Orchid Lekki Lagos,6.4711251,3.8147504,39.0638334712576,53.23478511464151,Lekki,1,Detached Duplex,0,0,0,1.25,0,4,4,0,330000000.0
3 Bedroom Apartment,3,4,Abraham Adesanya Estate Ajah Lagos,6.4694716,3.5623861,11.300377211002502,27.53491907587076,Ajah,1,Flat,0,0,0,1.3333333333333333,0,4,3,0,75000000.0
Newly Built 4 Bedroom Semi Detached,4,4,Agungi Lekki Lagos,6.4711251,3.8147504,39.0638334712576,53.23478511464151,Lekki,1,Detached Duplex,0,0,1,1.0,0,4,4,1,180000000.0
Fine 3 Bedroom Terrace Duplex,3,4,Abraham Adesanya Estate Ajah Lagos,6.4694716,3.5623861,11.300377211002502,27.53491907587076,Ajah,1,Terrace,0,0,0,1.3333333333333333,0,4,3,0,130000000.0
Newly Built 4 Bedroom Terrace Duplex,4,5,Ikoyi Lagos,6.4516268,3.4117815,5.595874965201447,17.89581566309951,Ikoyi,1,Terrace,0,0,1,1.25,0,5,4,1,1200000000.0
3 Bedroom Apartment,3,4,Ikate Lekki Lagos,6.4711251,3.8147504,39.0638334712576,53.23478511464151,Lekki,1,Flat,0,0,0,1.3333333333333333,0,4,3,0,120000000.0
Contemporary 5 Bedroom Detached Duplex,5,5,Chevron Lekki Lagos,6.4711251,3.8147504,39.0638334712576,53.23478511464151,Lekki,1,Detached Duplex,0,0,0,1.0,0,4,5,0,720000000.0
Contemporary 5 Bedroom Detached Duplex,5,5,Orchid Lekki Lagos,6.4711251,3.8147504,39.0638334712576,53.23478511464151,Lekki,1,Detached Duplex,0,0,0,1.0,0,4,5,0,680000000.0
Contemporary 5 Bedroom Detached Duplex,5,5,Ikota Lekki Lagos,6.4711251,3.8147504,39.0638334712576,53.23478511464151,Lekki,1,Detached Duplex,0,0,0,1.0,0,4,5,0,400000000.0
Lovely 4 Bedroom Semi Detached Duplex,4,4,Agungi Lekki Lagos,6.4711251,3.8147504,39.0638334712576,53.23478511464151,Lekki,1,Detached Duplex,0,0,0,1.0,0,4,4,0,240000000.0
Stunning 5 Bedroom Detached Duplex,5,5,Lekki Phase 1 Lekki Lagos,6.4711251,3.8147504,39.0638334712576,53.23478511464151,Lekki,1,Detached Duplex,0,0,0,1.0,0,4,5,0,1500000000.0
Modern 4 Bedroom Semi Detached Duplex,4,4,2nd Toll Gate Lekki Lagos,6.4711251,3.8147504,39.0638334712576,53.23478511464151,Lekki,1,Detached Duplex,0,0,0,1.0,0,4,4,0,210000000.0
Contemporary 5 Bedroom Detached Duplex,5,5,Ikota Lekki Lagos,6.4711251,3.8147504,39.0638334712576,53.23478511464151,Lekki,1,Detached Duplex,0,0,0,1.0,0,4,5,0,660000000.0
Stunning 5 Bedroom Detached Duplex,5,5,Chevron Lekki Lagos,6.4711251,3.8147504,39.0638334712576,53.23478511464151,Lekki,1,Detached Duplex,0,0,0,1.0,0,4,5,0,600000000.0
Contemporary 5 Bedroom Detached Duplex,5,5,Abraham Adesanya Estate Ajah Lagos,6.4694716,3.5623861,11.300377211002502,27.53491907587076,Ajah,1,Detached Duplex,0,0,0,1.0,0,4,5,0,320000000.0
Contemporary 4 Bedroom Semi Detached Duplex,4,4,Chevron Lekki Lagos,6.4711251,3.8147504,39.0638334712576,53.23478511464151,Lekki,1,Detached Duplex,0,0,0,1.0,0,4,4,0,235000000.0
Contemporary 5 Bedroom Detached Duplex,5,5,Ikota Lekki Lagos,6.4711251,3.8147504,39.0638334712576,53.23478511464151,Lekki,1,Detached Duplex,0,0,0,1.0,0,4,5,0,420000000.0
Lovely 2 Bedroom Apartment,0,0,Ikota Lekki Lagos,6.4711251,3.8147504,39.0638334712576,53.23478511464151,Lekki,1,Flat,0,0,0,0.0,0,4,0,0,200000000.0
Contemporary 4 Bedroom Detached Duplex,4,4,Chevron Lekki Lagos,6.4711251,3.8147504,39.0638334712576,53.23478511464151,Lekki,1,Detached Duplex,0,0,0,1.0,0,4,4,0,350000000.0
Modern 4 Bedroom Terrace Duplex,4,4,Osapa London Lekki Lagos,6.4711251,3.8147504,39.0638334712576,53.23478511464151,Lekki,1,Terrace,0,0,0,1.0,0,4,4,0,350000000.0
Contemporary 5 Bedroom Detached Duplex,5,5,Cowrie Creek Estate Ikate Lekki Lagos,6.4711251,3.8147504,39.0638334712576,53.23478511464151,Lekki,1,Detached Duplex,0,0,0,1.0,0,4,5,0,800000000.0
Modern 4 Bedroom Semi Detached Duplex,4,4,Agungi Lekki Lagos,6.4711251,3.8147504,39.0638334712576,53.23478511464151,Lekki,1,Detached Duplex,0,0,0,1.0,0,4,4,0,290000000.0
Massive 5 Bedroom Detached Duplex,5,5,Ikota Lekki Lagos,6.4711251,3.8147504,39.0638334712576,53.23478511464151,Lekki,1,Detached Duplex,0,0,0,1.0,0,4,5,0,600000000.0
Fully Serviced 2 Bedroom Apartment,2,2,Ikoyi Lagos,6.4516268,3.4117815,5.595874965201447,17.89581566309951,Ikoyi,1,Flat,0,0,0,1.0,1,5,2,1,270000000.0
Lovely 2 Bedroom Apartment,2,2,Lekki Phase 1 Lekki Lagos,6.4711251,3.8147504,39.0638334712576,53.23478511464151,Lekki,1,Flat,0,0,0,1.0,0,4,2,0,280000000.0
Stunning 5 Bedroom Detached Duplex,5,5,Ikota Lekki Lagos,6.4711251,3.8147504,39.0638334712576,53.23478511464151,Lekki,1,Detached Duplex,0,0,0,1.0,0,4,5,0,600000000.0
Stunning 5 Bedroom Detached Duplex,5,5,Ikota Lekki Lagos,6.4711251,3.8147504,39.0638334712576,53.23478511464151,Lekki,1,Detached Duplex,0,0,0,1.0,0,4,5,0,630000000.0
Contemporary 5 Bedroom Detached Duplex,5,5,Ikate Lekki Lagos,6.4711251,3.8147504,39.0638334712576,53.23478511464151,Lekki,1,Detached Duplex,0,0,0,1.0,0,4,5,0,950000000.0
Contemporary 5 Bedroom Detached Duplex,5,5,Megamound Estte Ikota Lekki Lagos,6.4711251,3.8147504,39.0638334712576,53.23478511464151,Lekki,1,Detached Duplex,0,0,0,1.0,0,4,5,0,420000000.0
Contemporary 5 Bedroom Detached Duplex,5,5,Lekki Phase 1 Lekki Lagos,6.4711251,3.8147504,39.0638334712576,53.23478511464151,Lekki,1,Detached Duplex,0,0,0,1.0,0,4,5,0,1350000000.0
Contemporary 5 Bedroom Detached Duplex,5,5,Lekki Phase 1 Lekki Lagos,6.4711251,3.8147504,39.0638334712576,53.23478511464151,Lekki,1,Detached Duplex,0,0,0,1.0,0,4,5,0,850000000.0
Luxurious 5 Bedroom Detached Duplex,5,5,Ajah Lagos,6.4694716,3.5623861,11.300377211002502,27.53491907587076,Ajah,1,Detached Duplex,0,0,0,1.0,0,4,5,0,350000000.0
Contemporary 5 Bedroom Detached Duplex,5,5,Osapa London Lekki Lagos,6.4711251,3.8147504,39.0638334712576,53.23478511464151,Lekki,1,Detached Duplex,0,0,0,1.0,0,4,5,0,1400000000.0
Massive 5 Bedroom Detached Duplex,5,5,Vgc Lekki Lagos,6.4711251,3.8147504,39.0638334712576,53.23478511464151,Lekki,1,Detached Duplex,0,0,0,1.0,0,4,5,0,320000000.0
Massive 5 Bedroom Detached Duplex,5,5,Sangotedo Ajah Lagos,6.4694716,3.5623861,11.300377211002502,27.53491907587076,Ajah,1,Detached Duplex,0,0,0,1.0,0,4,5,0,350000000.0
Lovely 4 Bedroom Terrace Duplex,4,4,Ikoyi Lagos,6.4516268,3.4117815,5.595874965201447,17.89581566309951,Ikoyi,1,Terrace,0,0,0,1.0,0,5,4,0,600000000.0
Modern 4 Bedroom Semi Detached Duplex,5,5,Ologolo Lekki Lagos,6.4711251,3.8147504,39.0638334712576,53.23478511464151,Lekki,1,Detached Duplex,0,0,0,1.0,0,4,5,0,265000000.0
Newly Built 5 Bedroom Detached Duplex,5,5,Lekki Lagos,6.4711251,3.8147504,39.0638334712576,53.23478511464151,Lekki,1,Detached Duplex,0,0,1,1.0,0,4,5,1,1200000000.0
5 Bedroom Fully Detached Duplex With Bq,5,0,Osapa London Lekki Lagos,6.4711251,3.8147504,39.0638334712576,53.23478511464151,Lekki,1,Detached Duplex,0,1,0,0.0,0,4,5,0,1550000000.0
Newly Built 5 Bedroom Detached Duplex,5,5,Ajah Lagos,6.4694716,3.5623861,11.300377211002502,27.53491907587076,Ajah,1,Detached Duplex,0,0,1,1.0,0,4,5,1,290000000.0
Newly Built 5 Bedroom Detached Duplex,5,5,Chevron Lekki Lagos,6.4711251,3.8147504,39.0638334712576,53.23478511464151,Lekki,1,Detached Duplex,0,0,1,1.0,0,4,5,1,450000000.0
Newly Built 5 Bedroom Detached Duplex,5,5,2nd Toll Gate Lekki Lagos,6.4711251,3.8147504,39.0638334712576,53.23478511464151,Lekki,1,Detached Duplex,0,0,1,1.0,0,4,5,1,600000000.0
Stunning 4 Bedroom Terrace Duplex,4,4,Ikota Lekki Lagos,6.4711251,3.8147504,39.0638334712576,53.23478511464151,Lekki,1,Terrace,0,0,0,1.0,0,4,4,0,100000000.0
Modern 4 Bedroom Detached Duplex,4,4,Abraham Adesanya Estate Ajah Lagos,6.4694716,3.5623861,11.300377211002502,27.53491907587076,Ajah,1,Detached Duplex,0,0,0,1.0,0,4,4,0,260000000.0
Lovely 4 Bedroom Detached Duplex,4,4,Abraham Adesanya Estate Ajah Lagos,6.4694716,3.5623861,11.300377211002502,27.53491907587076,Ajah,1,Detached Duplex,0,0,0,1.0,0,4,4,0,245000000.0
Lovely 2 Bedroom Apartment,2,2,Lekki Phase 1 Lekki Lagos,6.4711251,3.8147504,39.0638334712576,53.23478511464151,Lekki,1,Flat,0,0,0,1.0,0,4,2,0,200000000.0
Contemporary 5 Bedroom Detached Duplex,5,5,Ikota Lekki Lagos,6.4711251,3.8147504,39.0638334712576,53.23478511464151,Lekki,1,Detached Duplex,0,0,0,1.0,0,4,5,0,460000000.0
Modern 4 Bedroom Detached Duplex,4,4,Ajah Lagos,6.4694716,3.5623861,11.300377211002502,27.53491907587076,Ajah,1,Detached Duplex,0,0,0,1.0,0,4,4,0,180000000.0
Luxurious 5 Bedroom Detached Duplex,5,5,Ajah Lagos,6.4694716,3.5623861,11.300377211002502,27.53491907587076,Ajah,1,Detached Duplex,0,0,0,1.0,0,4,5,0,330000000.0
Modern 4 Bedroom Semi Detached Duplex,4,4,Lekki Phase 1 Lekki Lagos,6.4711251,3.8147504,39.0638334712576,53.23478511464151,Lekki,1,Detached Duplex,0,0,0,1.0,0,4,4,0,650000000.0
Contemporary 4 Bedroom Semi Detached Duplex,4,4,Ikota Lekki Lagos,6.4711251,3.8147504,39.0638334712576,53.23478511464151,Lekki,1,Detached Duplex,0,0,0,1.0,0,4,4,0,300000000.0
Smart 5 Bedroom Penthouse,4,4,Ikoyi Lagos,6.4516268,3.4117815,5.595874965201447,17.89581566309951,Ikoyi,1,Other,0,0,0,1.0,0,5,4,0,3000000000.0
Massive 5 Bedroom Detached Duplex,5,5,Osapa London Lekki Lagos,6.4711251,3.8147504,39.0638334712576,53.23478511464151,Lekki,1,Detached Duplex,0,0,0,1.0,0,4,5,0,1550000000.0
Lovely 2 Bedroom Apartment,2,2,Ologolo Lekki Lagos,6.4711251,3.8147504,39.0638334712576,53.23478511464151,Lekki,1,Flat,0,0,0,1.0,0,4,2,0,140000000.0
Lovely 4 Bedroom Terrace Duplex,4,4,Orchid Lekki Lagos,6.4711251,3.8147504,39.0638334712576,53.23478511464151,Lekki,1,Terrace,0,0,0,1.0,0,4,4,0,130000000.0
Contemporary 5 Bedroom Detached Duplex,5,5,Chevron Lekki Lagos,6.4711251,3.8147504,39.0638334712576,53.23478511464151,Lekki,1,Detached Duplex,0,0,0,1.0,0,4,5,0,350000000.0
Stunning 5 Bedroom Detached Duplex,5,5,Ajah Lagos,6.4694716,3.5623861,11.300377211002502,27.53491907587076,Ajah,1,Detached Duplex,0,0,0,1.0,0,4,5,0,650000000.0
5 Bedroom Fully Detached Duplex With Bq & Pool,5,5,"Lekki Palm City, Ado Ajah Lagos",6.4711251,3.8147504,39.0638334712576,53.23478511464151,Lekki,1,Detached Duplex,1,1,0,1.0,0,4,5,1,165000000.0
Lovely 3 Bedroom Apartment,3,3,Lekki Phase 1 Lekki Lagos,6.4711251,3.8147504,39.0638334712576,53.23478511464151,Lekki,1,Flat,0,0,0,1.0,0,4,3,0,250000000.0
Lovely 3 Bedroom Apartment,3,3,Lekki Phase 1 Lekki Lagos,6.4711251,3.8147504,39.0638334712576,53.23478511464151,Lekki,1,Flat,0,0,0,1.0,0,4,3,0,350000000.0
Contemporary 5 Bedroom Detached Duplex,5,5,Chevron Lekki Lagos,6.4711251,3.8147504,39.0638334712576,53.23478511464151,Lekki,1,Detached Duplex,0,0,0,1.0,0,4,5,0,750000000.0
Beautiful 5 Bedroom Detached Duplex,5,5,Lekki Phase 1 Lekki Lagos,6.4711251,3.8147504,39.0638334712576,53.23478511464151,Lekki,1,Detached Duplex,0,0,0,1.0,0,4,5,0,1500000000.0
Newly Built 4 Bedroom Detached Duplex,4,4,Ajah Lagos,6.4694716,3.5623861,11.300377211002502,27.53491907587076,Ajah,1,Detached Duplex,0,0,1,1.0,0,4,4,1,200000000.0
Modern 4 Bedroom Detached Duplex,4,4,Ajah Lagos,6.4694716,3.5623861,11.300377211002502,27.53491907587076,Ajah,1,Detached Duplex,0,0,0,1.0,0,4,4,0,230000000.0
5 Bedroom Fully Detached Duplex,5,5,Bridgegate Estate Agungi Lekki Lagos,6.4711251,3.8147504,39.0638334712576,53.23478511464151,Lekki,1,Detached Duplex,0,0,0,1.0,0,4,5,0,250000000.0
Beautiful 2&3 Bedroom Flat With Rooftop Terrace,2,2,Lekki Phase 1 Lekki Lagos,6.4711251,3.8147504,39.0638334712576,53.23478511464151,Lekki,1,Terrace,0,0,0,1.0,0,4,2,0,400000000.0
Newly Built 4 Bedroom Terrace Duplex,4,4,Ikota Lekki Lagos,6.4711251,3.8147504,39.0638334712576,53.23478511464151,Lekki,1,Terrace,0,0,1,1.0,0,4,4,1,150000000.0
Contemporary 5bedroom Detached Duplex,5,5,Sangotedo Ajah Lagos,6.4694716,3.5623861,11.300377211002502,27.53491907587076,Ajah,1,Detached Duplex,0,0,0,1.0,0,4,5,0,350000000.0
Newly Built 4 Bedroom Semi Detached Duplex,4,4,Ikota Lekki Lagos,6.4711251,3.8147504,39.0638334712576,53.23478511464151,Lekki,1,Detached Duplex,0,0,1,1.0,0,4,4,1,150000000.0
5 Bedroom Detached Duplex With Pool & Bq,5,5,Chevron Tollgate Ikota Lekki Lagos,6.4711251,3.8147504,39.0638334712576,53.23478511464151,Lekki,1,Detached Duplex,1,1,0,1.0,0,4,5,1,400000000.0
2 Bedroom Flat,2,2,Atlantic Boulevard Estate Olokonla Ajah Lagos,6.4694716,3.5623861,11.300377211002502,27.53491907587076,Ajah,1,Flat,0,0,0,1.0,0,4,2,0,80000000.0
Newly Built 2 Bedroom Maisonette,2,2,Off Freedom Way Ikate Lekki Lagos,6.4711251,3.8147504,39.0638334712576,53.23478511464151,Lekki,1,Other,0,0,1,1.0,0,4,2,1,252000000.0
4 Bedroom Semi Detached Duplex,4,4,Ikota Lekki Phase 2 Lekki Lagos,6.4711251,3.8147504,39.0638334712576,53.23478511464151,Lekki,1,Detached Duplex,0,0,0,1.0,0,4,4,0,190000000.0
6 Bedroom Semi Detached Duplex With Bq,6,6,Igbo Efon Ologolo Lekki Lagos,6.4711251,3.8147504,39.0638334712576,53.23478511464151,Lekki,1,Detached Duplex,0,1,0,1.0,0,4,6,0,250000000.0
2 Bedroom Flat,2,2,"Lekki Scheme 2, Ajah Lagos",6.4711251,3.8147504,39.0638334712576,53.23478511464151,Lekki,1,Flat,0,0,0,1.0,0,4,2,0,75000000.0
3 Bedroom Detached Bungalow,3,3,Abijo Gra Ajah Lagos,6.4694716,3.5623861,11.300377211002502,27.53491907587076,Ajah,1,Detached Duplex,0,0,0,1.0,0,4,3,0,60000000.0
Newly Built 3bedroom Detached Duplex,3,3,Sangotedo Ajah Lagos,6.4694716,3.5623861,11.300377211002502,27.53491907587076,Ajah,1,Detached Duplex,0,0,1,1.0,0,4,3,1,150000000.0
2 Bedroom Apartment,2,2,"Off Admiralty Way, Lekki Foreshore, Lekki Phase 1 Lekki Lagos",6.4711251,3.8147504,39.0638334712576,53.23478511464151,Lekki,1,Flat,0,0,0,1.0,0,4,2,0,270000000.0
Block Of 7 Flats,3,3,County Aguda(ogba) Ogba Lagos,6.632608,3.3407753,24.350383789462544,3.607540599553692,Ogba,0,Flat,0,0,0,1.0,0,4,0,0,255000000.0
4 Bedroom Detached Duplex/4 Bedroom Terraced Duplex,4,4,"Ayorinde Street, Ligali Ayorinde Victoria Island Lagos",6.4300279,3.4259904,4.5315928067815925,20.705813048742375,Victoria Island,1,Detached Duplex,0,0,0,1.0,0,5,4,0,1600000000.0
4 Bedroom Terraced Duplex,4,5,Ikota Lekki Lagos,6.4711251,3.8147504,39.0638334712576,53.23478511464151,Lekki,1,Terrace,0,0,0,1.25,0,4,4,0,130000000.0
Spacious 3 Bedroom Apartment With Bq,3,4,Lekki Phase 1 Lekki Lagos,6.4711251,3.8147504,39.0638334712576,53.23478511464151,Lekki,1,Flat,0,1,0,1.3333333333333333,0,4,3,0,350000000.0
3 Bedroom Terraced Duplex,3,3,"Jerico Villa, Abraham Adesanya Estate Ajah Lagos",6.4694716,3.5623861,11.300377211002502,27.53491907587076,Ajah,1,Terrace,0,0,0,1.0,0,4,3,0,100000000.0
Residential And Commercial,0,0,Odo Lofa Isiwo Epe Lagos,6.5857286,3.975694,58.76256740901005,69.05125291773466,Epe,1,Other,0,0,0,0.0,0,1,0,0,2500000.0
Newly Built 3 Bedroom Flat,3,3,Ifako Gbagada Gbagada Lagos,6.558073,3.3836208,14.873848626382443,6.000235705174417,Gbagada,0,Flat,0,0,1,1.0,0,4,0,1,1500000.0
3 Bedroom Flat,3,3,"Alcove Estate, Alagomeji Yaba Lagos",6.5114693,3.3699982,12.327418636428003,10.196897835571315,Yaba,0,Flat,0,0,0,1.0,0,4,0,0,150000000.0
Office Space,0,0,"Alade, Allen Bus Stop Allen Avenue Ikeja Lagos",6.5974727,3.3432815,21.044803340125824,1.0271477798224158,Ikeja,0,Other,0,0,0,0.0,0,5,0,0,78000000.0
3 Bedroom Maisonette Duplex With Bq,3,3,"Mobile Road, Mobil Road Ajah Lagos",6.4694716,3.5623861,11.300377211002502,27.53491907587076,Ajah,1,Duplex,0,1,0,1.0,0,4,3,0,145000000.0
6 Bedroom Duplex With Block Of Flats,6,6,"Off Yaya Abatan, Ifako Ogba Ogba Lagos",6.632608,3.3407753,24.350383789462544,3.607540599553692,Ogba,0,Flat,0,0,0,1.0,0,4,0,0,270000000.0
6 Bedroom Apartment,6,6,Osborne Osborne Foreshore Estate Ikoyi Lagos,6.4516268,3.4117815,5.595874965201447,17.89581566309951,Ikoyi,1,Flat,0,0,0,1.0,0,5,6,0,6000000.0
5 Bedroom Detached Duplex,5,5,V.g.c Lekki Phase 1 Lekki Lagos,6.4711251,3.8147504,39.0638334712576,53.23478511464151,Lekki,1,Detached Duplex,0,0,0,1.0,0,4,5,0,550000000.0
5 Bedroom Fully Detached Duplex With Bq,5,6,Osapa London Lekki Lagos,6.4711251,3.8147504,39.0638334712576,53.23478511464151,Lekki,1,Detached Duplex,0,1,0,1.2,0,4,5,0,550000000.0
2 And 3 Bedroom Apartment,2,2,Off Ogunlana Surulere Lagos,6.4855737,3.3539907,12.645023012159903,12.856266720612217,Surulere,0,Flat,0,0,0,1.0,0,4,0,0,85000000.0
3 Bedroom Terraced Duplex,3,3,Ikota Lekki Lagos,6.4711251,3.8147504,39.0638334712576,53.23478511464151,Lekki,1,Terrace,0,0,0,1.0,0,4,3,0,110000000.0
5 Bedroom Detached Duplex,5,5,Megamound Lekky County Ikota Lekki Lagos,6.4711251,3.8147504,39.0638334712576,53.23478511464151,Lekki,1,Detached Duplex,0,0,0,1.0,0,4,5,0,400000000.0
4 Bedroom Semi Detached Duplex,4,4,Ologolo Lekki Lagos,6.4711251,3.8147504,39.0638334712576,53.23478511464151,Lekki,1,Detached Duplex,0,0,0,1.0,0,4,4,0,218000000.0
5 Bedroom Detached Duplex,5,0,Chevron Lekki Lagos,6.4711251,3.8147504,39.0638334712576,53.23478511464151,Lekki,1,Detached Duplex,0,0,0,0.0,0,4,5,0,420000000.0
Affordable 2 Bed At Agungi,2,2,Oba Amusa Estate Agungi Lekki Lagos,6.4711251,3.8147504,39.0638334712576,53.23478511464151,Lekki,1,Other,0,0,0,1.0,0,4,2,0,120000000.0
Newly Built 4 Bed At Ajah,4,4,Captains Court Estate Ado Road Ajah Lagos,6.4694716,3.5623861,11.300377211002502,27.53491907587076,Ajah,1,Other,0,0,1,1.0,0,4,4,1,150000000.0
Newly Built 4 Bed Duplex Ajah,4,4,Captains Court Estate Ado Road Ajah Lagos,6.4694716,3.5623861,11.300377211002502,27.53491907587076,Ajah,1,Duplex,0,0,1,1.0,0,4,4,1,150000000.0
Hotel,10,10,Opebi Ikeja Lagos,6.5974727,3.3432815,21.044803340125824,1.0271477798224158,Ikeja,0,Other,0,0,0,1.0,0,5,0,0,2500000000.0
Newly Built 4 Bedroom Semi Detached Duplex With Lounge,4,4,Ajah Lagos,6.4694716,3.5623861,11.300377211002502,27.53491907587076,Ajah,1,Detached Duplex,0,0,1,1.0,0,4,4,1,150000000.0
2 Bedroom Apartment With Bq,2,3,"Sugarland Estate By Swisstrade Avenue Opposite Mega Chicken, Vgc Lekki Lagos",6.4711251,3.8147504,39.0638334712576,53.23478511464151,Lekki,1,Flat,0,1,0,1.5,0,4,2,0,74000000.0
2 Bedroom Maisonette,2,2,Oniru Victoria Island Lagos,6.4300279,3.4259904,4.5315928067815925,20.705813048742375,Victoria Island,1,Other,0,0,0,1.0,0,5,2,0,450000000.0
2 Bedroom Apartment,2,3,Lekki Lagos,6.4711251,3.8147504,39.0638334712576,53.23478511464151,Lekki,1,Flat,0,0,0,1.5,0,4,2,0,180000000.0
2 Bedroom Apartment,2,2,Ogundana Axis Allen Avenue Ikeja Lagos,6.5974727,3.3432815,21.044803340125824,1.0271477798224158,Ikeja,0,Flat,0,0,0,1.0,0,5,0,0,160000000.0
2 Bedroom Apartment,2,2,Ologolo Lekki Lagos,6.4711251,3.8147504,39.0638334712576,53.23478511464151,Lekki,1,Flat,0,0,0,1.0,0,4,2,0,80000000.0
4 Bedroom Flat,4,4,"Block2 House3, Alexandra Quarter,kolande Abayomi St, Songotedo, Lekki Lagos",6.4711251,3.8147504,39.0638334712576,53.23478511464151,Lekki,1,Flat,0,0,0,1.0,0,4,4,0,110000000.0
5 Bedroom Detached Duplex,5,5,Orchid Lekki Lagos,6.4711251,3.8147504,39.0638334712576,53.23478511464151,Lekki,1,Detached Duplex,0,0,0,1.0,0,4,5,0,340000000.0
4 Bedroom Terrace Duplex,4,5,Opebi Estate Opebi Ikeja Lagos,6.5974727,3.3432815,21.044803340125824,1.0271477798224158,Ikeja,0,Terrace,0,0,0,1.25,0,5,0,0,250000000.0
1 Bedroom Apartment,1,1,"Sugarland Estate By Swisstrade Avenue Opposite Mega Chicken, Vgc Lekki Lagos",6.4711251,3.8147504,39.0638334712576,53.23478511464151,Lekki,1,Flat,0,0,0,1.0,0,4,1,0,50000000.0
4 Bedroom Terrace,4,5,Ikoyi Lagos,6.4516268,3.4117815,5.595874965201447,17.89581566309951,Ikoyi,1,Terrace,0,0,0,1.25,0,5,4,0,1300000000.0
Newly Built 5 Bed Duplex Idado Lekki,5,5,Idado Estate Idado Lekki Lagos,6.4711251,3.8147504,39.0638334712576,53.23478511464151,Lekki,1,Duplex,0,0,1,1.0,0,4,5,1,300000000.0
Newly Built 4 Bed Duplex Ajah,4,4,Captains Court Estate Ajah Lagos,6.4694716,3.5623861,11.300377211002502,27.53491907587076,Ajah,1,Duplex,0,0,1,1.0,0,4,4,1,160000000.0
5bedroom Fully Detached Duplex For Sale,5,5,Ikota Lekki Ikota Lekki Lagos,6.4711251,3.8147504,39.0638334712576,53.23478511464151,Lekki,1,Detached Duplex,0,0,0,1.0,0,4,5,0,460000000.0
Newly Built 4 Bed Duplex Agungi,0,0,Bridge Gate Estate Agungi Lekki Lagos,6.4711251,3.8147504,39.0638334712576,53.23478511464151,Lekki,1,Duplex,0,0,1,0.0,0,4,0,1,295000000.0
10 Units Of 2 Bedroom Apartment,2,2,Lekki Phase 1 Lekki Lagos,6.4711251,3.8147504,39.0638334712576,53.23478511464151,Lekki,1,Flat,0,0,0,1.0,0,4,2,0,300000000.0
Affordable 2 Bed At Lekki Phase One,2,2,Freedom Way Lekki Phase 1 Lekki Lagos,6.4711251,3.8147504,39.0638334712576,53.23478511464151,Lekki,1,Other,0,0,0,1.0,0,4,2,0,200000000.0
Affordable 3 Bed Apartment At Ikate,3,3,Ikate Lekki Lagos,6.4711251,3.8147504,39.0638334712576,53.23478511464151,Lekki,1,Flat,0,0,0,1.0,0,4,3,0,250000000.0
Affordable 2 Bed Apartment At Agungi,2,2,Agungi Lekki Lagos,6.4711251,3.8147504,39.0638334712576,53.23478511464151,Lekki,1,Flat,0,0,0,1.0,0,4,2,0,120000000.0
3/2 Bedroom Flat,0,0,Lekki Phase 1 Lekki Lagos,6.4711251,3.8147504,39.0638334712576,53.23478511464151,Lekki,1,Flat,0,0,0,0.0,0,4,0,0,280000000.0
3 Bedroom Terraced Duplex,3,0,Sangotedo Ajah Lagos,6.4694716,3.5623861,11.300377211002502,27.53491907587076,Ajah,1,Terrace,0,0,0,0.0,0,4,3,0,85000000.0
"3 Bedroom With Pool, Gym And Ps5",3,3,Amore Garden Road Lekki Phase 1 Lekki Lagos,6.4711251,3.8147504,39.0638334712576,53.23478511464151,Lekki,1,Other,1,0,0,1.0,0,4,3,1,420000000.0
5bedroom Fully Detached Duplex For Sale,5,5,Ikoyi Lagos,6.4516268,3.4117815,5.595874965201447,17.89581566309951,Ikoyi,1,Detached Duplex,0,0,0,1.0,0,5,5,0,2500000000.0
4 Bedroom Apartment,4,0,Lekki Phase 1 Lekki Lagos,6.4711251,3.8147504,39.0638334712576,53.23478511464151,Lekki,1,Flat,0,0,0,0.0,0,4,4,0,600000000.0
2bedroom Apartment For Sale At Oniru,2,2,Oniru Victoria Island Lagos,6.4300279,3.4259904,4.5315928067815925,20.705813048742375,Victoria Island,1,Flat,0,0,0,1.0,0,5,2,0,305000000.0
4 Bedroom Terrace Duplex,4,4,Ikota Lekki Lagos,6.4711251,3.8147504,39.0638334712576,53.23478511464151,Lekki,1,Terrace,0,0,0,1.0,0,4,4,0,140000000.0
5bedroom Fully Detached Duplex For Sale,5,5,Lekki Phase 1 Lekki Lagos,6.4711251,3.8147504,39.0638334712576,53.23478511464151,Lekki,1,Detached Duplex,0,0,0,1.0,0,4,5,0,1350000000.0
Affordable 3 Bed Apartment At Lekki Phase One,3,3,Lekki Phase 1 Lekki Lagos,6.4711251,3.8147504,39.0638334712576,53.23478511464151,Lekki,1,Flat,0,0,0,1.0,0,4,3,0,400000000.0
4 Bedroom Semi Detached Duplex,4,4,Ajao Estate Anthony Village Anthony Village Maryland Lagos,6.5731894,3.3699482,17.11608804854042,3.764744899090711,Maryland,0,Detached Duplex,0,0,0,1.0,0,4,0,0,290000000.0
4 Bedroom Semi Detached Duplex,4,4,Mende Maryland Lagos,6.5731894,3.3699482,17.11608804854042,3.764744899090711,Maryland,0,Detached Duplex,0,0,0,1.0,0,4,0,0,220000000.0
4 Bedroom Semi Detached Duplex,4,4,Opebi Ikeja Lagos,6.5974727,3.3432815,21.044803340125824,1.0271477798224158,Ikeja,0,Detached Duplex,0,0,0,1.0,0,5,0,0,350000000.0
14 Units Of 2 Bedroom Flat,0,0,Ifako Gbagada Gbagada Lagos,6.558073,3.3836208,14.873848626382443,6.000235705174417,Gbagada,0,Flat,0,0,0,0.0,0,4,0,0,540000000.0
5 Bedroom Detached Duplex,5,5,Parkview Estate Ikoyi Lagos,6.4516268,3.4117815,5.595874965201447,17.89581566309951,Ikoyi,1,Detached Duplex,0,0,0,1.0,0,5,5,0,1500000000.0
2 Units Of 4 Bedroom Semi Detached Duplex,4,4,Magodo Phase 1 Magodo Gra Phase 1 Ojodu Lagos,6.6180809,3.3777821,20.90484087396468,3.4188985746987237,Magodo,0,Detached Duplex,0,0,0,1.0,0,4,0,0,290000000.0
3 Bedroom Flat,3,3,Ifako Gbagada Gbagada Lagos,6.558073,3.3836208,14.873848626382443,6.000235705174417,Gbagada,0,Flat,0,0,0,1.0,0,4,0,0,90000000.0
5 Bedroom Detached Duplex,5,5,Northern Offshore Chevron Lekki Lagos,6.4711251,3.8147504,39.0638334712576,53.23478511464151,Lekki,1,Detached Duplex,0,0,0,1.0,0,4,5,0,410000000.0
3 Bedroom Duplex,3,3,Parkview Ikoyi Parkview Estate Ikoyi Lagos,6.4516268,3.4117815,5.595874965201447,17.89581566309951,Ikoyi,1,Duplex,0,0,0,1.0,0,5,3,0,550000000.0
5 Bedroom Detached Duplex,5,5,Medina Estate Medina Gbagada Lagos,6.558073,3.3836208,14.873848626382443,6.000235705174417,Gbagada,0,Detached Duplex,0,0,0,1.0,0,4,0,0,490000000.0
5 Bedroom Fully Detached Duplex,5,5,Parkview Estate Ikoyi Lagos,6.4516268,3.4117815,5.595874965201447,17.89581566309951,Ikoyi,1,Detached Duplex,0,0,0,1.0,0,5,5,0,5000000000.0
4 Bedroom Semi Detached Duplex,4,4,"Alpha Beach, Ikate Lekki Lagos",6.4711251,3.8147504,39.0638334712576,53.23478511464151,Lekki,1,Detached Duplex,0,0,0,1.0,0,4,4,0,120000000.0
5 Bedroom Detached Duplex,5,5,Parkview Estate Ikoyi Lagos,6.4516268,3.4117815,5.595874965201447,17.89581566309951,Ikoyi,1,Detached Duplex,0,0,0,1.0,0,5,5,0,5000000000.0
3 Bedroom Flat,3,3,Lekki Phase 1 Lekki Lagos,6.4711251,3.8147504,39.0638334712576,53.23478511464151,Lekki,1,Flat,0,0,0,1.0,0,4,3,0,240000000.0
14 Blocks Of Flats,0,0,Gbagada Lagos,6.558073,3.3836208,14.873848626382443,6.000235705174417,Gbagada,0,Flat,0,0,0,0.0,0,4,0,0,540000000.0
5 Bedroom Detached Duplex,5,5,Mellenium Estate Gbagada Millenuim Ups Gbagada Lagos,6.558073,3.3836208,14.873848626382443,6.000235705174417,Gbagada,0,Detached Duplex,0,0,0,1.0,0,4,0,0,360000000.0
4 Bedroom Terrace Duplex,4,4,Mende Maryland Mende Maryland Lagos,6.5731894,3.3699482,17.11608804854042,3.764744899090711,Maryland,0,Terrace,0,0,0,1.0,0,4,0,0,110000000.0
5 Bedroom Duplex,5,5,Parkview Estate Ikoyi Lagos,6.4516268,3.4117815,5.595874965201447,17.89581566309951,Ikoyi,1,Duplex,0,0,0,1.0,0,5,5,0,5000000000.0
5 Bedroom Detached Duplex,5,5,Medina Estate Gbagada Medina Gbagada Lagos,6.558073,3.3836208,14.873848626382443,6.000235705174417,Gbagada,0,Detached Duplex,0,0,0,1.0,0,4,0,0,310000000.0
4 Bedroom Terrace Duplex,4,4,Ifako Gbagada Gbagada Lagos,6.558073,3.3836208,14.873848626382443,6.000235705174417,Gbagada,0,Terrace,0,0,0,1.0,0,4,0,0,160000000.0
Four Bedroom Bungalow With Two Units Of Mini Flats,0,0,Fashola Estate Igbogbo Ikorodu Lagos,6.6191233,3.5041271,19.37412223201939,16.98654075658537,Ikorodu,0,Flat,0,0,0,0.0,0,2,0,0,58000000.0
2 Units Of 2 Bedroom On Full Plot At Corner Piece,0,0,Morekete Igbogbo Ikorodu Lagos,6.6191233,3.5041271,19.37412223201939,16.98654075658537,Ikorodu,0,Other,0,0,0,0.0,0,2,0,0,22000000.0
2 Units Of 2 Bedroom And 4 Mini Flats,0,0,Freedom Estate Igbogbo Ikorodu Lagos,6.6191233,3.5041271,19.37412223201939,16.98654075658537,Ikorodu,0,Flat,0,0,0,0.0,0,2,0,0,25000000.0
2 Bedroom Bungalow At Lewusu Igbogbo Ikorodu,2,2,Ofin Igbogbo Ikorodu Lagos,6.6191233,3.5041271,19.37412223201939,16.98654075658537,Ikorodu,0,Bungalow,0,0,0,1.0,0,2,0,0,15000000.0
12 Units Of Mini Flats,10,10,Macaulay Igbogbo Ikorodu Lagos,6.6191233,3.5041271,19.37412223201939,16.98654075658537,Ikorodu,0,Flat,0,0,0,1.0,0,2,0,0,40000000.0
5 Star Hotel,0,0,Airport Road(ikeja) Ikeja Lagos,6.5974727,3.3432815,21.044803340125824,1.0271477798224158,Ikeja,0,Other,0,0,0,0.0,0,5,0,0,1200000000.0
4 Bedroom Bungalow On Full Plot At Bomode Oku,4,4,Ofin Igbogbo Igbogbo Ikorodu Lagos,6.6191233,3.5041271,19.37412223201939,16.98654075658537,Ikorodu,0,Bungalow,0,0,0,1.0,0,2,0,0,55000000.0
2 Units Of Mini Flat And 3 Units Of Room Self,0,0,Macaulay Igbogbo Ikorodu Lagos,6.6191233,3.5041271,19.37412223201939,16.98654075658537,Ikorodu,0,Flat,0,0,0,0.0,0,2,0,0,30000000.0
4 Units Of Uncompleted Mini Flats,0,0,Fawole Igbogbo Ikorodu Lagos,6.6191233,3.5041271,19.37412223201939,16.98654075658537,Ikorodu,0,Flat,0,0,0,0.0,0,2,0,0,20000000.0
3 Bedroom And 3 Shops On Full Plot,3,3,Ekundayo Bus Stop Igbogbo Ikorodu Lagos,6.6191233,3.5041271,19.37412223201939,16.98654075658537,Ikorodu,0,Other,0,0,0,1.0,0,2,0,0,30000000.0
5bed Detached+bq,5,6,Ikeja Gra Ikeja Lagos,6.5974727,3.3432815,21.044803340125824,1.0271477798224158,Ikeja,0,Detached Duplex,0,1,0,1.2,0,5,0,0,1200000000.0
5bed Detached+bq,5,6,Adeniyi Jones Ikeja Lagos,6.5974727,3.3432815,21.044803340125824,1.0271477798224158,Ikeja,0,Detached Duplex,0,1,0,1.2,0,5,0,0,650000000.0
3 Units Of 3 Bedroom Flat,0,0,Oworonshoki Gbagada Lagos,6.558073,3.3836208,14.873848626382443,6.000235705174417,Gbagada,0,Flat,0,0,0,0.0,0,4,0,0,220000000.0
3 Units 3 Bedroom Flat,0,0,Coker Aguda Coker Surulere Lagos,6.4855737,3.3539907,12.645023012159903,12.856266720612217,Surulere,0,Flat,0,0,0,0.0,0,4,0,0,200000000.0
5 Bedroom Duplex,5,7,Orchid Road Lekki Phase 2 Lekki Lagos,6.4711251,3.8147504,39.0638334712576,53.23478511464151,Lekki,1,Duplex,0,0,0,1.4,0,4,5,0,680000000.0
4 Bedroom Semi Detached Duplex,4,5,Orchid Lekki Lagos,6.4711251,3.8147504,39.0638334712576,53.23478511464151,Lekki,1,Detached Duplex,0,0,0,1.25,0,4,4,0,260000000.0
5 Bedroom Fully Detached Duplex With Bq,5,7,Orchid Lekki Lagos,6.4711251,3.8147504,39.0638334712576,53.23478511464151,Lekki,1,Detached Duplex,0,1,0,1.4,0,4,5,0,420000000.0
5 Bedroom Detached Duplex With Bq,5,7,Lekki County Along Lekki Expressway Lekki Lagos,6.4711251,3.8147504,39.0638334712576,53.23478511464151,Lekki,1,Detached Duplex,0,1,0,1.4,0,4,5,0,600000000.0
Newly Built 4 Bedroom Semi Detached Duplex,4,6,Ado Road Ajah Lagos,6.4694716,3.5623861,11.300377211002502,27.53491907587076,Ajah,1,Detached Duplex,0,0,1,1.5,0,4,4,1,160000000.0
4 Bedroom Semi Detached Duplex With Bq,4,5,Ikota Villa Lekki Lagos,6.4711251,3.8147504,39.0638334712576,53.23478511464151,Lekki,1,Detached Duplex,0,1,0,1.25,0,4,4,0,220000000.0
4 Bedroom Detached Duplex With Bq,4,5,Ikota Villa Ikota Lekki Lagos,6.4711251,3.8147504,39.0638334712576,53.23478511464151,Lekki,1,Detached Duplex,0,1,0,1.25,0,4,4,0,300000000.0
5 Bedroom Fully Detached Duplex With Bq,5,7,Chevron Drive Lekki Lagos,6.4711251,3.8147504,39.0638334712576,53.23478511464151,Lekki,1,Detached Duplex,0,1,0,1.4,0,4,5,0,680000000.0
5 Bedroom Detached Duplex With Pool/bq,5,7,Chevron Drive Lekki Lagos,6.4711251,3.8147504,39.0638334712576,53.23478511464151,Lekki,1,Detached Duplex,1,1,0,1.4,0,4,5,1,600000000.0
5 Bedroom Duplex,5,6,Chevron Lekki Lagos,6.4711251,3.8147504,39.0638334712576,53.23478511464151,Lekki,1,Duplex,0,0,0,1.2,0,4,5,0,750000000.0
5 Bedroom Detached Duplex With Bq,5,7,Sangotedo Ajah Lagos,6.4694716,3.5623861,11.300377211002502,27.53491907587076,Ajah,1,Detached Duplex,0,1,0,1.4,0,4,5,0,250000000.0
4 Bedroom Duplex,4,5,Soluyi Gbagada Lagos,6.558073,3.3836208,14.873848626382443,6.000235705174417,Gbagada,0,Duplex,0,0,0,1.25,0,4,0,0,280000000.0
Full Plot Plus Solid One Storey Building,0,0,Aguda Surulere Aguda Surulere Lagos,6.4855737,3.3539907,12.645023012159903,12.856266720612217,Surulere,0,Other,0,0,0,0.0,0,4,0,0,140000000.0
Newly Built Executive 4bedroom Duplex,4,5,Soluyi Gbagada Lagos,6.558073,3.3836208,14.873848626382443,6.000235705174417,Gbagada,0,Duplex,0,0,1,1.25,0,4,0,1,300000000.0
5 Bedroom Detached Duplex,5,6,Chevron Lekki Lagos,6.4711251,3.8147504,39.0638334712576,53.23478511464151,Lekki,1,Detached Duplex,0,0,0,1.2,0,4,5,0,390000000.0
4 Bedroom Detached Duplex With Bq,4,5,Ogba Gra Ogba Lagos,6.632608,3.3407753,24.350383789462544,3.607540599553692,Ogba,0,Detached Duplex,0,1,0,1.25,0,4,0,0,280000000.0
5 Bedroom Terranced Duplex,0,0,Opebi Ikeja Lagos,6.5974727,3.3432815,21.044803340125824,1.0271477798224158,Ikeja,0,Duplex,0,0,0,0.0,0,5,0,0,300000000.0
Executive 4bedroom Duplex,4,5,Surulere Masha Surulere Lagos,6.4855737,3.3539907,12.645023012159903,12.856266720612217,Surulere,0,Duplex,0,0,0,1.25,0,4,0,0,250000000.0
5 Bedroom Duplex,5,5,2nd Toll Gate Lekki Phase 2 Lekki Lagos,6.4711251,3.8147504,39.0638334712576,53.23478511464151,Lekki,1,Duplex,0,0,0,1.0,0,4,5,0,420000000.0
4 Bedroom Duplex With Bq,4,5,Lekki Scheme 2 Ajah Lagos,6.4711251,3.8147504,39.0638334712576,53.23478511464151,Lekki,1,Duplex,0,1,0,1.25,0,4,4,0,170000000.0
6 Bedroom Duplex,6,7,Diamond Estate Ipaja Ipaja Lagos,6.6072725,3.2842771,26.344770640138854,7.458481118377319,Ipaja,0,Duplex,0,0,0,1.1666666666666667,0,2,0,0,200000000.0
5 Bedroom Detached Duplex With Pool/bq,5,6,Lekki Scheme 2 Ajah Lagos,6.4711251,3.8147504,39.0638334712576,53.23478511464151,Lekki,1,Detached Duplex,1,1,0,1.2,0,4,5,1,260000000.0
2 Bedroom Apartment With Bq,2,3,Agungi Lekki Lagos,6.4711251,3.8147504,39.0638334712576,53.23478511464151,Lekki,1,Flat,0,1,0,1.5,0,4,2,0,100000000.0
4 Units Of 3 Bedroom Flat,3,4,Ifako Gbagada Gbagada Lagos,6.558073,3.3836208,14.873848626382443,6.000235705174417,Gbagada,0,Flat,0,0,0,1.3333333333333333,0,4,0,0,300000000.0
Block Of Flats,0,0,Lawanson Surulere Lagos,6.4855737,3.3539907,12.645023012159903,12.856266720612217,Surulere,0,Flat,0,0,0,0.0,0,4,0,0,180000000.0
3 Bedroom Flat,0,0,"Isaac John Area, Jibowu Yaba Lagos",6.5114693,3.3699982,12.327418636428003,10.196897835571315,Yaba,0,Flat,0,0,0,0.0,0,4,0,0,170000000.0
4 Units 2bedroom Flat,0,0,Allen Ikeja Allen Avenue Ikeja Lagos,6.5974727,3.3432815,21.044803340125824,1.0271477798224158,Ikeja,0,Flat,0,0,0,0.0,0,5,0,0,260000000.0
Bungalow,0,0,Pako Akoka Yaba Lagos,6.5114693,3.3699982,12.327418636428003,10.196897835571315,Yaba,0,Bungalow,0,0,0,0.0,0,4,0,0,160000000.0
Functionally Hotel,0,0,Jibowu Yaba Lagos,6.5114693,3.3699982,12.327418636428003,10.196897835571315,Yaba,0,Other,0,0,0,0.0,0,4,0,0,500000000.0
4 Bedroom Semi Detached Duplex,4,5,Orchid Lekki Lagos,6.4711251,3.8147504,39.0638334712576,53.23478511464151,Lekki,1,Detached Duplex,0,0,0,1.25,0,4,4,0,185000000.0
5 Bedroom Detached Duplex With Bq,5,7,Lekki Gardens Estate Ajah Lagos,6.4711251,3.8147504,39.0638334712576,53.23478511464151,Lekki,1,Detached Duplex,0,1,0,1.4,0,4,5,0,250000000.0
4 Bedroom Terrace Duplex With Bq,4,5,Orchid Lekki Lagos,6.4711251,3.8147504,39.0638334712576,53.23478511464151,Lekki,1,Terrace,0,1,0,1.25,0,4,4,0,140000000.0
Serviced 2 Bedroom Apartment,2,3,Ikate Lekki Lagos,6.4711251,3.8147504,39.0638334712576,53.23478511464151,Lekki,1,Flat,0,0,0,1.5,1,4,2,1,200000000.0
4 Bedroom Semi Detached Duplex With A Bq,4,5,"Chevy View Estate, Chevron Chevron Lekki Lagos",6.4711251,3.8147504,39.0638334712576,53.23478511464151,Lekki,1,Detached Duplex,0,1,0,1.25,0,4,4,0,260000000.0
Serviced 4 Bedroom Terrace Duplex,4,5,Ikota Villa Lekki Lagos,6.4711251,3.8147504,39.0638334712576,53.23478511464151,Lekki,1,Terrace,0,0,0,1.25,1,4,4,1,130000000.0
4 Bedroom Duplex,4,6,Chevron Drive Lekki Lagos,6.4711251,3.8147504,39.0638334712576,53.23478511464151,Lekki,1,Duplex,0,0,0,1.5,0,4,4,0,320000000.0
4 Bedroom Semi Detached Duplex,4,6,Chevy View Estate Chevron Lekki Lagos,6.4711251,3.8147504,39.0638334712576,53.23478511464151,Lekki,1,Detached Duplex,0,0,0,1.5,0,4,4,0,260000000.0
4 Bedroom Terraced Duplex,4,6,Ikota Lekki Lagos,6.4711251,3.8147504,39.0638334712576,53.23478511464151,Lekki,1,Terrace,0,0,0,1.5,0,4,4,0,170000000.0
Executive Newly Built 3bedroom Flat,3,4,Yaba Tech Estate Abule Ijesha Yaba Lagos,6.5114693,3.3699982,12.327418636428003,10.196897835571315,Yaba,0,Flat,0,0,1,1.3333333333333333,0,4,0,1,1300000000.0
4 Bedroom Semi Detached Duplex And Bq,4,5,"Anthony, Gbagada Phase 2 Gbagada Lagos",6.558073,3.3836208,14.873848626382443,6.000235705174417,Gbagada,0,Detached Duplex,0,1,0,1.25,0,4,0,0,280000000.0
2 Bedroom Apartment,2,3,Ikate Ikate Lekki Lagos,6.4711251,3.8147504,39.0638334712576,53.23478511464151,Lekki,1,Flat,0,0,0,1.5,0,4,2,0,170000000.0
5 Bedroom Duplex,5,7,Orchid Road Lekki Phase 2 Lekki Lagos,6.4711251,3.8147504,39.0638334712576,53.23478511464151,Lekki,1,Duplex,0,0,0,1.4,0,4,5,0,450000000.0
4 Bedroom Detached Duplex With Bq,4,5,Lekki Scheme 2 Ajah Lagos,6.4711251,3.8147504,39.0638334712576,53.23478511464151,Lekki,1,Detached Duplex,0,1,0,1.25,0,4,4,0,200000000.0
4 Bedroom Detached Duplex With Bq,4,6,"Lekki Palm City, Lekki Scheme 2 Ajah Lagos",6.4711251,3.8147504,39.0638334712576,53.23478511464151,Lekki,1,Detached Duplex,0,1,0,1.5,0,4,4,0,210000000.0
A Very Sweet 3bedroom Terrace Duplex,3,4,Harmony Estate Ado Ajah Lagos,6.4694716,3.5623861,11.300377211002502,27.53491907587076,Ajah,1,Terrace,0,0,0,1.3333333333333333,0,4,3,0,3200000.0
4 Bedroom Semi Detached Duplex,4,5,Lekki Scheme 2 Ajah Lagos,6.4711251,3.8147504,39.0638334712576,53.23478511464151,Lekki,1,Detached Duplex,0,0,0,1.25,0,4,4,0,160000000.0
Newly Built 3 Bedroom Terrace Duplex,3,4,Ifako Gbagada Gbagada Lagos,6.558073,3.3836208,14.873848626382443,6.000235705174417,Gbagada,0,Terrace,0,0,1,1.3333333333333333,0,4,0,1,90000000.0
2 Bedroom Bungalow,2,3,Bode Thomas Surulere Lagos,6.4855737,3.3539907,12.645023012159903,12.856266720612217,Surulere,0,Bungalow,0,0,0,1.5,0,4,0,0,85000000.0
Demolishable Bungalow,0,0,Off Chemist Bus Stop Access Bank Akoka Yaba Lagos,6.5114693,3.3699982,12.327418636428003,10.196897835571315,Yaba,0,Bungalow,0,0,0,0.0,0,4,0,0,150000000.0
A Storey Building,0,0,"Jumoh Juku Street, Ijesha Surulere Lagos",6.4855737,3.3539907,12.645023012159903,12.856266720612217,Surulere,0,Other,0,0,0,0.0,0,4,0,0,65000000.0
Newly Built 4 Bedroom Detached Duplex,4,5,Medina Estate Medina Gbagada Lagos,6.558073,3.3836208,14.873848626382443,6.000235705174417,Gbagada,0,Detached Duplex,0,0,1,1.25,0,4,0,1,310000000.0
4 Bedroom Terraced Duplex,4,5,Oregun Ikeja Lagos,6.5974727,3.3432815,21.044803340125824,1.0271477798224158,Ikeja,0,Terrace,0,0,0,1.25,0,5,0,0,170000000.0
6 Units Of 3 Bedroom Flat,3,3,Kilo Marsha Surulere Lagos,6.4855737,3.3539907,12.645023012159903,12.856266720612217,Surulere,0,Flat,0,0,0,1.0,0,4,0,0,300000000.0
5 Bedroom Detached Duplex With Bq,5,7,Sangotedo Ajah Lagos,6.4694716,3.5623861,11.300377211002502,27.53491907587076,Ajah,1,Detached Duplex,0,1,0,1.4,0,4,5,0,280000000.0
Newly Built 4 Bedroom Duplex With Bq,4,5,Millennium Estate Millenuim Ups Gbagada Lagos,6.558073,3.3836208,14.873848626382443,6.000235705174417,Gbagada,0,Duplex,0,1,1,1.25,0,4,0,1,300000000.0
5 Bedroom Detached Duplex With Pool/bq,5,6,Vgc Lekki Lagos,6.4711251,3.8147504,39.0638334712576,53.23478511464151,Lekki,1,Detached Duplex,1,1,0,1.2,0,4,5,1,350000000.0
4 Bedroom Fully Detached Duplex,4,5,Lekki Scheme 2 Ajah Lagos,6.4711251,3.8147504,39.0638334712576,53.23478511464151,Lekki,1,Detached Duplex,0,0,0,1.25,0,4,4,0,160000000.0
5 Bedroom Detached Duplex,5,6,Ikota Villa Lekki Lagos,6.4711251,3.8147504,39.0638334712576,53.23478511464151,Lekki,1,Detached Duplex,0,0,0,1.2,0,4,5,0,420000000.0
3 Bedroom Apartments With A Bq,3,5,Soluyi Gbagada Lagos,6.558073,3.3836208,14.873848626382443,6.000235705174417,Gbagada,0,Flat,0,1,0,1.6666666666666667,0,4,0,0,120000000.0
4 Bedroom Detached Duplex,4,4,Chevron Chevron Lekki Lagos,6.4711251,3.8147504,39.0638334712576,53.23478511464151,Lekki,1,Detached Duplex,0,0,0,1.0,0,4,4,0,350000000.0
5 Bedroom Duplex,5,6,Pinnock Beach Estate Osapa London Lekki Lagos,6.4711251,3.8147504,39.0638334712576,53.23478511464151,Lekki,1,Duplex,0,0,0,1.2,0,4,5,0,2300000000.0
5 Bedroom Duplex,5,6,Festac Extension Amuwo Odofin Amuwo Odofin Lagos,6.4682727,3.2839374,19.84483914421681,16.54964372319179,Festac,0,Duplex,0,0,0,1.2,0,4,0,0,250000000.0
3 Bedroom Terrace Duplex,3,4,Sangotedo Ajah Lagos,6.4694716,3.5623861,11.300377211002502,27.53491907587076,Ajah,1,Terrace,0,0,0,1.3333333333333333,0,4,3,0,90000000.0
4 Bedroom Semi Detached Duplex With Bq,4,5,Ajah Lagos,6.4694716,3.5623861,11.300377211002502,27.53491907587076,Ajah,1,Detached Duplex,0,1,0,1.25,0,4,4,0,170000000.0
5 Bedroom Duplex With Bq/swimming Pool,5,6,"Vgc Extensions, Vgc Lekki Lagos",6.4711251,3.8147504,39.0638334712576,53.23478511464151,Lekki,1,Duplex,1,1,0,1.2,0,4,5,1,400000000.0
5 Bedroom Detached Duplex With Bq,5,6,Festac Extension Amuwo Odofin Lagos,6.4682727,3.2839374,19.84483914421681,16.54964372319179,Festac,0,Detached Duplex,0,1,0,1.2,0,4,0,0,250000000.0
Newly Built 4 Bedroom Semi Detached Duplex With Bq,4,0,Orchid Road 2nd Toll Gate Lekki Lagos,6.4711251,3.8147504,39.0638334712576,53.23478511464151,Lekki,1,Detached Duplex,0,1,1,0.0,0,4,4,1,180000000.0
3 Bedroom Terrace Duplex With Bq,3,6,Orchid Road 2nd Toll Gate Lekki Lagos,6.4711251,3.8147504,39.0638334712576,53.23478511464151,Lekki,1,Terrace,0,1,0,2.0,0,4,3,0,170000000.0
5 Bedroom Duplex,5,6,Lekki Phase 1 Lekki Lagos,6.4711251,3.8147504,39.0638334712576,53.23478511464151,Lekki,1,Duplex,0,0,0,1.2,0,4,5,0,800000000.0
4 Bedroom Terraced Duplex,4,5,Sangotedo Ajah Lagos,6.4694716,3.5623861,11.300377211002502,27.53491907587076,Ajah,1,Terrace,0,0,0,1.25,0,4,4,0,120000000.0
5 Bedroom Detached Duplex,5,6,Chevron Drive Chevron Lekki Lagos,6.4711251,3.8147504,39.0638334712576,53.23478511464151,Lekki,1,Detached Duplex,0,0,0,1.2,0,4,5,0,520000000.0
6 Bedroom Duplex,6,7,"Diamond Estate, Ipaja Road Ipaja Lagos",6.6072725,3.2842771,26.344770640138854,7.458481118377319,Ipaja,0,Duplex,0,0,0,1.1666666666666667,0,2,0,0,200000000.0
4 Bedroom Detached Duplex With Bq,4,6,Lekki Scheme 2 Ajah Lagos,6.4711251,3.8147504,39.0638334712576,53.23478511464151,Lekki,1,Detached Duplex,0,1,0,1.5,0,4,4,0,180000000.0
Newly Built 2 Bedroom Flat,2,3,Aguda Surulere Lagos,6.4855737,3.3539907,12.645023012159903,12.856266720612217,Surulere,0,Flat,0,0,1,1.5,0,4,0,1,55000000.0
Blocks Of Flats,0,0,Sabo Yaba Lagos,6.5114693,3.3699982,12.327418636428003,10.196897835571315,Yaba,0,Flat,0,0,0,0.0,0,4,0,0,320000000.0
Solid 4 Units Of 2 Bedroom Flat,0,0,Ikeja Allen Avenue Ikeja Lagos,6.5974727,3.3432815,21.044803340125824,1.0271477798224158,Ikeja,0,Flat,0,0,0,0.0,0,5,0,0,260000000.0
4 Bedroom Detached Duplex,4,5,Sholoyi Soluyi Gbagada Lagos,6.558073,3.3836208,14.873848626382443,6.000235705174417,Gbagada,0,Detached Duplex,0,0,0,1.25,0,4,0,0,85000000.0
2 Bedroom Apartment,2,2,Off Freedom Way Lekki Phase 1 Lekki Lagos,6.4711251,3.8147504,39.0638334712576,53.23478511464151,Lekki,1,Flat,0,0,0,1.0,0,4,2,0,120000000.0
1 Bedroom Apartment,1,0,Oniru Victoria Island Lagos,6.4300279,3.4259904,4.5315928067815925,20.705813048742375,Victoria Island,1,Flat,0,0,0,0.0,0,5,1,0,180000000.0
4 Bedroom Detached House For Sale At Surulere,0,0,Off Ogunlana Drive Ogunlana Surulere Lagos,6.4855737,3.3539907,12.645023012159903,12.856266720612217,Surulere,0,Detached Duplex,0,0,0,0.0,0,4,0,0,600000000.0
Newly Built 4 Bedroom Terrace Duplex With Bq,4,5,"No 17, Road 2, Ogunfayo Royal Estate, Ibeju Lekki Lagos Eputu Ibeju Lekki Lagos",6.4711251,3.8147504,39.0638334712576,53.23478511464151,Lekki,1,Terrace,0,1,1,1.25,0,4,4,1,120000000.0
Newly Built Fully Detached 4 Bedroom Duplex With Bq,4,5,"No 17, Road 2, Ogunfayo Royal Estate, Ibeju Lekki Lagos Eputu Ibeju Lekki Lagos",6.4711251,3.8147504,39.0638334712576,53.23478511464151,Lekki,1,Detached Duplex,0,1,1,1.25,0,4,4,1,140000000.0
Luxury 2 Bedroom Apartment,2,3,Osapa London Lekki Lagos,6.4711251,3.8147504,39.0638334712576,53.23478511464151,Lekki,1,Flat,0,0,0,1.5,0,4,2,0,150000000.0
Luxury 3 Bedroom Apartment,3,4,Osapa London Lekki Lagos,6.4711251,3.8147504,39.0638334712576,53.23478511464151,Lekki,1,Flat,0,0,0,1.3333333333333333,0,4,3,0,200000000.0
4bed Detached+bq,4,5,Ogba Lagos,6.632608,3.3407753,24.350383789462544,3.607540599553692,Ogba,0,Detached Duplex,0,1,0,1.25,0,4,0,0,230000000.0
Luxury 3 Bedroom Apartment,3,4,Lekki Phase 1 Lekki Lagos,6.4711251,3.8147504,39.0638334712576,53.23478511464151,Lekki,1,Flat,0,0,0,1.3333333333333333,0,4,3,0,250000000.0
Luxurious 2 Bedroom Apartment For Sale,2,2,Abraham Adesanya Estate Ajah Lagos,6.4694716,3.5623861,11.300377211002502,27.53491907587076,Ajah,1,Flat,0,0,0,1.0,0,4,2,0,65000000.0
Serviced 2 Bedroom Apartment,2,2,Adeola Odeku Victoria Island Lagos,6.4300279,3.4259904,4.5315928067815925,20.705813048742375,Victoria Island,1,Flat,0,0,0,1.0,1,5,2,1,400000000.0
5 Bedroom Detached House,5,5,Banana Island Ikoyi Lagos,6.4600581,3.4593152,1.2666850782568917,19.69523211516851,Banana Island,1,Detached Duplex,0,0,0,1.0,0,5,5,0,8000000.0
5 Bedroom Semi Detached Duplex,5,5,Banana Island Ikoyi Lagos,6.4600581,3.4593152,1.2666850782568917,19.69523211516851,Banana Island,1,Detached Duplex,0,0,0,1.0,0,5,5,0,1200000000.0
5 Bedroom Duplex,5,5,Chevron Lekki Lagos,6.4711251,3.8147504,39.0638334712576,53.23478511464151,Lekki,1,Duplex,0,0,0,1.0,0,4,5,0,380000000.0
4 Bedroom Apartment,4,4,Banana Island Ikoyi Lagos,6.4600581,3.4593152,1.2666850782568917,19.69523211516851,Banana Island,1,Flat,0,0,0,1.0,0,5,4,0,800000000.0
3 Bedroom Apartment,3,3,Chevron Lekki Lagos,6.4711251,3.8147504,39.0638334712576,53.23478511464151,Lekki,1,Flat,0,0,0,1.0,0,4,3,0,70000000.0
Spacious 4 Bedroom Detached Duplex,4,4,Chevron Lekki Lagos,6.4711251,3.8147504,39.0638334712576,53.23478511464151,Lekki,1,Detached Duplex,0,0,0,1.0,0,4,4,0,300000000.0
Uniquely Built Spacious 5 Bedroom Fully Detached Duplex,5,5,Chevron Lekki Lagos,6.4711251,3.8147504,39.0638334712576,53.23478511464151,Lekki,1,Detached Duplex,0,0,0,1.0,0,4,5,0,500000000.0
5 Bedroom Smart Home,5,5,Chevron Lekki Lagos,6.4711251,3.8147504,39.0638334712576,53.23478511464151,Lekki,1,Other,0,0,0,1.0,0,4,5,0,680000000.0
4 Bedroom Maisonette,4,4,Old Ikoyi Ikoyi Lagos,6.4516268,3.4117815,5.595874965201447,17.89581566309951,Ikoyi,1,Other,0,0,0,1.0,0,5,4,0,850000000.0
Contemporary 6 Bedroom Detached Home,6,6,Chevron Lekki Lagos,6.4711251,3.8147504,39.0638334712576,53.23478511464151,Lekki,1,Detached Duplex,0,0,0,1.0,0,4,6,0,750000000.0
Newly Built 4 Bedroom Semi Detached Duplex,4,4,Chevron Lekki Lagos,6.4711251,3.8147504,39.0638334712576,53.23478511464151,Lekki,1,Detached Duplex,0,0,1,1.0,0,4,4,1,260000000.0
Commercial Property,5,5,Adeola Odeku Victoria Island Lagos,6.4300279,3.4259904,4.5315928067815925,20.705813048742375,Victoria Island,1,Other,0,0,0,1.0,0,5,5,0,6300000000.0
Brand New 2 Block Of 3 Bedroom Luxury Apartment,3,3,Old Ikoyi Ikoyi Lagos,6.4516268,3.4117815,5.595874965201447,17.89581566309951,Ikoyi,1,Flat,0,0,1,1.0,0,5,3,1,22000000.0
4 Bedroom Terraced Duplex,0,0,Ikate Lekki Lagos,6.4711251,3.8147504,39.0638334712576,53.23478511464151,Lekki,1,Terrace,0,0,0,0.0,0,4,0,0,250000000.0
3 Bedroom Apartment,3,3,Ikate Lekki Lagos,6.4711251,3.8147504,39.0638334712576,53.23478511464151,Lekki,1,Flat,0,0,0,1.0,0,4,3,0,180000000.0
Luxury 5 Bedroom Detached Duplex,5,5,Ikate Lekki Lagos,6.4711251,3.8147504,39.0638334712576,53.23478511464151,Lekki,1,Detached Duplex,0,0,0,1.0,0,4,5,0,980000000.0
4 Bedroom Semi Detached House,4,4,Old Ikoyi Ikoyi Lagos,6.4516268,3.4117815,5.595874965201447,17.89581566309951,Ikoyi,1,Detached Duplex,0,0,0,1.0,0,5,4,0,1100000.0
4 Bedroom Fully Detached Duplex,4,4,Oniru Victoria Island Lagos,6.4300279,3.4259904,4.5315928067815925,20.705813048742375,Victoria Island,1,Detached Duplex,0,0,0,1.0,0,5,4,0,580000000.0
3 Bedroom Apartment,3,3,Oniru Victoria Island Lagos,6.4300279,3.4259904,4.5315928067815925,20.705813048742375,Victoria Island,1,Flat,0,0,0,1.0,0,5,3,0,350000000.0
Brand New 2 Bedroom Furnished Apartment,2,2,Adeola Odeku Victoria Island Lagos,6.4300279,3.4259904,4.5315928067815925,20.705813048742375,Victoria Island,1,Flat,0,0,1,1.0,0,5,2,1,400000000.0
4 Bedroom Terraced Duplex,4,4,Lekki Phase 1 Lekki Lagos,6.4711251,3.8147504,39.0638334712576,53.23478511464151,Lekki,1,Terrace,0,0,0,1.0,0,4,4,0,450000000.0
Brand New 5 Bedroom Duplex With Cinema,5,5,Old Ikoyi Ikoyi Lagos,6.4516268,3.4117815,5.595874965201447,17.89581566309951,Ikoyi,1,Duplex,0,0,1,1.0,0,5,5,1,2200000000.0
5 Bedroom Fully Detached Duplex,5,5,Ologolo Lekki Lagos,6.4711251,3.8147504,39.0638334712576,53.23478511464151,Lekki,1,Detached Duplex,0,0,0,1.0,0,4,5,0,300000000.0
5 Bedroom Detached Duplex,5,5,Cowrie Creek Estate Ikate Lekki Lagos,6.4711251,3.8147504,39.0638334712576,53.23478511464151,Lekki,1,Detached Duplex,0,0,0,1.0,0,4,5,0,550000000.0
2 Bedroom Apartment,2,2,"Idado Estate, Osapa London Lekki Lagos",6.4711251,3.8147504,39.0638334712576,53.23478511464151,Lekki,1,Flat,0,0,0,1.0,0,4,2,0,85000000.0
5 Bedroom Duplex,5,5,Royal Estate Orchid Lekki Lagos,6.4711251,3.8147504,39.0638334712576,53.23478511464151,Lekki,1,Duplex,0,0,0,1.0,0,4,5,0,500000000.0
5 Bedroom Duplex With Bq,5,5,Ologolo Lekki Lagos Ologolo Lekki Lagos,6.4711251,3.8147504,39.0638334712576,53.23478511464151,Lekki,1,Duplex,0,1,0,1.0,0,4,5,0,255000000.0
4 Bedroom Duplex,4,4,Orchid Road By The Chevron Toll Gate Orchid Lekki Lagos,6.4711251,3.8147504,39.0638334712576,53.23478511464151,Lekki,1,Duplex,0,0,0,1.0,0,4,4,0,190000000.0
5 Bedroom Duplex,5,5,"Salem Estate By Sangotedo Axis, Lekki Phase 2 Lekki Lagos",6.4711251,3.8147504,39.0638334712576,53.23478511464151,Lekki,1,Duplex,0,0,0,1.0,0,4,5,0,158000000.0
4 Bedroom Duplex,4,4,Very Secured Estate Idado Lekki Lagos,6.4711251,3.8147504,39.0638334712576,53.23478511464151,Lekki,1,Duplex,0,0,0,1.0,0,4,4,0,200000000.0
4 Bedroom Duplex,4,4,Ologolo Lekki Lagos,6.4711251,3.8147504,39.0638334712576,53.23478511464151,Lekki,1,Duplex,0,0,0,1.0,0,4,4,0,235000000.0
4 Bedroom Terreced Duplex,4,4,Ologolo Lekki Lagos,6.4711251,3.8147504,39.0638334712576,53.23478511464151,Lekki,1,Duplex,0,0,0,1.0,0,4,4,0,210000000.0
Lovely 5 Bedroom Duplex In A Gated Estate,5,5,Orchid Orchid Lekki Lagos,6.4711251,3.8147504,39.0638334712576,53.23478511464151,Lekki,1,Duplex,0,0,0,1.0,1,4,5,1,330000000.0
4 Bedroom Terraced Triplex,4,4,Aladura Anthony Village Maryland Lagos,6.5731894,3.3699482,17.11608804854042,3.764744899090711,Maryland,0,Terrace,0,0,0,1.0,0,4,0,0,258000000.0
4 Bedroom Terrace Duplex With Bq,4,4,Ologolo Lekki Lagos,6.4711251,3.8147504,39.0638334712576,53.23478511464151,Lekki,1,Terrace,0,1,0,1.0,0,4,4,0,200000000.0
Serviced 2 Bedroom Apartment,2,2,Ikate Lekki Lagos,6.4711251,3.8147504,39.0638334712576,53.23478511464151,Lekki,1,Flat,0,0,0,1.0,1,4,2,1,140000000.0
5 Bedroom Semi Detached Duplex With Bq,5,5,Osapa London Lekki Lagos,6.4711251,3.8147504,39.0638334712576,53.23478511464151,Lekki,1,Detached Duplex,0,1,0,1.0,0,4,5,0,550000000.0
5 Bedroom Fully Detached Duplex,5,5,Chevron Lekki Lagos,6.4711251,3.8147504,39.0638334712576,53.23478511464151,Lekki,1,Detached Duplex,0,0,0,1.0,0,4,5,0,320000000.0
Contemporary 5 Bedroom Fully Detached Duplex,5,5,Idado Lekki Lagos,6.4711251,3.8147504,39.0638334712576,53.23478511464151,Lekki,1,Detached Duplex,0,0,0,1.0,0,4,5,0,360000000.0
Shop,0,0,Harris Drive Vgc Lekki Lagos,6.4711251,3.8147504,39.0638334712576,53.23478511464151,Lekki,1,Other,0,0,0,0.0,0,4,0,0,52000000.0
Luxury 6 Bedroom Detached Duplex With Bq,6,6,Magodo Estate Ketu Lagos,6.6180809,3.3777821,20.90484087396468,3.4188985746987237,Magodo,0,Detached Duplex,0,1,0,1.0,0,4,0,0,750000000.0
4 Bedroom Terraced Duplex,4,4,Ologolo Lekki Lagos,6.4711251,3.8147504,39.0638334712576,53.23478511464151,Lekki,1,Terrace,0,0,0,1.0,0,4,4,0,220000000.0
4 Bedroom Terraced Duplex,4,4,Ikota Lekki Lagos,6.4711251,3.8147504,39.0638334712576,53.23478511464151,Lekki,1,Terrace,0,0,0,1.0,0,4,4,0,160000000.0
5 Bedroom Detached Duplex,5,5,Ikota Villa Ikota Lekki Lagos,6.4711251,3.8147504,39.0638334712576,53.23478511464151,Lekki,1,Detached Duplex,0,0,0,1.0,0,4,5,0,350000000.0
Newly Built 4 Bedroom Semi Detached Duplex,4,4,Orchid Lekki Lagos,6.4711251,3.8147504,39.0638334712576,53.23478511464151,Lekki,1,Detached Duplex,0,0,1,1.0,0,4,4,1,195000000.0
Newly Built 2 Bedroom Apartment,2,2,Ikate Lekki Lagos,6.4711251,3.8147504,39.0638334712576,53.23478511464151,Lekki,1,Flat,0,0,1,1.0,0,4,2,1,145000000.0
Serviced 2 Bedroom Apartment,2,2,Ologolo Lekki Lagos,6.4711251,3.8147504,39.0638334712576,53.23478511464151,Lekki,1,Flat,0,0,0,1.0,1,4,2,1,120000000.0
Newly Built 6 Bedroom Mansion,6,6,Victory Park Osapa London Lekki Lagos,6.4711251,3.8147504,39.0638334712576,53.23478511464151,Lekki,1,Other,0,0,1,1.0,0,4,6,1,1400000000.0
5 Bedroom Duplex,5,5,Osapa London Lekki Lagos,6.4711251,3.8147504,39.0638334712576,53.23478511464151,Lekki,1,Duplex,0,0,0,1.0,0,4,5,0,2000000000.0
5 Bedroom Fully Detached Duplex,5,5,Lekki Phase 1 Lekki Lagos,6.4711251,3.8147504,39.0638334712576,53.23478511464151,Lekki,1,Detached Duplex,0,0,0,1.0,0,4,5,0,980000000.0
4 Bedroom Fully Detached Smart Home,4,4,Lekki Phase 2 Lekki Lagos,6.4711251,3.8147504,39.0638334712576,53.23478511464151,Lekki,1,Detached Duplex,0,0,0,1.0,0,4,4,0,200000000.0
Houses,4,4,Osapa London Lekki Lagos,6.4711251,3.8147504,39.0638334712576,53.23478511464151,Lekki,1,Other,0,0,0,1.0,0,4,4,0,155000000.0
1bedroom Apartment,1,1,Spg Axis Ologolo Lekki Lagos,6.4711251,3.8147504,39.0638334712576,53.23478511464151,Lekki,1,Flat,0,0,0,1.0,0,4,1,0,50000000.0
2 Bedroom Apartment,2,2,Ologolo Lekki Lagos,6.4711251,3.8147504,39.0638334712576,53.23478511464151,Lekki,1,Flat,0,0,0,1.0,0,4,2,0,85000000.0
House,5,6,Royal Garden Estate Lekki Phase 2 Lekki Lagos,6.4711251,3.8147504,39.0638334712576,53.23478511464151,Lekki,1,Other,0,0,0,1.2,0,4,5,0,1000000000.0
Luxury 2 Bedroom Apartment,2,2,Lekki Phase 1 Lekki Lagos,6.4711251,3.8147504,39.0638334712576,53.23478511464151,Lekki,1,Flat,0,0,0,1.0,0,4,2,0,198000000.0
Luxury 5 Bedroom Fully Detached Smart House,5,5,Lekki Lagos,6.4711251,3.8147504,39.0638334712576,53.23478511464151,Lekki,1,Detached Duplex,0,0,0,1.0,0,4,5,0,600000000.0
4 Bedroom Semi Detached Duplex,4,4,Orchid Lekki Lagos,6.4711251,3.8147504,39.0638334712576,53.23478511464151,Lekki,1,Detached Duplex,0,0,0,1.0,0,4,4,0,155000000.0
Serviced 3 Bedroom Terrace Duplex,3,3,Abraham Adesanya Lekki Phase 2 Lekki Lagos,6.4711251,3.8147504,39.0638334712576,53.23478511464151,Lekki,1,Terrace,0,0,0,1.0,1,4,3,1,90000000.0
4 Bedroom Terraced Duplex,4,4,Orchid Lekki Lagos,6.4711251,3.8147504,39.0638334712576,53.23478511464151,Lekki,1,Terrace,0,0,0,1.0,0,4,4,0,100000000.0
Luxury 5 Bedroom Fully Detached Duplex,5,5,Ologolo Lekki Lagos,6.4711251,3.8147504,39.0638334712576,53.23478511464151,Lekki,1,Detached Duplex,0,0,0,1.0,0,4,5,0,420000000.0
Luxury 4 Bedroom Semi Detached Duplex,4,4,Lekki Lagos,6.4711251,3.8147504,39.0638334712576,53.23478511464151,Lekki,1,Detached Duplex,0,0,0,1.0,0,4,4,0,150000000.0
5 Bedroom Duplex,5,5,Lekki Phase 1 Lekki Lagos,6.4711251,3.8147504,39.0638334712576,53.23478511464151,Lekki,1,Duplex,0,0,0,1.0,0,4,5,0,900000000.0
5 Bedroom Duplex Smart House Inside A Secured Estate,5,5,"Conservative, Along Lekki Expressway Lekki Lagos",6.4711251,3.8147504,39.0638334712576,53.23478511464151,Lekki,1,Duplex,0,0,0,1.0,1,4,5,1,450000000.0
5 Bedroom Semi Detached Duplex,5,5,Cowrie Creek Ikate Lekki Lagos,6.4711251,3.8147504,39.0638334712576,53.23478511464151,Lekki,1,Detached Duplex,0,0,0,1.0,0,4,5,0,980000000.0
Newly Built 3 Bedroom Apartment,3,3,Lekki Phase 1 Lekki Lagos,6.4711251,3.8147504,39.0638334712576,53.23478511464151,Lekki,1,Flat,0,0,1,1.0,0,4,3,1,500000000.0
Lovely 6 Bedroom Detached Duplex With Private Elevator,6,6,Banana Island Ikoyi Lagos,6.4600581,3.4593152,1.2666850782568917,19.69523211516851,Banana Island,1,Detached Duplex,0,0,0,1.0,0,5,6,0,5500000000.0
5 Bedroom Automated Smart Home With Elevator,5,5,Lekki Phase 1 Lekki Lagos,6.4711251,3.8147504,39.0638334712576,53.23478511464151,Lekki,1,Other,0,0,0,1.0,0,4,5,0,1500000000.0
3 Bedroom Apartment,3,3,Ikate Lekki Lagos,6.4711251,3.8147504,39.0638334712576,53.23478511464151,Lekki,1,Flat,0,0,0,1.0,0,4,3,0,320000000.0
Lovely 5 Bedroom Duplex With Rooftop Space,5,5,Sunshine Estate Off Lekki Epe Expressway Ajah Lagos,6.4711251,3.8147504,39.0638334712576,53.23478511464151,Lekki,1,Duplex,0,0,0,1.0,0,4,5,0,240000000.0
Serviced 2 Bedroom Apartment,2,2,Ikate Lekki Lagos,6.4711251,3.8147504,39.0638334712576,53.23478511464151,Lekki,1,Flat,0,0,0,1.0,1,4,2,1,250000000.0
Newly Built 3 Bed Bungalow And Bq Ibeju Lekki,3,3,Aiyetoro Ibeju Lekki Lagos,6.4711251,3.8147504,39.0638334712576,53.23478511464151,Lekki,1,Bungalow,0,1,1,1.0,0,4,3,1,75000000.0
5 Bedroom Duplex,5,5,"Royal Garden, Off Lekki Epe Expressway Ajah Lagos",6.4711251,3.8147504,39.0638334712576,53.23478511464151,Lekki,1,Duplex,0,0,0,1.0,0,4,5,0,650000000.0
5 Bedroom Duplex,5,5,Ikota Lekki Lagos,6.4711251,3.8147504,39.0638334712576,53.23478511464151,Lekki,1,Duplex,0,0,0,1.0,0,4,5,0,660000000.0
Lovely 5 Bedroom Duplex,5,5,Chevron Chevron Lekki Lagos,6.4711251,3.8147504,39.0638334712576,53.23478511464151,Lekki,1,Duplex,0,0,0,1.0,0,4,5,0,350000000.0
Contemporary 5 Bedroom Detached Duplex,5,5,Osapa London Lekki Lagos,6.4711251,3.8147504,39.0638334712576,53.23478511464151,Lekki,1,Detached Duplex,0,0,0,1.0,0,4,5,0,1550000000.0
Lovely 4 Bedroom Duplex,4,4,Second Toll Gate Lekki Along Lekki Expressway Lekki Lagos,6.4711251,3.8147504,39.0638334712576,53.23478511464151,Lekki,1,Duplex,0,0,0,1.0,0,4,4,0,240000000.0
5 Bedroom Luxury Mansion,5,5,Lekki Lekki Phase 1 Lekki Lagos,6.4711251,3.8147504,39.0638334712576,53.23478511464151,Lekki,1,Other,0,0,0,1.0,0,4,5,0,950000000.0
5 Bedroom Semi Detached Duplex,5,5,Sangotedo Ajah Lagos,6.4694716,3.5623861,11.300377211002502,27.53491907587076,Ajah,1,Detached Duplex,0,0,0,1.0,0,4,5,0,185000000.0
Offplan Nice 2 Bedroom Apartment With Elevator & Pool,2,3,Off Admiralty Way Lekki Phase 1 Lekki Lagos,6.4711251,3.8147504,39.0638334712576,53.23478511464151,Lekki,1,Flat,1,0,0,1.5,0,4,2,1,250000000.0
3 Bedroom Apartment With Elevator,3,3,Off Admiralty Lekki Phase 1 Lekki Lagos,6.4711251,3.8147504,39.0638334712576,53.23478511464151,Lekki,1,Flat,0,0,0,1.0,0,4,3,0,400000000.0
Luxury 5 Bedroom Detached Duplex With Cinema & Pool,5,5,Ikota Lekki Lagos,6.4711251,3.8147504,39.0638334712576,53.23478511464151,Lekki,1,Detached Duplex,1,0,0,1.0,0,4,5,1,400000000.0
Smart 5 Bedroom Detached Duplex With Pool & Bq,5,5,Ado Ajah Lagos,6.4694716,3.5623861,11.300377211002502,27.53491907587076,Ajah,1,Detached Duplex,1,1,0,1.0,0,4,5,1,320000000.0
Luxury 5 Bedroom Detached Duplex With Bq,5,5,Chevron Lekki Lagos Lekki Lagos,6.4711251,3.8147504,39.0638334712576,53.23478511464151,Lekki,1,Detached Duplex,0,1,0,1.0,0,4,5,0,400000000.0
1 Bedroom Apartment,1,1,Ikota Lekki Lagos,6.4711251,3.8147504,39.0638334712576,53.23478511464151,Lekki,1,Flat,0,0,0,1.0,0,4,1,0,85000000.0
4 Bedroom Semi Detached House,4,4,Parkview Estate Ikoyi Lagos,6.4516268,3.4117815,5.595874965201447,17.89581566309951,Ikoyi,1,Detached Duplex,0,0,0,1.0,0,5,4,0,650000000.0
4 Bedroom Detached House,4,4,Lekki Phase 1 Lekki Lagos,6.4711251,3.8147504,39.0638334712576,53.23478511464151,Lekki,1,Detached Duplex,0,0,0,1.0,0,4,4,0,450000000.0
4 Bedroom Terraced Duplex,4,4,Lekki Phase 1 Lekki Lagos,6.4711251,3.8147504,39.0638334712576,53.23478511464151,Lekki,1,Terrace,0,0,0,1.0,0,4,4,0,350000000.0
6 Bedrooom Detached Duplex,6,7,Chevron Lekki Lagos,6.4711251,3.8147504,39.0638334712576,53.23478511464151,Lekki,1,Detached Duplex,0,0,0,1.1666666666666667,0,4,6,0,1200000000.0
4 Bedroom Terrace Duplex,4,4,Osapa London Lekki Lagos,6.4711251,3.8147504,39.0638334712576,53.23478511464151,Lekki,1,Terrace,0,0,0,1.0,0,4,4,0,150000000.0
5 Bedroom Terraced Duplex,5,5,Oniru Victoria Island Lagos,6.4300279,3.4259904,4.5315928067815925,20.705813048742375,Victoria Island,1,Terrace,0,0,0,1.0,0,5,5,0,600000000.0
3 Bedroom Apartment,3,3,Osapa London Lekki Lagos,6.4711251,3.8147504,39.0638334712576,53.23478511464151,Lekki,1,Flat,0,0,0,1.0,0,4,3,0,130000000.0
3 Bedroom Apartment,3,3,Lekki Phase 1 Lekki Lagos,6.4711251,3.8147504,39.0638334712576,53.23478511464151,Lekki,1,Flat,0,0,0,1.0,0,4,3,0,600000000.0
Newly Built 3 Bedroom Maisonette With Bq,3,3,Lekki Phase 1 Lekki Lagos,6.4711251,3.8147504,39.0638334712576,53.23478511464151,Lekki,1,Other,0,1,1,1.0,0,4,3,1,350000000.0
Newly Built 4 Bedroom Detached Duplex,4,4,Lekki Phase 1 Lekki Lagos,6.4711251,3.8147504,39.0638334712576,53.23478511464151,Lekki,1,Detached Duplex,0,0,1,1.0,0,4,4,1,450000000.0
4 Bedroom Terraced Duplex With Bq,4,4,Ikate Lekki Lagos,6.4711251,3.8147504,39.0638334712576,53.23478511464151,Lekki,1,Terrace,0,1,0,1.0,0,4,4,0,280000000.0
3 Bedroom Maisonette,3,3,Ozumba Mbadiwe Victoria Island Lagos,6.4300279,3.4259904,4.5315928067815925,20.705813048742375,Victoria Island,1,Other,0,0,0,1.0,0,5,3,0,240000000.0
5 Bedroom Semi Detached Duplex With Bq,5,5,Ologolo Lekki Lagos,6.4711251,3.8147504,39.0638334712576,53.23478511464151,Lekki,1,Detached Duplex,0,1,0,1.0,0,4,5,0,190000000.0
2 Bedroom Apartment,2,2,Lekki Phase 1 Lekki Lagos,6.4711251,3.8147504,39.0638334712576,53.23478511464151,Lekki,1,Flat,0,0,0,1.0,0,4,2,0,170000000.0
3 Bedroom Apartment,3,3,Osapa London Lekki Lagos,6.4711251,3.8147504,39.0638334712576,53.23478511464151,Lekki,1,Flat,0,0,0,1.0,0,4,3,0,165000000.0
Newly Built 5 Bedroom Fully Detached Duplex With Bq,5,5,Osapa London Lekki Lagos,6.4711251,3.8147504,39.0638334712576,53.23478511464151,Lekki,1,Detached Duplex,0,1,1,1.0,0,4,5,1,1400000000.0
5 Bedroom Detached Duplex,5,5,Lekki Phase 1 Lekki Lagos,6.4711251,3.8147504,39.0638334712576,53.23478511464151,Lekki,1,Detached Duplex,0,0,0,1.0,0,4,5,0,1400000000.0
Newly Built 2 Bedroom Apartment,2,2,Ikate Lekki Lagos,6.4711251,3.8147504,39.0638334712576,53.23478511464151,Lekki,1,Flat,0,0,1,1.0,0,4,2,1,180000000.0
3 Bedroom Apartment,3,3,Lekki Phase 1 Lekki Lagos,6.4711251,3.8147504,39.0638334712576,53.23478511464151,Lekki,1,Flat,0,0,0,1.0,0,4,3,0,120000000.0
Brand New 5 Bedroom House,5,5,Ikate Lekki Lagos,6.4711251,3.8147504,39.0638334712576,53.23478511464151,Lekki,1,Other,0,0,1,1.0,0,4,5,1,450000000.0
5 Bedroom Fully Detached Duplex,5,5,Ikate Lekki Lagos,6.4711251,3.8147504,39.0638334712576,53.23478511464151,Lekki,1,Detached Duplex,0,0,0,1.0,0,4,5,0,900000000.0
5 Bedroom Fully Detached Duplex,5,5,Lekki Phase 1 Lekki Lagos,6.4711251,3.8147504,39.0638334712576,53.23478511464151,Lekki,1,Detached Duplex,0,0,0,1.0,0,4,5,0,750000000.0
3 Bedroom Apartment,3,3,Lekki Right Lekki Phase 1 Lekki Lagos,6.4711251,3.8147504,39.0638334712576,53.23478511464151,Lekki,1,Flat,0,0,0,1.0,0,4,3,0,280000000.0
Newly Built 4 Bedroom Terrace Duplex,4,4,Falomo Ikoyi Lagos,6.4516268,3.4117815,5.595874965201447,17.89581566309951,Ikoyi,1,Terrace,0,0,1,1.0,0,5,4,1,500000000.0
Newly Built 4 Bedroom Terrace Duplex,4,4,Falomo Ikoyi Lagos,6.4516268,3.4117815,5.595874965201447,17.89581566309951,Ikoyi,1,Terrace,0,0,1,1.0,0,5,4,1,450000000.0
5 Bedroom Detached Duplex With 2 Bq,5,5,Admiralty Lekki Phase 1 Lekki Lagos,6.4711251,3.8147504,39.0638334712576,53.23478511464151,Lekki,1,Detached Duplex,0,1,0,1.0,0,4,5,0,1300000000.0
2 Bedroom Apartment,2,2,"Kusenla Road, Ikate Lekki Lagos",6.4711251,3.8147504,39.0638334712576,53.23478511464151,Lekki,1,Flat,0,0,0,1.0,0,4,2,0,110000000.0
Luxury 5 Bedroom Detached Duplex With Bq,5,5,Chevron Lekki Lagos,6.4711251,3.8147504,39.0638334712576,53.23478511464151,Lekki,1,Detached Duplex,0,1,0,1.0,0,4,5,0,380000000.0
4 Bedroom Luxury Apartment,4,5,Bourdillon Ikoyi Lagos,6.4516268,3.4117815,5.595874965201447,17.89581566309951,Ikoyi,1,Flat,0,0,0,1.25,0,5,4,0,1500000000.0
4 Bedroom Semi Detached Duplex,4,4,Vgc Vgc Lekki Lagos,6.4711251,3.8147504,39.0638334712576,53.23478511464151,Lekki,1,Detached Duplex,0,0,0,1.0,0,4,4,0,250000000.0
Beautiful 4bedroom Terrace Duplex,4,4,Osapa London Lekki Lagos,6.4711251,3.8147504,39.0638334712576,53.23478511464151,Lekki,1,Terrace,0,0,0,1.0,0,4,4,0,120000000.0
Newly Built 5 Bedroom Flat,5,6,Near Fola Osibo Lekki Phase 1 Lekki Lagos,6.4711251,3.8147504,39.0638334712576,53.23478511464151,Lekki,1,Flat,0,0,1,1.2,0,4,5,1,1390000000.0
Contemporary Designed 4 Bedroom Terraced Duplex,4,4,Ikota Lekki Lagos,6.4711251,3.8147504,39.0638334712576,53.23478511464151,Lekki,1,Terrace,0,0,0,1.0,0,4,4,0,145000000.0
5 Bedroom Terrace Duplex,5,5,Orchid Lekki Lagos,6.4711251,3.8147504,39.0638334712576,53.23478511464151,Lekki,1,Terrace,0,0,0,1.0,0,4,5,0,500000000.0
4 Bedroom Detached Duplex With Bq,4,4,"Elegusi , Ilasan Ikate Lekki Lagos",6.4711251,3.8147504,39.0638334712576,53.23478511464151,Lekki,1,Detached Duplex,0,1,0,1.0,0,4,4,0,300000000.0
Luxury 5 Bedroom Fully Detached Duplex,4,4,Lekki Phase 1 Lekki Lagos,6.4711251,3.8147504,39.0638334712576,53.23478511464151,Lekki,1,Detached Duplex,0,0,0,1.0,0,4,4,0,1500000000.0
2 Bedroom Apartment,2,2,Chevron Lekki Lagos,6.4711251,3.8147504,39.0638334712576,53.23478511464151,Lekki,1,Flat,0,0,0,1.0,0,4,2,0,90000000.0
4 Bedroom Fully Detached Duplex,4,4,Ikota Lekki Lagos,6.4711251,3.8147504,39.0638334712576,53.23478511464151,Lekki,1,Detached Duplex,0,0,0,1.0,0,4,4,0,185000000.0
Newly Built Semi Detached Town House,4,4,Royal Pine Estate By Orchid Road Orchid Lekki Lagos,6.4711251,3.8147504,39.0638334712576,53.23478511464151,Lekki,1,Detached Duplex,0,0,1,1.0,0,4,4,1,210000000.0
4 Bedroom Semi Detached House,4,4,"Orchid Road, Lekki Lagos",6.4711251,3.8147504,39.0638334712576,53.23478511464151,Lekki,1,Detached Duplex,0,0,0,1.0,0,4,4,0,155000000.0
5 Bedroom Detached Duplex,5,5,Ikate Lekki Lagos,6.4711251,3.8147504,39.0638334712576,53.23478511464151,Lekki,1,Detached Duplex,0,0,0,1.0,0,4,5,0,1500000000.0
4 Bedroom Semi Detached Duplex With A Bq,4,4,"Orchid Road, Lekki Lagos",6.4711251,3.8147504,39.0638334712576,53.23478511464151,Lekki,1,Detached Duplex,0,1,0,1.0,0,4,4,0,180000000.0
4 Bedroom Terrace With Swimming Pool,4,4,Ajah Lagos,6.4694716,3.5623861,11.300377211002502,27.53491907587076,Ajah,1,Terrace,1,0,0,1.0,0,4,4,1,120000000.0
Luxury 4 Bedroom Fully Detached Duplex,4,4,Ajah Lagos,6.4694716,3.5623861,11.300377211002502,27.53491907587076,Ajah,1,Detached Duplex,0,0,0,1.0,0,4,4,0,230000000.0
Brand New 4 Bedroom Fully Detached Duplex With Bq,4,4,Bogije Ajah Lagos,6.4694716,3.5623861,11.300377211002502,27.53491907587076,Ajah,1,Detached Duplex,0,1,1,1.0,0,4,4,1,140000000.0
2 Bedroom Flat,2,2,Ikate Lekki Lagos,6.4711251,3.8147504,39.0638334712576,53.23478511464151,Lekki,1,Flat,0,0,0,1.0,0,4,2,0,85000000.0
3 Bedroom Apartment,3,3,Adeola Odeku Victoria Island Lagos,6.4300279,3.4259904,4.5315928067815925,20.705813048742375,Victoria Island,1,Flat,0,0,0,1.0,0,5,3,0,450000000.0
4 Bedroom Semi Detached Duplex With Bq,4,4,Ikate Lekki Lagos,6.4711251,3.8147504,39.0638334712576,53.23478511464151,Lekki,1,Detached Duplex,0,1,0,1.0,0,4,4,0,270000000.0
2 Bedroom Apartment,2,2,Agungi Lekki Lagos,6.4711251,3.8147504,39.0638334712576,53.23478511464151,Lekki,1,Flat,0,0,0,1.0,0,4,2,0,100000000.0
5 Bedroom Detached Duplex,5,5,Lekki Phase 1 Lekki Lagos,6.4711251,3.8147504,39.0638334712576,53.23478511464151,Lekki,1,Detached Duplex,0,0,0,1.0,0,4,5,0,850000000.0
5 Bedroom Terraced Duplex With Bq,5,5,Old Ikoyi Ikoyi Lagos,6.4516268,3.4117815,5.595874965201447,17.89581566309951,Ikoyi,1,Terrace,0,1,0,1.0,0,5,5,0,1200000000.0
5 Bedroom Detached Duplex,5,5,Lekki Right Lekki Phase 1 Lekki Lagos,6.4711251,3.8147504,39.0638334712576,53.23478511464151,Lekki,1,Detached Duplex,0,0,0,1.0,0,4,5,0,450000000.0
5 Bedroom Fully Detached Duplex,5,5,Ikate Lekki Lagos,6.4711251,3.8147504,39.0638334712576,53.23478511464151,Lekki,1,Detached Duplex,0,0,0,1.0,0,4,5,0,2300000000.0
4 Bedroom Terraced Duplex With Bq,4,4,Osborne Osborne Foreshore Estate Ikoyi Lagos,6.4516268,3.4117815,5.595874965201447,17.89581566309951,Ikoyi,1,Terrace,0,1,0,1.0,0,5,4,0,350000000.0
4 Bedroom Terrace Home,4,4,Chevron Lekki Lagos,6.4711251,3.8147504,39.0638334712576,53.23478511464151,Lekki,1,Terrace,0,0,0,1.0,0,4,4,0,160000000.0
Newly Built 2 Bedroom Apartment,2,2,Ologolo Lekki Lagos,6.4711251,3.8147504,39.0638334712576,53.23478511464151,Lekki,1,Flat,0,0,1,1.0,0,4,2,1,120000000.0
3 Bedroom Apartment,3,3,Lekki Phase 1 Lekki Lagos,6.4711251,3.8147504,39.0638334712576,53.23478511464151,Lekki,1,Flat,0,0,0,1.0,0,4,3,0,250000000.0
3 Bedroom Terraced Duplex,3,3,Ikota Axis Ikota Lekki Lagos,6.4711251,3.8147504,39.0638334712576,53.23478511464151,Lekki,1,Terrace,0,0,0,1.0,0,4,3,0,120000000.0
Newly Built 4 Bedroom Semi Detached Duplex,4,4,Chevron Lekki Lagos,6.4711251,3.8147504,39.0638334712576,53.23478511464151,Lekki,1,Detached Duplex,0,0,1,1.0,0,4,4,1,195000000.0
Contemporary 4 Bedroom Fully Detached Duplex,4,4,Ajah Lekki Phase 2 Lekki Lagos,6.4711251,3.8147504,39.0638334712576,53.23478511464151,Lekki,1,Detached Duplex,0,0,0,1.0,0,4,4,0,180000000.0
3 Bedroom Terraced Duplex,3,3,Sangotedo Lekki Phase 2 Lekki Lagos,6.4711251,3.8147504,39.0638334712576,53.23478511464151,Lekki,1,Terrace,0,0,0,1.0,0,4,3,0,90000000.0
Contemporary 4 Bedroom Semi Detached Automated Duplex,4,4,Lekki Phase 1 Lekki Lagos,6.4711251,3.8147504,39.0638334712576,53.23478511464151,Lekki,1,Detached Duplex,0,0,0,1.0,0,4,4,0,600000000.0
Newly Built 4 Bedroom Semi Detached Duplex,4,4,Orchid Lekki Lagos,6.4711251,3.8147504,39.0638334712576,53.23478511464151,Lekki,1,Detached Duplex,0,0,1,1.0,0,4,4,1,165000000.0
Tastefully Built 4 Bedroom Semi Detached Duplex,4,4,"Abraham Adesanya, Lekki Phase 2 Lekki Lagos",6.4711251,3.8147504,39.0638334712576,53.23478511464151,Lekki,1,Detached Duplex,0,0,0,1.0,0,4,4,0,145000000.0
4 Bedroom Duplex,4,4,Chevron Chevron Lekki Lagos,6.4711251,3.8147504,39.0638334712576,53.23478511464151,Lekki,1,Duplex,0,0,0,1.0,0,4,4,0,230000000.0
4 Bedroom Terraced Duplex,4,4,Ikota Villa Ikota Lekki Lagos,6.4711251,3.8147504,39.0638334712576,53.23478511464151,Lekki,1,Terrace,0,0,0,1.0,0,4,4,0,120000000.0
5 Bedroom Fully Detached Home,5,5,Chevron Lekki Lagos,6.4711251,3.8147504,39.0638334712576,53.23478511464151,Lekki,1,Detached Duplex,0,0,0,1.0,0,4,5,0,800000000.0
5 Bedroom Fully Detached Duplex,5,5,Osapa London Lekki Lagos,6.4711251,3.8147504,39.0638334712576,53.23478511464151,Lekki,1,Detached Duplex,0,0,0,1.0,0,4,5,0,550000000.0
5 Bedroom Detached Duplex,5,6,Ikota Lekki Lagos,6.4711251,3.8147504,39.0638334712576,53.23478511464151,Lekki,1,Detached Duplex,0,0,0,1.2,0,4,5,0,460000000.0
5 Bedroom Fully Detached Duplex With Bq,5,5,Osapa London Lekki Lagos,6.4711251,3.8147504,39.0638334712576,53.23478511464151,Lekki,1,Detached Duplex,0,1,0,1.0,0,4,5,0,380000000.0
5 Bedroom Fully Detached Smart Duplex,5,5,Chevron Lekki Lagos,6.4711251,3.8147504,39.0638334712576,53.23478511464151,Lekki,1,Detached Duplex,0,0,0,1.0,0,4,5,0,600000000.0
Newly Built 5 Bedroom Fully Detached Duplex With Bq,5,5,Osapa London Lekki Lagos,6.4711251,3.8147504,39.0638334712576,53.23478511464151,Lekki,1,Detached Duplex,0,1,1,1.0,0,4,5,1,700000000.0
Brand New 5 Bedroom Detached Duplex,5,5,Osapa London Lekki Lagos,6.4711251,3.8147504,39.0638334712576,53.23478511464151,Lekki,1,Detached Duplex,0,0,1,1.0,0,4,5,1,650000000.0
Furnished 2 Bedroom Apartment,2,2,Ologolo Lekki Lagos,6.4711251,3.8147504,39.0638334712576,53.23478511464151,Lekki,1,Flat,0,0,0,1.0,0,4,2,0,130000000.0
"1, 2 & 3 Bedroom Apartment",2,2,Ikate Lekki Lagos,6.4711251,3.8147504,39.0638334712576,53.23478511464151,Lekki,1,Flat,0,0,0,1.0,0,4,2,0,140000000.0
Luxury 3 Bedroom Apartment,3,3,Awolowo Road Ikoyi Lagos,6.4516268,3.4117815,5.595874965201447,17.89581566309951,Ikoyi,1,Flat,0,0,0,1.0,0,5,3,0,400000000.0
4 Bedroom Terrace Duplex,4,4,Ikate Lekki Lagos,6.4711251,3.8147504,39.0638334712576,53.23478511464151,Lekki,1,Terrace,0,0,0,1.0,0,4,4,0,325000000.0
4 Bedroom Penthouse,4,4,Adeola Odeku Victoria Island Lagos,6.4300279,3.4259904,4.5315928067815925,20.705813048742375,Victoria Island,1,Other,0,0,0,1.0,0,5,4,0,900000000.0
Newly Built 4 Bedroom Semi Detached Duplex,4,4,Thomas Estate Ajah Lagos,6.4694716,3.5623861,11.300377211002502,27.53491907587076,Ajah,1,Detached Duplex,0,0,1,1.0,0,4,4,1,105000000.0
4 Bedroom Duplex,4,4,Ologolo Lekki Lagos,6.4711251,3.8147504,39.0638334712576,53.23478511464151,Lekki,1,Duplex,0,0,0,1.0,0,4,4,0,155000000.0
4 Bedroom Duplex,4,4,Osapa London Lekki Lagos,6.4711251,3.8147504,39.0638334712576,53.23478511464151,Lekki,1,Duplex,0,0,0,1.0,0,4,4,0,185000000.0
Newly Built 4 Bedroom Semi Detached Duplex With Bq,4,4,Orchid Road Lekki Lagos,6.4711251,3.8147504,39.0638334712576,53.23478511464151,Lekki,1,Detached Duplex,0,1,1,1.0,0,4,4,1,180000000.0
3 Bedroom Terrace Duplex,3,3,Ikota Gra Lekki Lagos,6.4711251,3.8147504,39.0638334712576,53.23478511464151,Lekki,1,Terrace,0,0,0,1.0,0,4,3,0,78000000.0
6 Bedroom Duplex With Bq,6,6,Chevron Lekki Lagos,6.4711251,3.8147504,39.0638334712576,53.23478511464151,Lekki,1,Duplex,0,1,0,1.0,0,4,6,0,530000000.0
Newly Built 2 Bedroom Apartment,2,2,Lekki Phase 1 Lekki Lagos,6.4711251,3.8147504,39.0638334712576,53.23478511464151,Lekki,1,Flat,0,0,1,1.0,0,4,2,1,250000000.0
5 Bedroom Flat,5,5,Ikate Ikate Lekki Lagos,6.4711251,3.8147504,39.0638334712576,53.23478511464151,Lekki,1,Flat,0,0,0,1.0,0,4,5,0,800000000.0
Newly Built 5 Bed Duplex With 1 Room Bq,5,5,Lekki Phase1 Lekki Phase 1 Lekki Lagos,6.4711251,3.8147504,39.0638334712576,53.23478511464151,Lekki,1,Duplex,0,1,1,1.0,0,4,5,1,970000000.0
Newly Built 5 Bedroom Detached Duplex,5,5,Orchid Road Lekki Lagos,6.4711251,3.8147504,39.0638334712576,53.23478511464151,Lekki,1,Detached Duplex,0,0,1,1.0,0,4,5,1,500000000.0
Newly Built 6 Bedroom Smart Home,6,6,Chevron Lekki Lagos,6.4711251,3.8147504,39.0638334712576,53.23478511464151,Lekki,1,Other,0,0,1,1.0,0,4,6,1,720000000.0
6 Bedroom Mansion,6,6,Vintage Park Ikate Lekki Lagos,6.4711251,3.8147504,39.0638334712576,53.23478511464151,Lekki,1,Other,0,0,0,1.0,0,4,6,0,1800000000.0
4 Bedroom Flat,4,4,Banana Island Banana Island Ikoyi Lagos,6.4600581,3.4593152,1.2666850782568917,19.69523211516851,Banana Island,1,Flat,0,0,0,1.0,0,5,4,0,1231633.0
4 Bedroom Semi Detached Duplex,4,4,Lekki Toll Gate Orchid Lekki Lagos,6.4711251,3.8147504,39.0638334712576,53.23478511464151,Lekki,1,Detached Duplex,0,0,0,1.0,0,4,4,0,260000000.0
Newly Built 5 Bedroom Detached Duplex,5,5,Banana Island Ikoyi Lagos,6.4600581,3.4593152,1.2666850782568917,19.69523211516851,Banana Island,1,Detached Duplex,0,0,1,1.0,0,5,5,1,5500000.0
7 Bedroom Duplex,7,7,Osapa London Lekki Lagos,6.4711251,3.8147504,39.0638334712576,53.23478511464151,Lekki,1,Duplex,0,0,0,1.0,0,4,7,0,950000000.0
4 Bedroom Terrace Duplex With Bq,4,4,Ikate Lekki Lagos,6.4711251,3.8147504,39.0638334712576,53.23478511464151,Lekki,1,Terrace,0,1,0,1.0,0,4,4,0,300000000.0
5 Bedroom Detached Duplex,5,5,Osapa London Lekki Lagos,6.4711251,3.8147504,39.0638334712576,53.23478511464151,Lekki,1,Detached Duplex,0,0,0,1.0,0,4,5,0,2000000000.0
5 Bedroom Mansion With Bq,5,5,Old Ikoyi Ikoyi Lagos,6.4516268,3.4117815,5.595874965201447,17.89581566309951,Ikoyi,1,Other,0,1,0,1.0,0,5,5,0,2500000000.0
2 Bedroo Apartment,2,2,Ologolo Lekki Lagos,6.4711251,3.8147504,39.0638334712576,53.23478511464151,Lekki,1,Flat,0,0,0,1.0,0,4,2,0,100000000.0
3 Bedroom Terraced Duplex With Bq,3,3,Lekki Phase 1 Lekki Lagos,6.4711251,3.8147504,39.0638334712576,53.23478511464151,Lekki,1,Terrace,0,1,0,1.0,0,4,3,0,300000000.0
5 Bedroom Semi Detached Duplex,5,5,Ikate Lekki Lagos,6.4711251,3.8147504,39.0638334712576,53.23478511464151,Lekki,1,Detached Duplex,0,0,0,1.0,0,4,5,0,650000000.0
4 Bedroom Terraced Duplex With Bq,4,4,Ikate Lekki Lagos,6.4711251,3.8147504,39.0638334712576,53.23478511464151,Lekki,1,Terrace,0,1,0,1.0,0,4,4,0,350000000.0
2 Bedroom Apartment,2,2,Lekki Phase 1 Lekki Lagos,6.4711251,3.8147504,39.0638334712576,53.23478511464151,Lekki,1,Flat,0,0,0,1.0,0,4,2,0,210000000.0
Brand New 5 Bedroom Detached Duplex,5,5,Chevron Lekki Lagos,6.4711251,3.8147504,39.0638334712576,53.23478511464151,Lekki,1,Detached Duplex,0,0,1,1.0,0,4,5,1,320000000.0
Detailed 6 Bedroom Detached Smart Home,6,6,Banana Island Ikoyi Lagos,6.4600581,3.4593152,1.2666850782568917,19.69523211516851,Banana Island,1,Detached Duplex,0,0,0,1.0,0,5,6,0,6000000000.0
Contemporary Spacious 4 Bedroom Semi Detached Duplex,4,4,Chevron Lekki Lagos,6.4711251,3.8147504,39.0638334712576,53.23478511464151,Lekki,1,Detached Duplex,0,0,0,1.0,0,4,4,0,250000000.0
Luxury 5 Bedroom Detached Duplex,5,5,Ologolo Lekki Lagos,6.4711251,3.8147504,39.0638334712576,53.23478511464151,Lekki,1,Detached Duplex,0,0,0,1.0,0,4,5,0,400000000.0
5 Bedroom Fully Detached Duplex With Bq,5,5,Lekki Phase 1 Lekki Lagos,6.4711251,3.8147504,39.0638334712576,53.23478511464151,Lekki,1,Detached Duplex,0,1,0,1.0,0,4,5,0,900000000.0
Luxury 5bedroom Fully Detached Duplex,5,5,Osapa London Lekki Lagos,6.4711251,3.8147504,39.0638334712576,53.23478511464151,Lekki,1,Detached Duplex,0,0,0,1.0,0,4,5,0,850000000.0
5 Bedroom Fully Detached Duplex With A Bq,5,5,Ologolo Lekki Lagos,6.4711251,3.8147504,39.0638334712576,53.23478511464151,Lekki,1,Detached Duplex,0,1,0,1.0,0,4,5,0,350000000.0
Fully Furnished 2 Bedroom Apartment,2,2,Chevron Lekki Lagos,6.4711251,3.8147504,39.0638334712576,53.23478511464151,Lekki,1,Flat,0,0,0,1.0,0,4,2,0,165000000.0
5 Bedroom Detached Duplex,5,5,Chevron Lekki Lagos,6.4711251,3.8147504,39.0638334712576,53.23478511464151,Lekki,1,Detached Duplex,0,0,0,1.0,0,4,5,0,1400000000.0
Newly Built 4 Bedroom Semi Detached Duplex,4,4,Osapa London Lekki Lagos,6.4711251,3.8147504,39.0638334712576,53.23478511464151,Lekki,1,Detached Duplex,0,0,1,1.0,0,4,4,1,15000000.0
Serviced 5 Bedroom Penthouse,5,5,Old Ikoyi Ikoyi Lagos,6.4516268,3.4117815,5.595874965201447,17.89581566309951,Ikoyi,1,Other,0,0,0,1.0,1,5,5,1,3500000000.0
Newly Built 6 Bedroom Fully Detached Duplex With Bq,6,6,Banana Island Ikoyi Lagos,6.4600581,3.4593152,1.2666850782568917,19.69523211516851,Banana Island,1,Detached Duplex,0,1,1,1.0,0,5,6,1,5500000000.0
3 Bedroom Terraced Duplex,3,3,Ikate Lekki Lagos,6.4711251,3.8147504,39.0638334712576,53.23478511464151,Lekki,1,Terrace,0,0,0,1.0,0,4,3,0,220000000.0
2 Bedroom Apartment,2,2,"Lekki Right, Lekki Phase 1 Lekki Lagos",6.4711251,3.8147504,39.0638334712576,53.23478511464151,Lekki,1,Flat,0,0,0,1.0,0,4,2,0,150000000.0
Exquisitely Built 5 Bedroom Fully Detached Duplex,5,5,Osapa London Lekki Lagos,6.4711251,3.8147504,39.0638334712576,53.23478511464151,Lekki,1,Detached Duplex,0,0,0,1.0,0,4,5,0,700000000.0
3 Bedroom Apartment,3,3,Old Ikoyi Ikoyi Lagos,6.4516268,3.4117815,5.595874965201447,17.89581566309951,Ikoyi,1,Flat,0,0,0,1.0,0,5,3,0,450000000.0
Lovely 4 Bedroom Semi Detached Duplex,4,4,Agungi Lekki Lagos,6.4711251,3.8147504,39.0638334712576,53.23478511464151,Lekki,1,Detached Duplex,0,0,0,1.0,0,4,4,0,160000000.0
3 Bedroom Semi Detached Duplex With Bq,3,3,Off Abraham Adesanya Ajah Lagos,6.4694716,3.5623861,11.300377211002502,27.53491907587076,Ajah,1,Detached Duplex,0,1,0,1.0,0,4,3,0,115000000.0
Nicely Finished 3 Bedroom Terrace Duplex With Bq,3,3,By Lakowe Golf Ibeju Lekki Lagos,6.4711251,3.8147504,39.0638334712576,53.23478511464151,Lekki,1,Terrace,0,1,0,1.0,0,4,3,0,68000000.0
Studio Apartment,1,1,Ikota Lekki Lagos,6.4711251,3.8147504,39.0638334712576,53.23478511464151,Lekki,1,Flat,0,0,0,1.0,0,4,1,0,65000000.0
Luxury 5 Bedroom Detached Duplex With Bq,5,5,Megamound Estate Ikota Lekki Lagos,6.4711251,3.8147504,39.0638334712576,53.23478511464151,Lekki,1,Detached Duplex,0,1,0,1.0,0,4,5,0,400000000.0
Luxury 5 Bedroom Semi Detached Duplex With Bq,5,5,Ikota Lekki Lagos,6.4711251,3.8147504,39.0638334712576,53.23478511464151,Lekki,1,Detached Duplex,0,1,0,1.0,0,4,5,0,270000000.0
4 Bedroom Terrace Duplex With Bq,4,4,Ologolo Lekki Lagos,6.4711251,3.8147504,39.0638334712576,53.23478511464151,Lekki,1,Terrace,0,1,0,1.0,0,4,4,0,140000000.0
Serviced 2 Bedroom Apartment With Bq,2,2,Off Adeola Odeku Victoria Island Lagos Adeola Odeku Victoria Island Lagos,6.4300279,3.4259904,4.5315928067815925,20.705813048742375,Victoria Island,1,Flat,0,1,0,1.0,1,5,2,1,417500000.0
2 Bedroom Apartment,2,2,Agungi Lekki Lagos,6.4711251,3.8147504,39.0638334712576,53.23478511464151,Lekki,1,Flat,0,0,0,1.0,0,4,2,0,110000000.0
5 Bedroom Semi Detached Duplex,5,5,Osapa London Lekki Lagos,6.4711251,3.8147504,39.0638334712576,53.23478511464151,Lekki,1,Detached Duplex,0,0,0,1.0,0,4,5,0,250000000.0
4 Bedroom Terrace Duplex,4,4,Ologolo Lekki Lagos,6.4711251,3.8147504,39.0638334712576,53.23478511464151,Lekki,1,Terrace,0,0,0,1.0,0,4,4,0,240000000.0
4 Bedroom Semi Detached Duplex,4,4,Ologolo Lekki Lagos,6.4711251,3.8147504,39.0638334712576,53.23478511464151,Lekki,1,Detached Duplex,0,0,0,1.0,0,4,4,0,230000000.0
5 Bedroom Detached Duplex,5,5,Ado Ajah Lagos,6.4694716,3.5623861,11.300377211002502,27.53491907587076,Ajah,1,Detached Duplex,0,0,0,1.0,0,4,5,0,205000000.0
5 Bedroom Flat,5,5,Sangotedo Axis Close To Lbs Lekki Phase 2 Lekki Lagos,6.4711251,3.8147504,39.0638334712576,53.23478511464151,Lekki,1,Flat,0,0,0,1.0,0,4,5,0,230000000.0
4 Bedroom Semi Detached Duplex,4,4,Idado Lekki Lagos,6.4711251,3.8147504,39.0638334712576,53.23478511464151,Lekki,1,Detached Duplex,0,0,0,1.0,0,4,4,0,250000000.0
2 Bedroom Maisonette,2,3,Orchid Lekki Lagos,6.4711251,3.8147504,39.0638334712576,53.23478511464151,Lekki,1,Other,0,0,0,1.5,0,4,2,0,70000000.0
2 Bedroom Apartment With Bq,2,2,"Freedom Way, Lekki Phase 1 Lekki Lagos",6.4711251,3.8147504,39.0638334712576,53.23478511464151,Lekki,1,Flat,0,1,0,1.0,0,4,2,0,280000000.0
Beautifully Crafted 4bedroom Semi Detached House,4,4,Agungi Estate Agungi Lekki Lagos,6.4711251,3.8147504,39.0638334712576,53.23478511464151,Lekki,1,Detached Duplex,0,0,0,1.0,0,4,4,0,320000000.0
3 Bedroom Duplex,3,3,Mobile Road Axis Ikota Lekki Lagos,6.4711251,3.8147504,39.0638334712576,53.23478511464151,Lekki,1,Duplex,0,0,0,1.0,0,4,3,0,105000000.0
Stunning 4 Bedroom Semi Detached Duplex,4,4,Lekki Phase 2 Lekki Lagos,6.4711251,3.8147504,39.0638334712576,53.23478511464151,Lekki,1,Detached Duplex,0,0,0,1.0,0,4,4,0,150000000.0
2 Bedroom Flat,2,2,Royal Pine Estate Orchid Lekki Lagos,6.4711251,3.8147504,39.0638334712576,53.23478511464151,Lekki,1,Flat,0,0,0,1.0,0,4,2,0,50000000.0
Duplex,4,4,Orchid Road By Chevron Toll Gate Orchid Lekki Lagos,6.4711251,3.8147504,39.0638334712576,53.23478511464151,Lekki,1,Duplex,0,0,0,1.0,0,4,4,0,290000000.0
3 Bedroom Apartment,3,3,"Chevron Toll Gate, Chevron Lekki Lagos",6.4711251,3.8147504,39.0638334712576,53.23478511464151,Lekki,1,Flat,0,0,0,1.0,0,4,3,0,135000000.0
5 Bedroom House,5,5,"Royal Estate, Orchid Lekki Lagos",6.4711251,3.8147504,39.0638334712576,53.23478511464151,Lekki,1,Other,0,0,0,1.0,0,4,5,0,400000000.0
4 Bedroom Duplex,4,4,Orchid Road By Chevron Toll Gate Orchid Lekki Lagos,6.4711251,3.8147504,39.0638334712576,53.23478511464151,Lekki,1,Duplex,0,0,0,1.0,0,4,4,0,190000000.0
2 Bedroom Apartment Plus Bq,2,2,Chisco Estate Ikate Lekki Lagos,6.4711251,3.8147504,39.0638334712576,53.23478511464151,Lekki,1,Flat,0,1,0,1.0,0,4,2,0,210000000.0
House,4,4,Dpk Estate By Orchid Road Orchid Lekki Lagos,6.4711251,3.8147504,39.0638334712576,53.23478511464151,Lekki,1,Other,0,0,0,1.0,0,4,4,0,150000000.0
New 4 Bedroom Fully Detached Duplex,4,4,Lekki Lagos,6.4711251,3.8147504,39.0638334712576,53.23478511464151,Lekki,1,Detached Duplex,0,0,0,1.0,0,4,4,0,150000000.0
5 Bedroom Duplex,5,5,Cowrie Creek Ikate Lekki Lagos,6.4711251,3.8147504,39.0638334712576,53.23478511464151,Lekki,1,Duplex,0,0,0,1.0,0,4,5,0,850000000.0
5 Bedroom Fully Detached Duplex,5,5,Lekki Phase 1 Lekki Lagos,6.4711251,3.8147504,39.0638334712576,53.23478511464151,Lekki,1,Detached Duplex,0,0,0,1.0,0,4,5,0,450000000.0
New Shop,1,0,Major Road Agungi Lekki Lagos,6.4711251,3.8147504,39.0638334712576,53.23478511464151,Lekki,1,Other,0,0,0,0.0,0,4,1,0,82100000.0
4 Bedroom Terraced Duplex,4,4,Old Ikoyi Ikoyi Lagos,6.4516268,3.4117815,5.595874965201447,17.89581566309951,Ikoyi,1,Terrace,0,0,0,1.0,0,5,4,0,750000000.0
Newly Built 4 Bedroom Semi Detached Duplex With Bq,4,4,Lekki Phase 1 Lekki Lagos,6.4711251,3.8147504,39.0638334712576,53.23478511464151,Lekki,1,Detached Duplex,0,1,1,1.0,0,4,4,1,22000000.0
5 Bedroom Fully Detached Duplex,5,5,Osapa London Lekki Lagos,6.4711251,3.8147504,39.0638334712576,53.23478511464151,Lekki,1,Detached Duplex,0,0,0,1.0,0,4,5,0,730000000.0
Brand New 5 Bedroom Detached Duplex With Bq,5,5,Lekki Phase 1 Lekki Lagos,6.4711251,3.8147504,39.0638334712576,53.23478511464151,Lekki,1,Detached Duplex,0,1,1,1.0,0,4,5,1,780000000.0
5 Bedroom Fully Detached Duplex,5,5,Osapa London Lekki Lagos,6.4711251,3.8147504,39.0638334712576,53.23478511464151,Lekki,1,Detached Duplex,0,0,0,1.0,0,4,5,0,750000000.0
Contemporary 5 Bedroom Fully Detached,5,5,Osapa London Lekki Lagos,6.4711251,3.8147504,39.0638334712576,53.23478511464151,Lekki,1,Detached Duplex,0,0,0,1.0,0,4,5,0,1900000000.0
Luxury 4 Bedroom Detached Duplex,4,4,Pinnock Beach Estate Osapa London Lekki Lagos,6.4711251,3.8147504,39.0638334712576,53.23478511464151,Lekki,1,Detached Duplex,0,0,0,1.0,0,4,4,0,850000000.0
4 Bedroom Terraced Duplex With A Bq,4,4,"Lekki Conservation, Lekki Lagos",6.4711251,3.8147504,39.0638334712576,53.23478511464151,Lekki,1,Terrace,0,1,0,1.0,0,4,4,0,135000000.0
3 Bedroom Apartment,3,3,Lekki Phase 1 Lekki Lagos,6.4711251,3.8147504,39.0638334712576,53.23478511464151,Lekki,1,Flat,0,0,0,1.0,0,4,3,0,270000000.0
Brand New 2 Bedroom Flat With Bq,2,2,Lekki Phase 1 Lekki Lagos,6.4711251,3.8147504,39.0638334712576,53.23478511464151,Lekki,1,Flat,0,1,1,1.0,0,4,2,1,240000000.0
2 Bedroom Penthouse Apartment With Bq,2,2,Lekki Phase 1 Lekki Lagos,6.4711251,3.8147504,39.0638334712576,53.23478511464151,Lekki,1,Flat,0,1,0,1.0,0,4,2,0,420000000.0
4 Bedroom Terraced Duplex,4,4,Orchid Lekki Lagos,6.4711251,3.8147504,39.0638334712576,53.23478511464151,Lekki,1,Terrace,0,0,0,1.0,0,4,4,0,95000000.0
3 Bedroom Terraced Duplex,3,3,Ikota Lekki Lagos,6.4711251,3.8147504,39.0638334712576,53.23478511464151,Lekki,1,Terrace,0,0,0,1.0,0,4,3,0,130000000.0
3 Bedroom Duplex,3,3,"The Property Is Around General Paints Axis Close To Abraham Adesanya Road, Off Lekki Epe Expressway Ajah Lagos",6.4711251,3.8147504,39.0638334712576,53.23478511464151,Lekki,1,Duplex,0,0,0,1.0,0,4,3,0,70000000.0
Newly Built 3 Bedroom Flat,3,3,The Property Located Within A Good Neighborhood Chevron Lekki Lagos,6.4711251,3.8147504,39.0638334712576,53.23478511464151,Lekki,1,Flat,0,0,1,1.0,0,4,3,1,130000000.0
3 Bedroom Flat,3,3,"Keffi Road, South West Ikoyi Lagos",6.4516268,3.4117815,5.595874965201447,17.89581566309951,Ikoyi,1,Flat,0,0,0,1.0,0,5,3,0,350000000.0
5 Bedroom Detached Duplex With Bq & Swimming Pool,5,5,Chevron Lekki Lagos,6.4711251,3.8147504,39.0638334712576,53.23478511464151,Lekki,1,Detached Duplex,1,1,0,1.0,0,4,5,1,490000000.0
Luxury 4 Bedroom Maisonette,4,5,Bourdillon Ikoyi Lagos,6.4516268,3.4117815,5.595874965201447,17.89581566309951,Ikoyi,1,Other,0,0,0,1.25,0,5,4,0,1800000000.0
5 Bedroom Duplex,5,5,Old Ikoyi Ikoyi Lagos,6.4516268,3.4117815,5.595874965201447,17.89581566309951,Ikoyi,1,Duplex,0,0,0,1.0,0,5,5,0,3500000.0
4 Bedroom Duplex With Bq,4,4,Orchid Lekki Lagos,6.4711251,3.8147504,39.0638334712576,53.23478511464151,Lekki,1,Duplex,0,1,0,1.0,0,4,4,0,180000000.0
2 Bedroom Flat,2,2,Ologolo Lekki Lagos,6.4711251,3.8147504,39.0638334712576,53.23478511464151,Lekki,1,Flat,0,0,0,1.0,0,4,2,0,120000000.0
4 Bedroom Semi Detached Duplex With Bq,4,4,Off Lekki Epe Expressway Ajah Lagos,6.4711251,3.8147504,39.0638334712576,53.23478511464151,Lekki,1,Detached Duplex,0,1,0,1.0,0,4,4,0,160000000.0
3 Bedroom Terraced Duplex,3,3,Orchid Lekki Lagos,6.4711251,3.8147504,39.0638334712576,53.23478511464151,Lekki,1,Terrace,0,0,0,1.0,0,4,3,0,90000000.0
Newly Built 4 Bedroom Semi Detached Duplex,4,4,Ikate Lekki Lagos,6.4711251,3.8147504,39.0638334712576,53.23478511464151,Lekki,1,Detached Duplex,0,0,1,1.0,0,4,4,1,300000000.0
Contemporary Fully Detached 4 Bedroom Smart,4,4,Royal Garden Estate Thomas Estate Ajah Lagos,6.4694716,3.5623861,11.300377211002502,27.53491907587076,Ajah,1,Detached Duplex,0,0,0,1.0,0,4,4,0,650000000.0
3 Bedroom Maisonette With Bq,3,3,Osborne Foreshore Estate Ikoyi Lagos,6.4516268,3.4117815,5.595874965201447,17.89581566309951,Ikoyi,1,Other,0,1,0,1.0,0,5,3,0,395000000.0
4 Bedroom Terrace Duplex,4,4,Lekki Right Lekki Phase 1 Lekki Lagos,6.4711251,3.8147504,39.0638334712576,53.23478511464151,Lekki,1,Terrace,0,0,0,1.0,0,4,4,0,370000000.0
3 Bedroom Flat,3,3,Old Ikoyi Ikoyi Lagos,6.4516268,3.4117815,5.595874965201447,17.89581566309951,Ikoyi,1,Flat,0,0,0,1.0,0,5,3,0,650000000.0
4 Bedroom Apartment,4,4,Old Ikoyi Ikoyi Lagos,6.4516268,3.4117815,5.595874965201447,17.89581566309951,Ikoyi,1,Flat,0,0,0,1.0,0,5,4,0,1500000.0
4 Bedroom Duplex,4,4,Orchid Road Along Lekki Expressway Lekki Lagos,6.4711251,3.8147504,39.0638334712576,53.23478511464151,Lekki,1,Duplex,0,0,0,1.0,0,4,4,0,210000000.0
5 Bedroom Detached Duplex,5,5,Chevron Toll Gate Along Lekki Expressway Lekki Lagos,6.4711251,3.8147504,39.0638334712576,53.23478511464151,Lekki,1,Detached Duplex,0,0,0,1.0,0,4,5,0,330000000.0
5 Bedroom Duplex,5,5,Megamound Estate Ikota Lekki Lagos,6.4711251,3.8147504,39.0638334712576,53.23478511464151,Lekki,1,Duplex,0,0,0,1.0,0,4,5,0,660000000.0
Newly Built 6 Bedroom Semi Detached Smart Home,6,6,Royal Garden Estate Ajiwe Ajah Lagos,6.4694716,3.5623861,11.300377211002502,27.53491907587076,Ajah,1,Detached Duplex,0,0,1,1.0,0,4,6,1,550000000.0
5 Bedroom Semi Detached Duplex With Bq,5,5,Osapa London Lekki Lagos,6.4711251,3.8147504,39.0638334712576,53.23478511464151,Lekki,1,Detached Duplex,0,1,0,1.0,0,4,5,0,350000000.0
Serviced 4 Bedroom Terrace Duplex With Bq,4,4,Osapa London Lekki Lagos,6.4711251,3.8147504,39.0638334712576,53.23478511464151,Lekki,1,Terrace,0,1,0,1.0,1,4,4,1,250000000.0
Newly Built 5 Bedroom Smart House Duplex,5,5,Osapa London Lekki Lagos,6.4711251,3.8147504,39.0638334712576,53.23478511464151,Lekki,1,Duplex,0,0,1,1.0,0,4,5,1,800000000.0
5 Bedroom Detached Smart Duplex,5,5,Orchid Road Lekki Lagos,6.4711251,3.8147504,39.0638334712576,53.23478511464151,Lekki,1,Detached Duplex,0,0,0,1.0,0,4,5,0,750000000.0
Newly Built 4 Bedroom Serviced Terrace Duplex,4,4,Chevron Chevron Lekki Lagos,6.4711251,3.8147504,39.0638334712576,53.23478511464151,Lekki,1,Terrace,0,0,1,1.0,1,4,4,2,210000000.0
5 Bedroom Duplex,5,5,Ado Ajah Lagos,6.4694716,3.5623861,11.300377211002502,27.53491907587076,Ajah,1,Duplex,0,0,0,1.0,0,4,5,0,250000000.0
5 Bedroom Duplex,5,5,Orchid Orchid Lekki Lagos,6.4711251,3.8147504,39.0638334712576,53.23478511464151,Lekki,1,Duplex,0,0,0,1.0,0,4,5,0,240000000.0
5 Bedroom Detached Duplex,5,5,Osapa London Lekki Lagos,6.4711251,3.8147504,39.0638334712576,53.23478511464151,Lekki,1,Detached Duplex,0,0,0,1.0,0,4,5,0,1200000000.0
3 Bedroom Apartment With 1 Bq,3,3,Ikate Lekki Lagos,6.4711251,3.8147504,39.0638334712576,53.23478511464151,Lekki,1,Flat,0,1,0,1.0,0,4,3,0,250000000.0
4 Bedroom Semi Detached Duplex,4,4,Ikota Lekki Lagos,6.4711251,3.8147504,39.0638334712576,53.23478511464151,Lekki,1,Detached Duplex,0,0,0,1.0,0,4,4,0,140000000.0
5 Bedroom Fully Detached Duplex,5,5,Orchid Lekki Lagos,6.4711251,3.8147504,39.0638334712576,53.23478511464151,Lekki,1,Detached Duplex,0,0,0,1.0,0,4,5,0,320000000.0
4 Bedroom Semi Detached Duplex With Bq,4,4,Ikota Lekki Lagos,6.4711251,3.8147504,39.0638334712576,53.23478511464151,Lekki,1,Detached Duplex,0,1,0,1.0,0,4,4,0,145000000.0
3 Bedroom Duplex With Bq,3,3,Ikota Lekki Lagos,6.4711251,3.8147504,39.0638334712576,53.23478511464151,Lekki,1,Duplex,0,1,0,1.0,0,4,3,0,150000000.0
Fully Furnished 2 Bedroom Penthouse,2,2,Chevron Lekki Lagos,6.4711251,3.8147504,39.0638334712576,53.23478511464151,Lekki,1,Other,0,0,0,1.0,0,4,2,0,82000000.0
2 Bedroom Apartment,2,2,Ikota Lekki Lagos,6.4711251,3.8147504,39.0638334712576,53.23478511464151,Lekki,1,Flat,0,0,0,1.0,0,4,2,0,120000000.0
Spacious 2 Bedroom Flat,2,2,Ikate Lekki Lagos,6.4711251,3.8147504,39.0638334712576,53.23478511464151,Lekki,1,Flat,0,0,0,1.0,0,4,2,0,145000000.0
Contemporary Serviced 2 Bedroom Apartment,2,2,Ikate Lekki Lagos,6.4711251,3.8147504,39.0638334712576,53.23478511464151,Lekki,1,Flat,0,0,0,1.0,1,4,2,1,125000000.0
Beautiful 4 Bedroom Semi Detached Duplex,4,4,Lekki Phase 2 Lekki Lagos,6.4711251,3.8147504,39.0638334712576,53.23478511464151,Lekki,1,Detached Duplex,0,0,0,1.0,0,4,4,0,150000000.0
4 Bedroom Apartment,4,4,Old Ikoyi Ikoyi Lagos,6.4516268,3.4117815,5.595874965201447,17.89581566309951,Ikoyi,1,Flat,0,0,0,1.0,0,5,4,0,1200000.0
4 Bedroom Terraced Duplex,4,4,Oniru Victoria Island Lagos,6.4300279,3.4259904,4.5315928067815925,20.705813048742375,Victoria Island,1,Terrace,0,0,0,1.0,0,5,4,0,550000000.0
3 Bedroom Apartment,3,3,Lekki Phase 1 Lekki Lagos,6.4711251,3.8147504,39.0638334712576,53.23478511464151,Lekki,1,Flat,0,0,0,1.0,0,4,3,0,360000000.0
Newly Built 3 Bedroom Apartment,3,3,Osborne Foreshore Estate Ikoyi Lagos,6.4516268,3.4117815,5.595874965201447,17.89581566309951,Ikoyi,1,Flat,0,0,1,1.0,0,5,3,1,500000000.0
3 Bedroom Terrace Duplex,3,3,Ikoyi Lagos,6.4516268,3.4117815,5.595874965201447,17.89581566309951,Ikoyi,1,Terrace,0,0,0,1.0,0,5,3,0,850000000.0
5 Bedroom Detached Duplex,5,5,Chevron Lekki Lagos,6.4711251,3.8147504,39.0638334712576,53.23478511464151,Lekki,1,Detached Duplex,0,0,0,1.0,0,4,5,0,440000000.0
Luxury 3 Bedroom Apartment,3,3,Old Ikoyi Ikoyi Lagos,6.4516268,3.4117815,5.595874965201447,17.89581566309951,Ikoyi,1,Flat,0,0,0,1.0,0,5,3,0,650000000.0
4 Bedroom Semi Detached Duplex,4,4,Ologolo Lekki Lagos,6.4711251,3.8147504,39.0638334712576,53.23478511464151,Lekki,1,Detached Duplex,0,0,0,1.0,0,4,4,0,180000000.0
5 Bedroom Terrace Duplex With Bq,5,5,Banana Island Ikoyi Lagos,6.4600581,3.4593152,1.2666850782568917,19.69523211516851,Banana Island,1,Terrace,0,1,0,1.0,0,5,5,0,2000000.0
5 Star Hotel,10,10,Ozumba Mbadiwe Victoria Island Lagos,6.4300279,3.4259904,4.5315928067815925,20.705813048742375,Victoria Island,1,Other,0,0,0,1.0,0,5,10,0,200000000.0
2 Bedroom Apartment,2,2,Lekki Phase 1 Lekki Lagos,6.4711251,3.8147504,39.0638334712576,53.23478511464151,Lekki,1,Flat,0,0,0,1.0,0,4,2,0,285000000.0
4 Bedroom Duplex,4,4,Cowrie Creek Estate Ikate Lekki Lagos,6.4711251,3.8147504,39.0638334712576,53.23478511464151,Lekki,1,Duplex,0,0,0,1.0,0,4,4,0,675000000.0
Brand New 5 Bedroom Fully Detached Duplex,5,5,Lekki Phase 1 Lekki Lagos,6.4711251,3.8147504,39.0638334712576,53.23478511464151,Lekki,1,Detached Duplex,0,0,1,1.0,0,4,5,1,770000000.0
Luxury 4 Bedroom Semi Detached Duplex,4,4,"Chevy View Estate, Chevron Lekki Lagos",6.4711251,3.8147504,39.0638334712576,53.23478511464151,Lekki,1,Detached Duplex,0,0,0,1.0,0,4,4,0,280000000.0
Spacious 3 Bedroom Apartment,3,3,Lekki Phase 1 Lekki Lagos,6.4711251,3.8147504,39.0638334712576,53.23478511464151,Lekki,1,Flat,0,0,0,1.0,0,4,3,0,170000000.0
Newly Built 5 Bedroom Semi Detached Duplex With Bq,5,5,Lekki Abraham Adesanya Estate Ajah Lagos,6.4711251,3.8147504,39.0638334712576,53.23478511464151,Lekki,1,Detached Duplex,0,1,1,1.0,0,4,5,1,260000000.0
Newly Built 5 Bedroom Detached Duplex,5,5,Chevron Drive Lekki Lagos,6.4711251,3.8147504,39.0638334712576,53.23478511464151,Lekki,1,Detached Duplex,0,0,1,1.0,0,4,5,1,600000000.0
Newly Built 3 Bedroom Fully Detached Duplex,3,3,Ikota Lekki Lagos,6.4711251,3.8147504,39.0638334712576,53.23478511464151,Lekki,1,Detached Duplex,0,0,1,1.0,0,4,3,1,125000000.0
3 Bedroom Terraced Duplex,3,3,Orchid Lekki Lagos,6.4711251,3.8147504,39.0638334712576,53.23478511464151,Lekki,1,Terrace,0,0,0,1.0,0,4,3,0,75000000.0
Beautiful 6 Bedroom Semi Detached Duplex With Bq,6,6,Western Foreshore Estate Osapa London Lekki Lagos,6.4711251,3.8147504,39.0638334712576,53.23478511464151,Lekki,1,Detached Duplex,0,1,0,1.0,0,4,6,0,300000000.0
4 Bedroom Semi Detached Duplex With Bq,4,4,Orchid Lekki Lagos,6.4711251,3.8147504,39.0638334712576,53.23478511464151,Lekki,1,Detached Duplex,0,1,0,1.0,0,4,4,0,200000000.0
5 Bedroom Detached Duplex With Bq,5,5,Orchid Lekki Lagos,6.4711251,3.8147504,39.0638334712576,53.23478511464151,Lekki,1,Detached Duplex,0,1,0,1.0,0,4,5,0,310000000.0
4 Bedroom Duplex,4,4,The Property Located Within Ikota Villa Estate Lekki Lagos,6.4711251,3.8147504,39.0638334712576,53.23478511464151,Lekki,1,Duplex,0,0,0,1.0,0,4,4,0,170000000.0
5 Bedroom Detached Duplex With Bq,5,5,Off Lekki Epe Expressway Ajah Lagos,6.4711251,3.8147504,39.0638334712576,53.23478511464151,Lekki,1,Detached Duplex,0,1,0,1.0,0,4,5,0,240000000.0
5 Bedroom Detached Duplex,5,6,"Fubara Dublin Green, Igbo Efo, Lekki Phase 1 Lekki Lagos",6.4711251,3.8147504,39.0638334712576,53.23478511464151,Lekki,1,Detached Duplex,0,0,0,1.2,0,4,5,0,480000000.0
4 Bedroom Terrace Duplex,4,5,Old Ikoyi Ikoyi Lagos,6.4516268,3.4117815,5.595874965201447,17.89581566309951,Ikoyi,1,Terrace,0,0,0,1.25,0,5,4,0,600000000.0
5 Bedroom Duplex,5,5,Royal Garden Ajiwe Ajah Lagos,6.4694716,3.5623861,11.300377211002502,27.53491907587076,Ajah,1,Duplex,0,0,0,1.0,0,4,5,0,510000000.0
Lovely 5 Bedroom Duplex With Cinema Room,5,5,Megamound Ikota Lekki Lagos,6.4711251,3.8147504,39.0638334712576,53.23478511464151,Lekki,1,Duplex,0,0,0,1.0,0,4,5,0,600000000.0
Lovely 5 Bedroom Duplex With Spacious Car Park,5,5,Lekki Palm Ado Ajah Lagos,6.4711251,3.8147504,39.0638334712576,53.23478511464151,Lekki,1,Duplex,0,0,0,1.0,0,4,5,0,250000000.0
Newly Built 5 Bedroom Terrace Duplex,5,5,Ikate Lekki Lagos,6.4711251,3.8147504,39.0638334712576,53.23478511464151,Lekki,1,Terrace,0,0,1,1.0,0,4,5,1,350000000.0
Newly Built 5 Bedroom Automated,5,5,Lekki Phase1 Lekki Phase 1 Lekki Lagos,6.4711251,3.8147504,39.0638334712576,53.23478511464151,Lekki,1,Other,0,0,1,1.0,0,4,5,1,1000000000.0
2 Bedroom Apartment,5,5,"Lekki Right, Lekki Phase 1 Lekki Lagos",6.4711251,3.8147504,39.0638334712576,53.23478511464151,Lekki,1,Flat,0,0,0,1.0,0,4,5,0,500000000.0
Newly Built 4 Bedroom Detached Duplex With Bq,4,4,New Road Along Lekki Expressway Lekki Lagos,6.4711251,3.8147504,39.0638334712576,53.23478511464151,Lekki,1,Detached Duplex,0,1,1,1.0,0,4,4,1,400000000.0
6 Bedroom Duplex,6,6,Chevron Chevron Lekki Lagos,6.4711251,3.8147504,39.0638334712576,53.23478511464151,Lekki,1,Duplex,0,0,0,1.0,0,4,6,0,750000000.0
Newly Built 4 Bedroom Detached Duplex,4,4,Ikota Lekki Lagos,6.4711251,3.8147504,39.0638334712576,53.23478511464151,Lekki,1,Detached Duplex,0,0,1,1.0,0,4,4,1,380000000.0
4 Bedroom Duplex,4,4,Chevron Toll Gate Along Lekki Expressway Lekki Lagos,6.4711251,3.8147504,39.0638334712576,53.23478511464151,Lekki,1,Duplex,0,0,0,1.0,0,4,4,0,250000000.0
New 4 Bedroom Detached Duplex,4,4,Osapa London Lekki Lagos,6.4711251,3.8147504,39.0638334712576,53.23478511464151,Lekki,1,Detached Duplex,0,0,0,1.0,0,4,4,0,850000000.0
Newly Built 4 Bedroom Semi Detached Duplex,4,4,Idado Idado Lekki Lagos,6.4711251,3.8147504,39.0638334712576,53.23478511464151,Lekki,1,Detached Duplex,0,0,1,1.0,0,4,4,1,250000000.0
Newly Built 4 Bedroom Semi Detached Duplex With Bq,4,4,Orchid Road Lekki Lagos,6.4711251,3.8147504,39.0638334712576,53.23478511464151,Lekki,1,Detached Duplex,0,1,1,1.0,0,4,4,1,300000000.0
Lovely 6 Bedroom Duplex With 2bq,6,6,Royal Garden Off Lekki Epe Expressway Ajah Lagos,6.4711251,3.8147504,39.0638334712576,53.23478511464151,Lekki,1,Duplex,0,1,0,1.0,0,4,6,0,650000000.0
Waterfront 5 Bedroom Duplex Smart House,5,5,"Megamound Estate, Ikota Lekki Lagos",6.4711251,3.8147504,39.0638334712576,53.23478511464151,Lekki,1,Duplex,0,0,0,1.0,0,4,5,0,600000000.0
Newly Built 2 Bedroom Apartment,2,2,Lekki Phase 1 Lekki Lagos,6.4711251,3.8147504,39.0638334712576,53.23478511464151,Lekki,1,Flat,0,0,1,1.0,0,4,2,1,400000000.0
5 Bedroom Fully Detached Duplex,5,5,Lekki Phase 1 Lekki Lagos,6.4711251,3.8147504,39.0638334712576,53.23478511464151,Lekki,1,Detached Duplex,0,0,0,1.0,0,4,5,0,1000000000.0
2 Bedroom Penthouse Apartment,2,2,Chevron Lekki Lagos,6.4711251,3.8147504,39.0638334712576,53.23478511464151,Lekki,1,Flat,0,0,0,1.0,0,4,2,0,95000000.0
5 Bedroom Fully Detached Duplex,5,5,Chevron Toll Gate Chevron Lekki Lagos,6.4711251,3.8147504,39.0638334712576,53.23478511464151,Lekki,1,Detached Duplex,0,0,0,1.0,0,4,5,0,600000000.0
Massive 5 Bedroom Detached Duplex With Bq,5,5,Chevron Lekki Lagos,6.4711251,3.8147504,39.0638334712576,53.23478511464151,Lekki,1,Detached Duplex,0,1,0,1.0,0,4,5,0,350000000.0
3 Bedroom Apartment,3,3,Adeola Odeku Victoria Island Lagos,6.4300279,3.4259904,4.5315928067815925,20.705813048742375,Victoria Island,1,Flat,0,0,0,1.0,0,5,3,0,510000000.0
3 Bedroom Flat,3,3,Oniru Victoria Island Lagos,6.4300279,3.4259904,4.5315928067815925,20.705813048742375,Victoria Island,1,Flat,0,0,0,1.0,0,5,3,0,450000000.0
Newly Built 5 Bedroom Semi Detached Duplex,5,5,Ikate Lekki Lagos,6.4711251,3.8147504,39.0638334712576,53.23478511464151,Lekki,1,Detached Duplex,0,0,1,1.0,0,4,5,1,900000000.0
5 Bedroom Duplex,5,5,Banana Island Ikoyi Lagos,6.4600581,3.4593152,1.2666850782568917,19.69523211516851,Banana Island,1,Duplex,0,0,0,1.0,0,5,5,0,3800000000.0
4 Bedroom Semi Detached House,4,4,Ikate Lekki Lagos,6.4711251,3.8147504,39.0638334712576,53.23478511464151,Lekki,1,Detached Duplex,0,0,0,1.0,0,4,4,0,400000000.0
5 Bedroom Semi Detached Duplex With Bq,5,5,Ikate Lekki Lagos,6.4711251,3.8147504,39.0638334712576,53.23478511464151,Lekki,1,Detached Duplex,0,1,0,1.0,0,4,5,0,950000000.0
4 Bedroom Detached Duplex,4,4,Karimu Kotun Victoria Island Lagos,6.4300279,3.4259904,4.5315928067815925,20.705813048742375,Victoria Island,1,Detached Duplex,0,0,0,1.0,0,5,4,0,1600000000.0
2 Bedroom Apartment,2,2,Ikate Lekki Lagos,6.4711251,3.8147504,39.0638334712576,53.23478511464151,Lekki,1,Flat,0,0,0,1.0,0,4,2,0,170000000.0
5 Bedroom Fully Detached Duplex,5,5,Lekki Phase 1 Lekki Lagos,6.4711251,3.8147504,39.0638334712576,53.23478511464151,Lekki,1,Detached Duplex,0,0,0,1.0,0,4,5,0,400000000.0
5 Bedroom Fully Detached Duplex,5,5,Old Ikoyi Ikoyi Lagos,6.4516268,3.4117815,5.595874965201447,17.89581566309951,Ikoyi,1,Detached Duplex,0,0,0,1.0,0,5,5,0,5000000000.0
Waterfront 4 Bedroom Terraced Duplex,4,4,Lekki Phase 1 Lekki Lagos,6.4711251,3.8147504,39.0638334712576,53.23478511464151,Lekki,1,Terrace,0,0,0,1.0,0,4,4,0,500000000.0
5 Bedroom Detached Duplex,5,5,Pinnock Beach Estate Osapa London Lekki Lagos,6.4711251,3.8147504,39.0638334712576,53.23478511464151,Lekki,1,Detached Duplex,0,0,0,1.0,0,4,5,0,1300000000.0
4 Bedroom Terrace Duplex,4,4,Ologolo Lekki Lagos,6.4711251,3.8147504,39.0638334712576,53.23478511464151,Lekki,1,Terrace,0,0,0,1.0,0,4,4,0,200000000.0
5 Bedroom Duplex,5,5,Osapa London Lekki Lagos,6.4711251,3.8147504,39.0638334712576,53.23478511464151,Lekki,1,Duplex,0,0,0,1.0,0,4,5,0,370000000.0
Spacious 3 Bedroom Apartment,3,3,Lekki Phase 1 Lekki Lagos,6.4711251,3.8147504,39.0638334712576,53.23478511464151,Lekki,1,Flat,0,0,0,1.0,0,4,3,0,320000000.0
Spacious Luxury 4 Bedroom Semi Detached Duplex With Bq,4,4,Idado Lekki Lagos,6.4711251,3.8147504,39.0638334712576,53.23478511464151,Lekki,1,Detached Duplex,0,1,0,1.0,0,4,4,0,300000000.0
Lovely 4 Bedroom Townhouse,4,4,Parkview Estate Ikoyi Lagos,6.4516268,3.4117815,5.595874965201447,17.89581566309951,Ikoyi,1,Other,0,0,0,1.0,0,5,4,0,500000000.0
5 Bedroom Detached Duplex,5,5,Chevron Lekki Lagos,6.4711251,3.8147504,39.0638334712576,53.23478511464151,Lekki,1,Detached Duplex,0,0,0,1.0,0,4,5,0,1500000000.0
4 Bedroom Terrace Duplex,4,4,Old Ikoyi Ikoyi Lagos,6.4516268,3.4117815,5.595874965201447,17.89581566309951,Ikoyi,1,Terrace,0,0,0,1.0,0,5,4,0,1500000000.0
Newly Built 4 Bedroom Terrace Duplex With Bq,4,4,Ikate Lekki Lagos,6.4711251,3.8147504,39.0638334712576,53.23478511464151,Lekki,1,Terrace,0,1,1,1.0,0,4,4,1,250000000.0
3 Bedroom Apartment With Bq,3,3,Adeola Odeku Victoria Island Lagos,6.4300279,3.4259904,4.5315928067815925,20.705813048742375,Victoria Island,1,Flat,0,1,0,1.0,0,5,3,0,350000000.0
Newly Built 5 Bedroom Detached Duplex,5,5,Osapa London Lekki Lagos,6.4711251,3.8147504,39.0638334712576,53.23478511464151,Lekki,1,Detached Duplex,0,0,1,1.0,0,4,5,1,2300000000.0
2 Bedroom Apartment,2,2,Osapa London Lekki Lagos,6.4711251,3.8147504,39.0638334712576,53.23478511464151,Lekki,1,Flat,0,0,0,1.0,0,4,2,0,120000000.0
4 Bedroom Detached Duplex,4,4,Bera Estate Chevron Lekki Lagos,6.4711251,3.8147504,39.0638334712576,53.23478511464151,Lekki,1,Detached Duplex,0,0,0,1.0,0,4,4,0,390000000.0
5 Bedroom Detached Duplex,5,5,Pinnock Beach Estate Osapa London Lekki Lagos,6.4711251,3.8147504,39.0638334712576,53.23478511464151,Lekki,1,Detached Duplex,0,0,0,1.0,0,4,5,0,1500000000.0
Perfectly Carved Luxury 5 Bedroom Detached Duplex,5,5,Chevron Lekki Lagos,6.4711251,3.8147504,39.0638334712576,53.23478511464151,Lekki,1,Detached Duplex,0,0,0,1.0,0,4,5,0,400000000.0
Luxury 3 Bedroom Apartment,3,3,Old Ikoyi Ikoyi Lagos,6.4516268,3.4117815,5.595874965201447,17.89581566309951,Ikoyi,1,Flat,0,0,0,1.0,0,5,3,0,800000000.0
3 Bedroom Apartment,3,3,Old Ikoyi Ikoyi Lagos,6.4516268,3.4117815,5.595874965201447,17.89581566309951,Ikoyi,1,Flat,0,0,0,1.0,0,5,3,0,800000000.0
2 Bedroom Maisonette With Bq,2,2,Ikate Lekki Lagos,6.4711251,3.8147504,39.0638334712576,53.23478511464151,Lekki,1,Other,0,1,0,1.0,0,4,2,0,145000000.0
1 Bedroom Apartment,1,1,Oniru Victoria Island Lagos,6.4300279,3.4259904,4.5315928067815925,20.705813048742375,Victoria Island,1,Flat,0,0,0,1.0,0,5,1,0,160000000.0
4 Bedroom Semi Detached Duplex,4,4,Ikate Lekki Lagos,6.4711251,3.8147504,39.0638334712576,53.23478511464151,Lekki,1,Detached Duplex,0,0,0,1.0,0,4,4,0,750000000.0
4 Bedroom Semi Detached Duplex,4,4,Van Daniel’s Estate By Orchid Orchid Lekki Lagos,6.4711251,3.8147504,39.0638334712576,53.23478511464151,Lekki,1,Detached Duplex,0,0,0,1.0,0,4,4,0,145000000.0
3 Bedroom Duplex With A Bq,3,3,"Swiss Estate By Shoprite Side , Sangotedo Ajah Lagos",6.4694716,3.5623861,11.300377211002502,27.53491907587076,Ajah,1,Duplex,0,1,0,1.0,0,4,3,0,80000000.0
2 In 1 Standard Family House,6,6,"Sangotedo Axis, Lekki Phase 2 Lekki Lagos",6.4711251,3.8147504,39.0638334712576,53.23478511464151,Lekki,1,Other,0,0,0,1.0,0,4,6,0,250000000.0
4 Bedroom Duplex,4,4,Ikota Lekki Lagos Ikota Lekki Lagos,6.4711251,3.8147504,39.0638334712576,53.23478511464151,Lekki,1,Duplex,0,0,0,1.0,0,4,4,0,200000000.0
4 Bedroom Duplex,4,4,Sangotedo Axis Lekki Phase 2 Lekki Lagos,6.4711251,3.8147504,39.0638334712576,53.23478511464151,Lekki,1,Duplex,0,0,0,1.0,0,4,4,0,125000000.0
4 Bedroom Duplex,4,4,Ado Ajah Lagos,6.4694716,3.5623861,11.300377211002502,27.53491907587076,Ajah,1,Duplex,0,0,0,1.0,0,4,4,0,270000000.0
Lovely 5 Bedroom Smart Luxury Duplex,5,5,Ado Ajah Lagos,6.4694716,3.5623861,11.300377211002502,27.53491907587076,Ajah,1,Duplex,0,0,0,1.0,0,4,5,0,260000000.0
5 Bedroom Semi Detached Duplex With 2 Bq,5,5,Ikate Lekki Lagos,6.4711251,3.8147504,39.0638334712576,53.23478511464151,Lekki,1,Detached Duplex,0,1,0,1.0,0,4,5,0,750000000.0
5 Bedroom Duplex,5,5,Orchid Orchid Lekki Lagos,6.4711251,3.8147504,39.0638334712576,53.23478511464151,Lekki,1,Duplex,0,0,0,1.0,0,4,5,0,230000000.0
5 Bedroom Duplex,5,5,Chevron Lekki Lagos,6.4711251,3.8147504,39.0638334712576,53.23478511464151,Lekki,1,Duplex,0,0,0,1.0,0,4,5,0,550000000.0
3 Bedroom Penthouse,3,3,Lekki Phase 1 Lekki Lagos,6.4711251,3.8147504,39.0638334712576,53.23478511464151,Lekki,1,Other,0,0,0,1.0,0,4,3,0,300000000.0
"Luxury 5 Bedroom Detached Duplex With Pool,cinema",5,5,Ikate Elegushi Lekki Lagos Ikate Lekki Lagos,6.4711251,3.8147504,39.0638334712576,53.23478511464151,Lekki,1,Detached Duplex,1,0,0,1.0,0,4,5,1,1000000000.0
Stylishly Built 1 Bedroom Apartment With Gym,1,1,Orchid Lekki Lagos,6.4711251,3.8147504,39.0638334712576,53.23478511464151,Lekki,1,Flat,0,0,0,1.0,0,4,1,0,60000000.0
Exquisite 2 Bedroom Apartment With Elevator & Pool,2,2,Ikate Elegushi Ikate Lekki Lagos,6.4711251,3.8147504,39.0638334712576,53.23478511464151,Lekki,1,Flat,1,0,0,1.0,0,4,2,1,190000000.0
Exquisite 3 Bedroom Apartment With Elevator & Pool,3,3,Ikate Lekki Lagos,6.4711251,3.8147504,39.0638334712576,53.23478511464151,Lekki,1,Flat,1,0,0,1.0,0,4,3,1,220000000.0
Newly Built 3 Bedroom Terrace Duplex,3,3,Orchid Lekki Lagos,6.4711251,3.8147504,39.0638334712576,53.23478511464151,Lekki,1,Terrace,0,0,1,1.0,0,4,3,1,110000000.0
4 Bedroom Terrace Duplex With Bq,4,4,Ologolo Lekki Lagos,6.4711251,3.8147504,39.0638334712576,53.23478511464151,Lekki,1,Terrace,0,1,0,1.0,0,4,4,0,165000000.0
3 Bedroom Apartment,3,3,Admiralty Way Lekki Phase 1 Lekki Lagos,6.4711251,3.8147504,39.0638334712576,53.23478511464151,Lekki,1,Flat,0,0,0,1.0,0,4,3,0,400000000.0
4 Bedroom Semi Detached Duplex With Bq,4,4,Ikota Lekki Lagos,6.4711251,3.8147504,39.0638334712576,53.23478511464151,Lekki,1,Detached Duplex,0,1,0,1.0,0,4,4,0,140000000.0
Newly Built 2 Bedroom Apartment,2,2,Ikate Lekki Lagos,6.4711251,3.8147504,39.0638334712576,53.23478511464151,Lekki,1,Flat,0,0,1,1.0,0,4,2,1,110000000.0
Luxury 1 Bedroom Apartment,1,1,Admiralty Way Lekki Phase 1 Lekki Lagos,6.4711251,3.8147504,39.0638334712576,53.23478511464151,Lekki,1,Flat,0,0,0,1.0,0,4,1,0,190000000.0
4 Bedroom Semi Detached Duplex,4,4,Ajah Lekki Phase 2 Lekki Lagos,6.4711251,3.8147504,39.0638334712576,53.23478511464151,Lekki,1,Detached Duplex,0,0,0,1.0,0,4,4,0,145000000.0
Luxury 2 Bedroom Apartment,2,2,Lekki Phase 1 Lekki Lagos,6.4711251,3.8147504,39.0638334712576,53.23478511464151,Lekki,1,Flat,0,0,0,1.0,0,4,2,0,250000000.0
Ultra Luxury 5 Bedroom Fully Detached Duplex,5,5,Lekki Phase 1 Lekki Lagos,6.4711251,3.8147504,39.0638334712576,53.23478511464151,Lekki,1,Detached Duplex,0,0,0,1.0,0,4,5,0,1400000000.0
Luxury 2 Bedroom Apartment With Swimming Pool,2,2,Chevron Lekki Lagos,6.4711251,3.8147504,39.0638334712576,53.23478511464151,Lekki,1,Flat,1,0,0,1.0,0,4,2,1,85000000.0
2 Bedroom Apartment,2,2,Ologolo Lekki Lagos,6.4711251,3.8147504,39.0638334712576,53.23478511464151,Lekki,1,Flat,0,0,0,1.0,0,4,2,0,95000000.0
Elegantly Built 4 Bedroom Semi Detached Duplex,4,4,Sangotedo Lekki Phase 2 Lekki Lagos,6.4711251,3.8147504,39.0638334712576,53.23478511464151,Lekki,1,Detached Duplex,0,0,0,1.0,0,4,4,0,158000000.0
Newly Built 2 Bedroom Maisonette,2,2,Orchid Lekki Lagos,6.4711251,3.8147504,39.0638334712576,53.23478511464151,Lekki,1,Other,0,0,1,1.0,0,4,2,1,80000000.0
5 Bedroom Fully Detached Duplex,5,5,Ologolo Lekki Lagos,6.4711251,3.8147504,39.0638334712576,53.23478511464151,Lekki,1,Detached Duplex,0,0,0,1.0,0,4,5,0,330000000.0
Beautifully Built 4 Bedroom Semi Detached Duplex,4,4,Ikota Lekki Lagos,6.4711251,3.8147504,39.0638334712576,53.23478511464151,Lekki,1,Detached Duplex,0,0,0,1.0,0,4,4,0,150000000.0
Newly Built 4 Bedroom Fully Detached Duplex,4,4,Chevron Lekki Lagos,6.4711251,3.8147504,39.0638334712576,53.23478511464151,Lekki,1,Detached Duplex,0,0,1,1.0,0,4,4,1,400000000.0
2 Bedroom Apartment,2,2,Peace Estate Just Before Shoprite Sangotedo Ajah Lagos,6.4694716,3.5623861,11.300377211002502,27.53491907587076,Ajah,1,Flat,0,0,0,1.0,0,4,2,0,48000000.0
4 Bedroom Flat,4,4,Orchid Road By Lakeview Estate Orchid Lekki Lagos,6.4711251,3.8147504,39.0638334712576,53.23478511464151,Lekki,1,Flat,0,0,0,1.0,0,4,4,0,225000000.0
6 Bedroom House,6,6,Chevron Estate Chevron Lekki Lagos,6.4711251,3.8147504,39.0638334712576,53.23478511464151,Lekki,1,Other,0,0,0,1.0,0,4,6,0,500000000.0
Ultra Luxury 5 Bedroom Fully Detached Smart Home,5,5,Lekki Lagos,6.4711251,3.8147504,39.0638334712576,53.23478511464151,Lekki,1,Detached Duplex,0,0,0,1.0,0,4,5,0,650000000.0
Newly Built 5 Bedroom Duplex With Open Roof Terrace,5,5,Royal Pine Orchid Lekki Lagos,6.4711251,3.8147504,39.0638334712576,53.23478511464151,Lekki,1,Terrace,0,0,1,1.0,0,4,5,1,450000000.0
4 Bedroom Duplex,4,4,Chevron Chevron Alternative Route Lekki Lagos,6.4711251,3.8147504,39.0638334712576,53.23478511464151,Lekki,1,Duplex,0,0,0,1.0,0,4,4,0,220000000.0
3 Bedroom Apartment,3,3,Lekki Phase 1 Lekki Lagos,6.4711251,3.8147504,39.0638334712576,53.23478511464151,Lekki,1,Flat,0,0,0,1.0,0,4,3,0,400000000.0
4 Bedroom Terrace Duplex,4,4,Idado Lekki Lagos,6.4711251,3.8147504,39.0638334712576,53.23478511464151,Lekki,1,Terrace,0,0,0,1.0,0,4,4,0,200000000.0
Smart Luxury 2 Bedroom Apartment With Bq,2,2,Lekki Phase 1 Lekki Lagos,6.4711251,3.8147504,39.0638334712576,53.23478511464151,Lekki,1,Flat,0,1,0,1.0,0,4,2,0,270000000.0
Luxury 4 Bedroom Terraced Duplex,4,4,Ikota Lekki Lagos,6.4711251,3.8147504,39.0638334712576,53.23478511464151,Lekki,1,Terrace,0,0,0,1.0,0,4,4,0,160000000.0
5 Bedroom Flat,5,5,Osapa London Lekki Lagos,6.4711251,3.8147504,39.0638334712576,53.23478511464151,Lekki,1,Flat,0,0,0,1.0,0,4,5,0,320000000.0
4 Bedroom Terraced Duplex,4,4,Orchid Lekki Lagos,6.4711251,3.8147504,39.0638334712576,53.23478511464151,Lekki,1,Terrace,0,0,0,1.0,0,4,4,0,90000000.0
5 Bedroom Fully Detached Duplex,5,5,Ikota Lekki Lagos,6.4711251,3.8147504,39.0638334712576,53.23478511464151,Lekki,1,Detached Duplex,0,0,0,1.0,0,4,5,0,410000000.0
Tastefully Built 4 Bedroom Terraced Duplex,4,4,"Dpk Estate, Orchid Lekki Lagos",6.4711251,3.8147504,39.0638334712576,53.23478511464151,Lekki,1,Terrace,0,0,0,1.0,0,4,4,0,145000000.0
Newly Built 3 Bedroom Terrace Duplex With Bq,3,3,Chevron Lekki Lagos,6.4711251,3.8147504,39.0638334712576,53.23478511464151,Lekki,1,Terrace,0,1,1,1.0,0,4,3,1,150000000.0
4 Bedroom Terraced Duplex,4,4,"Ikota Gra Estate, Ikota Lekki Lagos",6.4711251,3.8147504,39.0638334712576,53.23478511464151,Lekki,1,Terrace,0,0,0,1.0,0,4,4,0,105000000.0
5 Bedroom Detached Duplex,5,5,Osapa London Lekki Lagos,6.4711251,3.8147504,39.0638334712576,53.23478511464151,Lekki,1,Detached Duplex,0,0,0,1.0,0,4,5,0,650000000.0
5 Bedroom Detached Duplex,5,5,Ikate Lekki Lagos,6.4711251,3.8147504,39.0638334712576,53.23478511464151,Lekki,1,Detached Duplex,0,0,0,1.0,0,4,5,0,1300000000.0
Apartment,2,2,Ikate Elegushi Side In An Estate Ikate Lekki Lagos,6.4711251,3.8147504,39.0638334712576,53.23478511464151,Lekki,1,Flat,0,0,0,1.0,0,4,2,0,210000000.0
Newly Built 5 Bedroom Detached Duplex,6,5,Royal Pine Orchid Lekki Lagos,6.4711251,3.8147504,39.0638334712576,53.23478511464151,Lekki,1,Detached Duplex,0,0,1,0.8333333333333334,0,4,6,1,600000000.0
6 Bedroom Semi Detached Triplex,6,6,"Western Foreshore Estate, Osapa London Lekki Lagos",6.4711251,3.8147504,39.0638334712576,53.23478511464151,Lekki,1,Detached Duplex,0,0,0,1.0,0,4,6,0,300000000.0
4 Bedroom Terraced Duplex,4,4,Ikota Lekki Lagos,6.4711251,3.8147504,39.0638334712576,53.23478511464151,Lekki,1,Terrace,0,0,0,1.0,0,4,4,0,65000000.0
3 Bedroom Apartment,3,3,Parkview Estate Ikoyi Lagos,6.4516268,3.4117815,5.595874965201447,17.89581566309951,Ikoyi,1,Flat,0,0,0,1.0,0,5,3,0,400000000.0
"Smart 5 Bedroom Detached Duplex With Bq, Cinema,",5,5,Chevron Lekki Lagos,6.4711251,3.8147504,39.0638334712576,53.23478511464151,Lekki,1,Detached Duplex,0,1,0,1.0,0,4,5,0,550000000.0
Newly Built 4 Bedroom Terrace Duplex,4,4,Chevron Lekki Lagos,6.4711251,3.8147504,39.0638334712576,53.23478511464151,Lekki,1,Terrace,0,0,1,1.0,0,4,4,1,200000000.0
4 Bedroom Fully Detached Duplex,4,4,Ajah Lagos,6.4694716,3.5623861,11.300377211002502,27.53491907587076,Ajah,1,Detached Duplex,0,0,0,1.0,0,4,4,0,180000000.0
4 Bedroom Semi Detached Duplex,4,4,Ikate Lekki Lagos,6.4711251,3.8147504,39.0638334712576,53.23478511464151,Lekki,1,Detached Duplex,0,0,0,1.0,0,4,4,0,260000000.0
Luxury 2 Bedroom Apartment With Swimming Ool,2,2,Old Ikoyi Ikoyi Lagos,6.4516268,3.4117815,5.595874965201447,17.89581566309951,Ikoyi,1,Flat,1,0,0,1.0,0,5,2,1,450000000.0
4 Bedroom Semi Detached Duplex With Bq,4,4,Orchid Lekki Lagos,6.4711251,3.8147504,39.0638334712576,53.23478511464151,Lekki,1,Detached Duplex,0,1,0,1.0,0,4,4,0,170000000.0
2/3 Bedroom Apartment,2,2,"Off Admiralty, Lekki Phase 1 Lekki Lagos",6.4711251,3.8147504,39.0638334712576,53.23478511464151,Lekki,1,Flat,0,0,0,1.0,0,4,2,0,285000000.0
Distress Fully Furnished 4 Bedroom Detached Duplex + Bq,4,4,Freedom Way Lekki Lagos,6.4711251,3.8147504,39.0638334712576,53.23478511464151,Lekki,1,Detached Duplex,0,1,0,1.0,0,4,4,0,420000000.0
5 Bedroom Detached Duplex With Bq,5,5,"After Roundabout, Orchid Lekki Lagos",6.4711251,3.8147504,39.0638334712576,53.23478511464151,Lekki,1,Detached Duplex,0,1,0,1.0,0,4,5,0,250000000.0
Fully Detached House,5,5,Royal Pine Estate On Orchid Orchid Lekki Lagos,6.4711251,3.8147504,39.0638334712576,53.23478511464151,Lekki,1,Detached Duplex,0,0,0,1.0,0,4,5,0,12000000.0
4 Bedroom Duplex,4,4,Harris Drive Axis Vgc Lekki Lagos,6.4711251,3.8147504,39.0638334712576,53.23478511464151,Lekki,1,Duplex,0,0,0,1.0,0,4,4,0,118000000.0
Big 5bedroom Duplex,5,5,Ologolo Axis Ologolo Lekki Lagos,6.4711251,3.8147504,39.0638334712576,53.23478511464151,Lekki,1,Duplex,0,0,0,1.0,0,4,5,0,400000000.0
5 Bedroom Flat,5,5,Chevron Toll Gate Axis Oral Estate Lekki Lagos,6.4711251,3.8147504,39.0638334712576,53.23478511464151,Lekki,1,Flat,0,0,0,1.0,0,4,5,0,450000000.0
4 Bedroom Duplex,4,4,Sangotedo Axis Lekki Phase 2 Lekki Lagos,6.4711251,3.8147504,39.0638334712576,53.23478511464151,Lekki,1,Duplex,0,0,0,1.0,0,4,4,0,140000000.0
4 Bedroom Terrace Duplex,4,5,Lekki Phase 1 Lekki Lagos,6.4711251,3.8147504,39.0638334712576,53.23478511464151,Lekki,1,Terrace,0,0,0,1.25,0,4,4,0,400000000.0
Spacious 5bedroom Townhouse,5,5,Royal Pine Estate By Orchid Road Orchid Lekki Lagos,6.4711251,3.8147504,39.0638334712576,53.23478511464151,Lekki,1,Other,0,0,0,1.0,0,4,5,0,170000000.0
5 Bedroom Duplex With Bq,5,5,Osapa London Lekki Lagos,6.4711251,3.8147504,39.0638334712576,53.23478511464151,Lekki,1,Duplex,0,1,0,1.0,0,4,5,0,550000000.0
Big 2bedroom Duplex,2,2,Richfield Estate Sangotedo Ajah Lagos,6.4694716,3.5623861,11.300377211002502,27.53491907587076,Ajah,1,Duplex,0,0,0,1.0,0,4,2,0,85000000.0
5 Bedroom Triplex,5,5,Ologolo Lekki Lagos,6.4711251,3.8147504,39.0638334712576,53.23478511464151,Lekki,1,Other,0,0,0,1.0,0,4,5,0,248000000.0
1 Bedroom Apartment,1,1,Victoria Island Lagos,6.4300279,3.4259904,4.5315928067815925,20.705813048742375,Victoria Island,1,Flat,0,0,0,1.0,0,5,1,0,300000000.0
Furnished 6 Bedroom Mansion In A Gated Estate,6,6,Osapa London Osapa London Lekki Lagos,6.4711251,3.8147504,39.0638334712576,53.23478511464151,Lekki,1,Other,0,0,0,1.0,1,4,6,1,1600000000.0
Lovely 5 Bedroom Duplex In A Gated Estate,5,5,Osapa London Osapa London Lekki Lagos,6.4711251,3.8147504,39.0638334712576,53.23478511464151,Lekki,1,Duplex,0,0,0,1.0,1,4,5,1,550000000.0
5 Bedroom Duplex,5,5,Chevron Chevron Lekki Lagos,6.4711251,3.8147504,39.0638334712576,53.23478511464151,Lekki,1,Duplex,0,0,0,1.0,0,4,5,0,580000000.0
4 Bedroom Duplex,4,4,Chevron Chevron Lekki Lagos,6.4711251,3.8147504,39.0638334712576,53.23478511464151,Lekki,1,Duplex,0,0,0,1.0,0,4,4,0,300000000.0
5 Bedroom Duplex,5,5,Ikota Lekki Lagos,6.4711251,3.8147504,39.0638334712576,53.23478511464151,Lekki,1,Duplex,0,0,0,1.0,0,4,5,0,300000000.0
5 Bedroom Detached Duplex,5,5,Ikota Lekki Lagos,6.4711251,3.8147504,39.0638334712576,53.23478511464151,Lekki,1,Detached Duplex,0,0,0,1.0,0,4,5,0,400000000.0
5 Bedroom Duplex,5,5,Chevron Lekki Lagos,6.4711251,3.8147504,39.0638334712576,53.23478511464151,Lekki,1,Duplex,0,0,0,1.0,0,4,5,0,300000000.0
5 Bedroom House,5,5,Chevron Lekki Lagos,6.4711251,3.8147504,39.0638334712576,53.23478511464151,Lekki,1,Other,0,0,0,1.0,0,4,5,0,600000000.0
4 Bedroom Detached Duplex With1 Bq,4,4,Oral Estate Lekki Lagos,6.4711251,3.8147504,39.0638334712576,53.23478511464151,Lekki,1,Detached Duplex,0,1,0,1.0,0,4,4,0,300000000.0
4 Bedroom Semi Detached Duplex With Bq,4,4,New Road Along Lekki Expressway Lekki Lagos,6.4711251,3.8147504,39.0638334712576,53.23478511464151,Lekki,1,Detached Duplex,0,1,0,1.0,0,4,4,0,350000000.0
5 Bedroom Duplex,5,5,Discovery Park Orchid Lekki Lagos,6.4711251,3.8147504,39.0638334712576,53.23478511464151,Lekki,1,Duplex,0,0,0,1.0,0,4,5,0,450000000.0
5 Bedroom Mansion,5,5,Pinnock Beach Osapa London Lekki Lagos,6.4711251,3.8147504,39.0638334712576,53.23478511464151,Lekki,1,Other,0,0,0,1.0,0,4,5,0,1600000000.0
2 Bedroom Flat,2,2,Ologolo Lekki Lagos,6.4711251,3.8147504,39.0638334712576,53.23478511464151,Lekki,1,Flat,0,0,0,1.0,0,4,2,0,100000000.0
3 Bedroom Maisonette,3,3,Ikate Lekki Lagos,6.4711251,3.8147504,39.0638334712576,53.23478511464151,Lekki,1,Other,0,0,0,1.0,0,4,3,0,280000000.0
5 Bedroom Fully Detached Duplexes,5,5,Ologolo Lekki Lagos,6.4711251,3.8147504,39.0638334712576,53.23478511464151,Lekki,1,Detached Duplex,0,0,0,1.0,0,4,5,0,310000000.0
3 Bedroom Apartment,2,2,Ologolo Lekki Lagos,6.4711251,3.8147504,39.0638334712576,53.23478511464151,Lekki,1,Flat,0,0,0,1.0,0,4,2,0,120000000.0
Luxury New 3 Bedroom Apartment,3,3,Lekki Phase 1 Lekki Lagos,6.4711251,3.8147504,39.0638334712576,53.23478511464151,Lekki,1,Flat,0,0,0,1.0,0,4,3,0,400000000.0
Luxury 5 Bedroom Magnificent Fully Detached Duplex,5,5,Lekki Phase 1 Lekki Lagos,6.4711251,3.8147504,39.0638334712576,53.23478511464151,Lekki,1,Detached Duplex,0,0,0,1.0,0,4,5,0,750000000.0
Contemporary 4 Bedroom Terraced Duplex,4,3,Ikate Lekki Lagos,6.4711251,3.8147504,39.0638334712576,53.23478511464151,Lekki,1,Terrace,0,0,0,0.75,0,4,4,0,300000000.0
5 Bedroom Detached Duplex With Bq,5,5,Osapa London Lekki Lagos,6.4711251,3.8147504,39.0638334712576,53.23478511464151,Lekki,1,Detached Duplex,0,1,0,1.0,0,4,5,0,700000000.0
3 Bedroom Apartment With Bq,3,3,Ikate Lekki Lagos,6.4711251,3.8147504,39.0638334712576,53.23478511464151,Lekki,1,Flat,0,1,0,1.0,0,4,3,0,180000000.0
5 Bedroom Fully Detached Duplex,5,5,Ajah Lagos,6.4694716,3.5623861,11.300377211002502,27.53491907587076,Ajah,1,Detached Duplex,0,0,0,1.0,0,4,5,0,1000000000.0
5 Bedroom Detached Duplex,5,5,Off Admiralty Lekki Phase 1 Lekki Lagos,6.4711251,3.8147504,39.0638334712576,53.23478511464151,Lekki,1,Detached Duplex,0,0,0,1.0,0,4,5,0,1300000000.0
3 Bedroom Apartment,3,3,Off Admiralty Way Lekki Phase 1 Lekki Lagos,6.4711251,3.8147504,39.0638334712576,53.23478511464151,Lekki,1,Flat,0,0,0,1.0,0,4,3,0,270000000.0
4 Bedroom Terrace Duplex,4,4,Ikate Lekki Lagos,6.4711251,3.8147504,39.0638334712576,53.23478511464151,Lekki,1,Terrace,0,0,0,1.0,0,4,4,0,335000000.0
4 Bedroom Terraced Duplex With Bq,4,4,Ikate Lekki Lagos,6.4711251,3.8147504,39.0638334712576,53.23478511464151,Lekki,1,Terrace,0,1,0,1.0,0,4,4,0,270000000.0
4 Bedroom Terrace Duplex,4,4,Orchid Lekki Lagos,6.4711251,3.8147504,39.0638334712576,53.23478511464151,Lekki,1,Terrace,0,0,0,1.0,0,4,4,0,150000000.0
Newly Built 4 Bedroom Terrace Duplex,4,4,Orchid Lekki Lagos,6.4711251,3.8147504,39.0638334712576,53.23478511464151,Lekki,1,Terrace,0,0,1,1.0,0,4,4,1,200000000.0
Newly Built 2 Bedroom Apartment,2,2,Off Admiralty Way Lekki Phase 1 Lekki Lagos,6.4711251,3.8147504,39.0638334712576,53.23478511464151,Lekki,1,Flat,0,0,1,1.0,0,4,2,1,300000000.0
Well Built 5 Bedroom Detached Duplex With Pool & Bq,5,5,By 2nd Toll Gate Orchid Lekki Lagos,6.4711251,3.8147504,39.0638334712576,53.23478511464151,Lekki,1,Detached Duplex,1,1,0,1.0,0,4,5,1,300000000.0
Beautifully 4 Bedroom Semi Detached Duplex,4,4,Ikota Lekki Lagos,6.4711251,3.8147504,39.0638334712576,53.23478511464151,Lekki,1,Detached Duplex,0,0,0,1.0,0,4,4,0,140000000.0
4 Bedroom Semi Detached Duplex,4,4,"Orchid Road, Chevron Lekki Lagos",6.4711251,3.8147504,39.0638334712576,53.23478511464151,Lekki,1,Detached Duplex,0,0,0,1.0,0,4,4,0,200000000.0
Newly Built 4 Bedroom Semi Detached Duplex,4,4,Agungi Lekki Lagos,6.4711251,3.8147504,39.0638334712576,53.23478511464151,Lekki,1,Detached Duplex,0,0,1,1.0,0,4,4,1,160000000.0
5 Bedroom Detached Duplex With Pool,5,5,Ikota Villa Estate Ikota Lekki Lagos,6.4711251,3.8147504,39.0638334712576,53.23478511464151,Lekki,1,Detached Duplex,1,0,0,1.0,0,4,5,1,400000000.0
Studio Apartment,1,1,Ologolo Lekki Lagos,6.4711251,3.8147504,39.0638334712576,53.23478511464151,Lekki,1,Flat,0,0,0,1.0,0,4,1,0,60000000.0
Serviced 2 Bedroom Apartment,2,2,Ologolo Lekki Lagos,6.4711251,3.8147504,39.0638334712576,53.23478511464151,Lekki,1,Flat,0,0,0,1.0,1,4,2,1,130000000.0
3 Bedroom Flat With Bq,3,3,Lekki Phase 1 Lekki Lagos,6.4711251,3.8147504,39.0638334712576,53.23478511464151,Lekki,1,Flat,0,1,0,1.0,0,4,3,0,600000000.0
4 Bedroom Detached Duplex,4,4,Vgc Lekki Lagos,6.4711251,3.8147504,39.0638334712576,53.23478511464151,Lekki,1,Detached Duplex,0,0,0,1.0,0,4,4,0,210000000.0
4 Bedroom Semi Detached Duplex With Bq,4,4,Orchid Lekki Lagos,6.4711251,3.8147504,39.0638334712576,53.23478511464151,Lekki,1,Detached Duplex,0,1,0,1.0,0,4,4,0,180000000.0
4 Bedroom Fully Detached Duplex,4,4,Orchid Lekki Lagos,6.4711251,3.8147504,39.0638334712576,53.23478511464151,Lekki,1,Detached Duplex,0,0,0,1.0,0,4,4,0,145000000.0
5 Bedroom Detached Duplex With Bq,5,5,Orchid Lekki Lagos,6.4711251,3.8147504,39.0638334712576,53.23478511464151,Lekki,1,Detached Duplex,0,1,0,1.0,0,4,5,0,400000000.0
5 Bedroom Maisonette,5,5,Oniru Victoria Island Lagos,6.4300279,3.4259904,4.5315928067815925,20.705813048742375,Victoria Island,1,Other,0,0,0,1.0,0,5,5,0,500000000.0
3 Bedroom Duplex,3,3,Off Lekki Epe Expressway Ajah Lagos,6.4711251,3.8147504,39.0638334712576,53.23478511464151,Lekki,1,Duplex,0,0,0,1.0,0,4,3,0,75000000.0
2 Bedroom Flat,2,2,Property Located Within An Estate Agungi Lekki Lagos,6.4711251,3.8147504,39.0638334712576,53.23478511464151,Lekki,1,Flat,0,0,0,1.0,0,4,2,0,75000000.0
4 Bedroom Duplex,4,4,Orchid Lekki Lagos,6.4711251,3.8147504,39.0638334712576,53.23478511464151,Lekki,1,Duplex,0,0,0,1.0,0,4,4,0,240000000.0
4 Bedroom Duplex,4,4,Lekki Phase 1 Lekki Lagos,6.4711251,3.8147504,39.0638334712576,53.23478511464151,Lekki,1,Duplex,0,0,0,1.0,0,4,4,0,500000000.0
Massive 4bedroom Duplex With Bq,4,4,The Property Located Within The Estate Off Lekki Epe Expressway Ajah Lagos,6.4711251,3.8147504,39.0638334712576,53.23478511464151,Lekki,1,Duplex,0,1,0,1.0,0,4,4,0,250000000.0
4 Bedroom Duplex,4,4,Ikota Lekki Lagos,6.4711251,3.8147504,39.0638334712576,53.23478511464151,Lekki,1,Duplex,0,0,0,1.0,0,4,4,0,200000000.0
5 Bedroom Semi Detached Duplex,5,6,"Fubara Dublin Green, Igbo Efon, Lekki Lagos",6.4711251,3.8147504,39.0638334712576,53.23478511464151,Lekki,1,Detached Duplex,0,0,0,1.2,0,4,5,0,450000000.0
4 Bedrooms Luxury Penthouse,4,5,Osborne Foreshore Estate Ikoyi Lagos,6.4516268,3.4117815,5.595874965201447,17.89581566309951,Ikoyi,1,Other,0,0,0,1.25,0,5,4,0,2800000000.0
Contemporary 2 Bedroom Apartment,2,2,"Abraham Adesanya, Lekki Phase 2 Lekki Lagos",6.4711251,3.8147504,39.0638334712576,53.23478511464151,Lekki,1,Flat,0,0,0,1.0,0,4,2,0,75000000.0
Modern 2 Bedroom Apartment With Bq,2,2,Ajah Lagos,6.4694716,3.5623861,11.300377211002502,27.53491907587076,Ajah,1,Flat,0,1,0,1.0,0,4,2,0,68000000.0
4 Bedroom Semi Detached Duplex,4,4,Ologolo Lekki Lagos,6.4711251,3.8147504,39.0638334712576,53.23478511464151,Lekki,1,Detached Duplex,0,0,0,1.0,0,4,4,0,290000000.0
4 Bedroom Semi Detached Duplex,4,4,Ologolo Lekki Lagos,6.4711251,3.8147504,39.0638334712576,53.23478511464151,Lekki,1,Detached Duplex,0,0,0,1.0,0,4,4,0,300000000.0
Contemporary 4 Bedroom Semi Detached Duplex With Bq,4,4,Orchid Lekki Lagos,6.4711251,3.8147504,39.0638334712576,53.23478511464151,Lekki,1,Detached Duplex,0,1,0,1.0,0,4,4,0,178000000.0
4 Bedroom Semi Detached Duplex,4,4,Conservation Center Axis Lekki Lagos,6.4711251,3.8147504,39.0638334712576,53.23478511464151,Lekki,1,Detached Duplex,0,0,0,1.0,0,4,4,0,175000000.0
5 Bedroom House,5,6,Chevron Estate Chevron Lekki Lagos,6.4711251,3.8147504,39.0638334712576,53.23478511464151,Lekki,1,Other,0,0,0,1.2,0,4,5,0,395000000.0
New Luxury 2 Bedroom Apartment,2,2,"Freedom Way, Lekki Phase 1 Lekki Lagos",6.4711251,3.8147504,39.0638334712576,53.23478511464151,Lekki,1,Flat,0,0,0,1.0,0,4,2,0,245000000.0
600sqm & 1020sqm Plots In A Beautiful Estate,0,0,Maiyegun Beach Estate Jakande Lekki Phase 1 Lekki Lagos,6.4711251,3.8147504,39.0638334712576,53.23478511464151,Lekki,1,Other,0,0,0,0.0,1,4,0,1,500000000.0
Newly Built 4 Bedroom Fully Detached Duplex With Bq,4,4,Idado Lekki Lagos,6.4711251,3.8147504,39.0638334712576,53.23478511464151,Lekki,1,Detached Duplex,0,1,1,1.0,0,4,4,1,230000000.0
4 Bedroom Semi Detached Duplex With Bq,4,4,Old Ikoyi Ikoyi Lagos,6.4516268,3.4117815,5.595874965201447,17.89581566309951,Ikoyi,1,Detached Duplex,0,1,0,1.0,0,5,4,0,1000000000.0
4 Bedroom Penthouse With Bq,4,4,Old Ikoyi Ikoyi Lagos,6.4516268,3.4117815,5.595874965201447,17.89581566309951,Ikoyi,1,Other,0,1,0,1.0,0,5,4,0,2800000.0
3 Bedroom Apartment,3,3,Ikoyi Lagos,6.4516268,3.4117815,5.595874965201447,17.89581566309951,Ikoyi,1,Flat,0,0,0,1.0,0,5,3,0,750000000.0
4 Bedroom Semi Detached Duplex,4,4,Old Ikoyi Ikoyi Lagos,6.4516268,3.4117815,5.595874965201447,17.89581566309951,Ikoyi,1,Detached Duplex,0,0,0,1.0,0,5,4,0,850000000.0
3 Bedroom Apartment,3,3,Old Ikoyi Ikoyi Lagos,6.4516268,3.4117815,5.595874965201447,17.89581566309951,Ikoyi,1,Flat,0,0,0,1.0,0,5,3,0,750000000.0
5 Bedroom Detached Duplex,5,5,Idado Lekki Lagos,6.4711251,3.8147504,39.0638334712576,53.23478511464151,Lekki,1,Detached Duplex,0,0,0,1.0,0,4,5,0,500000000.0
5 Bedroom Duplex,5,5,Lekki Phase 1 Lekki Lagos,6.4711251,3.8147504,39.0638334712576,53.23478511464151,Lekki,1,Duplex,0,0,0,1.0,0,4,5,0,990000000.0
Waterfront 5 Bedroom Maisonette,5,5,Old Ikoyi Ikoyi Lagos,6.4516268,3.4117815,5.595874965201447,17.89581566309951,Ikoyi,1,Other,0,0,0,1.0,0,5,5,0,6000000.0
4 Bedroom Serviced Penthouse,4,4,Old Ikoyi Ikoyi Lagos,6.4516268,3.4117815,5.595874965201447,17.89581566309951,Ikoyi,1,Other,0,0,0,1.0,1,5,4,1,1200000000.0
5 Bedroom Fully Detached Duplex,5,5,Orchid Lekki Lagos,6.4711251,3.8147504,39.0638334712576,53.23478511464151,Lekki,1,Detached Duplex,0,0,0,1.0,0,4,5,0,300000000.0
Spacious 3 Bedroom Semi Detached Duplex,3,3,Ikate Lekki Lagos,6.4711251,3.8147504,39.0638334712576,53.23478511464151,Lekki,1,Detached Duplex,0,0,0,1.0,0,4,3,0,230000000.0
A Room Self Contained,9,10,"Nicon Town Estate, Ibeju Lekki Lagos",6.4711251,3.8147504,39.0638334712576,53.23478511464151,Lekki,1,Other,0,0,0,1.1111111111111112,0,4,9,0,6000000.0
1 Bedroom Apartment,1,1,Ikota Lekki Lagos,6.4711251,3.8147504,39.0638334712576,53.23478511464151,Lekki,1,Flat,0,0,0,1.0,0,4,1,0,50000000.0
Automated 5 Bedroom Semi Detached Duplex With Bq,5,4,Osapa London Lekki Lagos,6.4711251,3.8147504,39.0638334712576,53.23478511464151,Lekki,1,Detached Duplex,0,1,0,0.8,0,4,5,0,275000000.0
4 Bedroom Fully Detached Duplex,4,4,Lekki Phase 2 Lekki Lagos,6.4711251,3.8147504,39.0638334712576,53.23478511464151,Lekki,1,Detached Duplex,0,0,0,1.0,0,4,4,0,140000000.0
4 Bedroom Semi Detached Duplex With Bq,4,4,Orchid Lekki Lagos,6.4711251,3.8147504,39.0638334712576,53.23478511464151,Lekki,1,Detached Duplex,0,1,0,1.0,0,4,4,0,150000000.0
5 Bedroom Terrace Duplex,5,5,Ikate Lekki Lagos,6.4711251,3.8147504,39.0638334712576,53.23478511464151,Lekki,1,Terrace,0,0,0,1.0,0,4,5,0,250000000.0
5 Bedroom Duplex,5,5,Ikoyi Lagos,6.4516268,3.4117815,5.595874965201447,17.89581566309951,Ikoyi,1,Duplex,0,0,0,1.0,0,5,5,0,1800000.0
5 Bedroom Semi Detached Duplex,5,5,Ikoyi Lagos,6.4516268,3.4117815,5.595874965201447,17.89581566309951,Ikoyi,1,Detached Duplex,0,0,0,1.0,0,5,5,0,1400000000.0
4 Bedroom Maisonette,3,3,Banana Island Ikoyi Lagos,6.4600581,3.4593152,1.2666850782568917,19.69523211516851,Banana Island,1,Other,0,0,0,1.0,0,5,3,0,1700000000.0
3 Bedroom Apartment,3,3,Adeola Odeku Victoria Island Lagos,6.4300279,3.4259904,4.5315928067815925,20.705813048742375,Victoria Island,1,Flat,0,0,0,1.0,0,5,3,0,850000000.0
3 Bedroom Apartment,3,3,Banana Island Ikoyi Lagos,6.4600581,3.4593152,1.2666850782568917,19.69523211516851,Banana Island,1,Flat,0,0,0,1.0,0,5,3,0,850000000.0
5 Bedroom Detached Duplex,5,5,Banana Island Ikoyi Lagos,6.4600581,3.4593152,1.2666850782568917,19.69523211516851,Banana Island,1,Detached Duplex,0,0,0,1.0,0,5,5,0,5000000.0
Multiple Units Of Apartment,3,3,Oniru Victoria Island Lagos,6.4300279,3.4259904,4.5315928067815925,20.705813048742375,Victoria Island,1,Flat,0,0,0,1.0,0,5,3,0,4000000000.0
5 Bedroom Detached Duplex With Bq,5,5,Old Ikoyi Ikoyi Lagos,6.4516268,3.4117815,5.595874965201447,17.89581566309951,Ikoyi,1,Detached Duplex,0,1,0,1.0,0,5,5,0,1000000003.0
Newly Built 5 Bedroom Fully Detached Duplex,5,5,Ologolo Lekki Lagos,6.4711251,3.8147504,39.0638334712576,53.23478511464151,Lekki,1,Detached Duplex,0,0,1,1.0,0,4,5,1,450000000.0
4 Bedroom Semi Detached Duplex With Bq,4,4,Ologolo Lekki Lagos,6.4711251,3.8147504,39.0638334712576,53.23478511464151,Lekki,1,Detached Duplex,0,1,0,1.0,0,4,4,0,155000000.0
3 Bedroom Apartment,3,3,Lekki Phase 1 Lekki Lagos,6.4711251,3.8147504,39.0638334712576,53.23478511464151,Lekki,1,Flat,0,0,0,1.0,0,4,3,0,200000000.0
4 Bedroom Terraced Duplex With A Bq,4,4,Lekki Phase 1 Lekki Lagos,6.4711251,3.8147504,39.0638334712576,53.23478511464151,Lekki,1,Terrace,0,1,0,1.0,0,4,4,0,390000000.0
Newly Built 5 Bedroom Detached Duplex,5,5,Chevron Lekki Lagos,6.4711251,3.8147504,39.0638334712576,53.23478511464151,Lekki,1,Detached Duplex,0,0,1,1.0,0,4,5,1,380000000.0
5 Bedroom Detached Duplex,5,5,Old Ikoyi Ikoyi Lagos,6.4516268,3.4117815,5.595874965201447,17.89581566309951,Ikoyi,1,Detached Duplex,0,0,0,1.0,0,5,5,0,2500000000.0
Shops,1,1,Ogumbo Ajah Lekki Phase 2 Lekki Lagos,6.4711251,3.8147504,39.0638334712576,53.23478511464151,Lekki,1,Other,0,0,0,1.0,0,4,1,0,38000000.0
5 Bedroom Semi Detached Duplex,5,5,Idado Lekki Lagos,6.4711251,3.8147504,39.0638334712576,53.23478511464151,Lekki,1,Detached Duplex,0,0,0,1.0,0,4,5,0,280000000.0
Automated 5 Bedroom Detached Duplex With Bq,5,5,Lekki Phase 1 Lekki Lagos,6.4711251,3.8147504,39.0638334712576,53.23478511464151,Lekki,1,Detached Duplex,0,1,0,1.0,0,4,5,0,1200000000.0
Spacious 3 Bedroom Apartment + Mini Bq,3,3,Ikate Lekki Lagos,6.4711251,3.8147504,39.0638334712576,53.23478511464151,Lekki,1,Flat,0,1,0,1.0,0,4,3,0,210000000.0
2 Bedroom Apartment With Bq,2,2,Ikate Lekki Lagos,6.4711251,3.8147504,39.0638334712576,53.23478511464151,Lekki,1,Flat,0,1,0,1.0,0,4,2,0,180000000.0
4 Bedroom Semi Detached Duplex Plus Bq,4,4,Ademola Adetokunbo Victoria Island Lagos,6.4300279,3.4259904,4.5315928067815925,20.705813048742375,Victoria Island,1,Detached Duplex,0,1,0,1.0,0,5,4,0,600000000.0
Newly Built 3 Bedroom Apartment,3,3,Lekki Phase 1 Lekki Lagos,6.4711251,3.8147504,39.0638334712576,53.23478511464151,Lekki,1,Flat,0,0,1,1.0,0,4,3,1,230000000.0
Newly Built 5 Bedroom Fully Detached Duplex With Bq,5,5,Lekki Phase 1 Lekki Lagos,6.4711251,3.8147504,39.0638334712576,53.23478511464151,Lekki,1,Detached Duplex,0,1,1,1.0,0,4,5,1,950000000.0
2 Bedroom Apartment,2,2,Ikate Lekki Lagos,6.4711251,3.8147504,39.0638334712576,53.23478511464151,Lekki,1,Flat,0,0,0,1.0,0,4,2,0,210000000.0
Luxury 6 Bedroom Detached Duplex,6,6,Old Ikoyi Ikoyi Lagos,6.4516268,3.4117815,5.595874965201447,17.89581566309951,Ikoyi,1,Detached Duplex,0,0,0,1.0,0,5,6,0,1500000.0
Furnished 4 Bedroom Detached Duplex With Bq,4,4,Lekki Phase 1 Lekki Lagos,6.4711251,3.8147504,39.0638334712576,53.23478511464151,Lekki,1,Detached Duplex,0,1,0,1.0,0,4,4,0,350000000.0
3 Bedroom Apartment With Bq,3,3,Ikate Lekki Lagos,6.4711251,3.8147504,39.0638334712576,53.23478511464151,Lekki,1,Flat,0,1,0,1.0,0,4,3,0,350000000.0
4 Bedroom Terrace Duplex,4,4,Adeola Odeku Victoria Island Lagos,6.4300279,3.4259904,4.5315928067815925,20.705813048742375,Victoria Island,1,Terrace,0,0,0,1.0,0,5,4,0,700000000.0
4 Bedroom Terrace Duplex,4,4,Ikota Lekki Lagos,6.4711251,3.8147504,39.0638334712576,53.23478511464151,Lekki,1,Terrace,0,0,0,1.0,0,4,4,0,130000000.0
Newly Built 4 Bedroom Terrace Duplex,4,4,Ikota Lekki Lagos,6.4711251,3.8147504,39.0638334712576,53.23478511464151,Lekki,1,Terrace,0,0,1,1.0,0,4,4,1,170000000.0
2/3bedroom Apartment,3,3,Ikate Lekki Lagos,6.4711251,3.8147504,39.0638334712576,53.23478511464151,Lekki,1,Flat,0,0,0,1.0,0,4,3,0,200000000.0
5 Bedroom Flat,5,5,Ikate Ikate Lekki Lagos,6.4711251,3.8147504,39.0638334712576,53.23478511464151,Lekki,1,Flat,0,0,0,1.0,0,4,5,0,450000000.0
Luxury 5 Bedroom Fully Detached Duplex,5,5,Harris Drive Vgc Lekki Lagos,6.4711251,3.8147504,39.0638334712576,53.23478511464151,Lekki,1,Detached Duplex,0,0,0,1.0,0,4,5,0,350000000.0
5 Bedroom Duplex With Bq,5,5,The Property Located Within The Estate Ikota Lekki Lagos,6.4711251,3.8147504,39.0638334712576,53.23478511464151,Lekki,1,Duplex,0,1,0,1.0,0,4,5,0,430000000.0
Distress 4bedroom Duplex With Bq,4,4,The Property Located Off Admiralty Way Lekki Phase 1 Lekki Lagos,6.4711251,3.8147504,39.0638334712576,53.23478511464151,Lekki,1,Duplex,0,1,0,1.0,0,4,4,0,300000000.0
5 Bedroom Detached Duplex,5,5,Ikate Lekki Lagos,6.4711251,3.8147504,39.0638334712576,53.23478511464151,Lekki,1,Detached Duplex,0,0,0,1.0,0,4,5,0,520000000.0
4 Bedroom Semi Detached Duplex,4,4,Freedom Way Lekki Phase 1 Lekki Lagos,6.4711251,3.8147504,39.0638334712576,53.23478511464151,Lekki,1,Detached Duplex,0,0,0,1.0,0,4,4,0,425000000.0
5 Bedroom Detached Duplex,5,5,Orchid Lekki Lagos,6.4711251,3.8147504,39.0638334712576,53.23478511464151,Lekki,1,Detached Duplex,0,0,0,1.0,0,4,5,0,450000000.0
Luxury 5bedroom Detached Duplex With Bq,5,5,Chevron Lekki Lagos,6.4711251,3.8147504,39.0638334712576,53.23478511464151,Lekki,1,Detached Duplex,0,1,0,1.0,0,4,5,0,450000000.0
5 Bedroom Detached Duplex,5,6,Banana Island Ikoyi Lagos,6.4600581,3.4593152,1.2666850782568917,19.69523211516851,Banana Island,1,Detached Duplex,0,0,0,1.2,0,5,5,0,4500000000.0
Contemporary Spacious 5 Bedroom Fully Detached Duplex,5,5,Chevron Lekki Lagos,6.4711251,3.8147504,39.0638334712576,53.23478511464151,Lekki,1,Detached Duplex,0,0,0,1.0,0,4,5,0,450000000.0
Luxury Brand New 5 Bedroom Detached Duplex,5,5,Osapa London Lekki Lagos,6.4711251,3.8147504,39.0638334712576,53.23478511464151,Lekki,1,Detached Duplex,0,0,1,1.0,0,4,5,1,700000000.0
4 Bedroom Penthouse,4,4,Old Ikoyi Ikoyi Lagos,6.4516268,3.4117815,5.595874965201447,17.89581566309951,Ikoyi,1,Other,0,0,0,1.0,0,5,4,0,1000000.0
5 Bedroom Fully Detached Duplex With Bq,5,5,Chevron Lekki Lagos,6.4711251,3.8147504,39.0638334712576,53.23478511464151,Lekki,1,Detached Duplex,0,1,0,1.0,0,4,5,0,550000000.0
Brand New 5 Bedroom Fully Detached Duplexes,5,5,Idado Lekki Lagos,6.4711251,3.8147504,39.0638334712576,53.23478511464151,Lekki,1,Detached Duplex,0,0,1,1.0,0,4,5,1,260000000.0
3 Bedroom Apartment With Bq,3,3,Old Ikoyi Ikoyi Lagos,6.4516268,3.4117815,5.595874965201447,17.89581566309951,Ikoyi,1,Flat,0,1,0,1.0,0,5,3,0,1100000.0
5 Bedroom Fully Detached Duplex With Bq,5,5,Osapa London Lekki Lagos,6.4711251,3.8147504,39.0638334712576,53.23478511464151,Lekki,1,Detached Duplex,0,1,0,1.0,0,4,5,0,650000000.0
Luxury 2 Bedroom Apartment,2,2,Admiralty Way Lekki Phase 1 Lekki Lagos,6.4711251,3.8147504,39.0638334712576,53.23478511464151,Lekki,1,Flat,0,0,0,1.0,0,4,2,0,305000000.0
Serviced 3 Bedroom Apartment,3,3,Off Admiralty Way Lekki Phase 1 Lekki Lagos,6.4711251,3.8147504,39.0638334712576,53.23478511464151,Lekki,1,Flat,0,0,0,1.0,1,4,3,1,370000000.0
Elegant 4 Bedroom Fully Detached Duplex,4,4,Ikota Lekki Lagos,6.4711251,3.8147504,39.0638334712576,53.23478511464151,Lekki,1,Detached Duplex,0,0,0,1.0,0,4,4,0,175000000.0
Newly Built 4 Bedroom Semi Detached Duplex,4,4,Orchid Lekki Lagos,6.4711251,3.8147504,39.0638334712576,53.23478511464151,Lekki,1,Detached Duplex,0,0,1,1.0,0,4,4,1,150000000.0
4 Bedroom Semi Detached Duplex With Bq,4,4,Off Lbs Ajah Lagos,6.4694716,3.5623861,11.300377211002502,27.53491907587076,Ajah,1,Detached Duplex,0,1,0,1.0,0,4,4,0,130000000.0
Newly Built 2 Bedroom Terrace Duplex With Bq,2,2,Ajah Lagos,6.4694716,3.5623861,11.300377211002502,27.53491907587076,Ajah,1,Terrace,0,1,1,1.0,0,4,2,1,65000000.0
3 Bedroom Flat With Bq,3,3,Lekki Phase 1 Lekki Lagos,6.4711251,3.8147504,39.0638334712576,53.23478511464151,Lekki,1,Flat,0,1,0,1.0,0,4,3,0,320000000.0
Newly Built 2 Bedroom Apartment,2,2,Off Admiralty Way Lekki Phase 1 Lekki Lagos,6.4711251,3.8147504,39.0638334712576,53.23478511464151,Lekki,1,Flat,0,0,1,1.0,0,4,2,1,285000000.0
"Luxury 5 Bedroom Detatched Duplex With Pool,cenima,gym",5,5,Chevron Drive Lekki Lagos Chevron Lekki Lagos,6.4711251,3.8147504,39.0638334712576,53.23478511464151,Lekki,1,Duplex,1,0,0,1.0,0,4,5,1,670000000.0
1 Bedroom Flat,1,1,Ologolo Lekki Lagos,6.4711251,3.8147504,39.0638334712576,53.23478511464151,Lekki,1,Flat,0,0,0,1.0,0,4,1,0,70000000.0
5 Bedroom Detached Duplex,5,5,Banana Island Ikoyi Lagos,6.4600581,3.4593152,1.2666850782568917,19.69523211516851,Banana Island,1,Detached Duplex,0,0,0,1.0,0,5,5,0,4500000.0
5 Bedroom Fully Detached Duplex,5,5,Lekki Phase 1 Lekki Lagos,6.4711251,3.8147504,39.0638334712576,53.23478511464151,Lekki,1,Detached Duplex,0,0,0,1.0,0,4,5,0,700000000.0
4 Bedroom Townhouse,4,4,Osapa London Lekki Lagos,6.4711251,3.8147504,39.0638334712576,53.23478511464151,Lekki,1,Other,0,0,0,1.0,0,4,4,0,150000000.0
2 Bedroom Apartment,2,2,Lekki Phase 1 Lekki Lagos,6.4711251,3.8147504,39.0638334712576,53.23478511464151,Lekki,1,Flat,0,0,0,1.0,0,4,2,0,130000000.0
3 Bedroom Terraced Duplex,3,3,Lekki Phase 1 Lekki Lagos,6.4711251,3.8147504,39.0638334712576,53.23478511464151,Lekki,1,Terrace,0,0,0,1.0,0,4,3,0,350000000.0
5 Bedroom Fully Detached Duplex,5,5,Osapa London Lekki Lagos,6.4711251,3.8147504,39.0638334712576,53.23478511464151,Lekki,1,Detached Duplex,0,0,0,1.0,0,4,5,0,800000000.0
4 Bedroom Semi Detached Duplex,4,4,Igbo Efon Lekki Lagos,6.4711251,3.8147504,39.0638334712576,53.23478511464151,Lekki,1,Detached Duplex,0,0,0,1.0,0,4,4,0,158000000.0
4 Bedroom Semi Detached Duplex,4,4,"Blenco Axis, Sangotedo Lekki Phase 2 Lekki Lagos",6.4711251,3.8147504,39.0638334712576,53.23478511464151,Lekki,1,Detached Duplex,0,0,0,1.0,0,4,4,0,150000000.0
4 Bedroom Fully Detached Duplex,4,4,Sangotedo Lekki Phase 2 Lekki Lagos,6.4711251,3.8147504,39.0638334712576,53.23478511464151,Lekki,1,Detached Duplex,0,0,0,1.0,0,4,4,0,200000000.0
2 Bedroom Apartment,2,2,Abraham Adesanya Lekki Phase 2 Lekki Lagos,6.4711251,3.8147504,39.0638334712576,53.23478511464151,Lekki,1,Flat,0,0,0,1.0,0,4,2,0,82000000.0
Luxury 5 Bedroom Fully Detached Duplex,5,5,Lekki Phase 1 Lekki Lagos,6.4711251,3.8147504,39.0638334712576,53.23478511464151,Lekki,1,Detached Duplex,0,0,0,1.0,0,4,5,0,770000000.0
Luxury 4 Bedroom Terrace Duplex,4,4,Lekki Phase 1 Lekki Lagos,6.4711251,3.8147504,39.0638334712576,53.23478511464151,Lekki,1,Terrace,0,0,0,1.0,0,4,4,0,300000000.0
5 Bedroom Duplex,5,5,Chevy Estate Chevron Lekki Lagos,6.4711251,3.8147504,39.0638334712576,53.23478511464151,Lekki,1,Duplex,0,0,0,1.0,0,4,5,0,450000000.0
3 Bedroom Duplex,3,3,Ikota Estate Ikota Lekki Lagos,6.4711251,3.8147504,39.0638334712576,53.23478511464151,Lekki,1,Duplex,0,0,0,1.0,0,4,3,0,115000000.0
Tastefully Built 4 Bedroom Semi Detached Duplex,4,4,Ajah Lekki Phase 2 Lekki Lagos,6.4711251,3.8147504,39.0638334712576,53.23478511464151,Lekki,1,Detached Duplex,0,0,0,1.0,0,4,4,0,145000000.0
5 Bedroom Duplex,5,5,Admiralty Way Lekki Phase 1 Lekki Lagos,6.4711251,3.8147504,39.0638334712576,53.23478511464151,Lekki,1,Duplex,0,0,0,1.0,0,4,5,0,1300000000.0
House,5,5,Agungi Estate By Chevron Igbo Efon Lekki Lagos,6.4711251,3.8147504,39.0638334712576,53.23478511464151,Lekki,1,Other,0,0,0,1.0,0,4,5,0,265000000.0
4 Bedroom Fully Detached Duplex,4,4,Ikota Lekki Lagos,6.4711251,3.8147504,39.0638334712576,53.23478511464151,Lekki,1,Detached Duplex,0,0,0,1.0,0,4,4,0,165000000.0
Contemporary 2 Bedroom Apartment,2,2,Ologolo Lekki Lagos,6.4711251,3.8147504,39.0638334712576,53.23478511464151,Lekki,1,Flat,0,0,0,1.0,0,4,2,0,140000000.0
4 Bedroom Fully Detached Duplex With Bq,4,4,Ologolo Lekki Lagos,6.4711251,3.8147504,39.0638334712576,53.23478511464151,Lekki,1,Detached Duplex,0,1,0,1.0,0,4,4,0,280000000.0
5 Bedroom Detached Duplex,5,5,Ikate Lekki Lagos,6.4711251,3.8147504,39.0638334712576,53.23478511464151,Lekki,1,Detached Duplex,0,0,0,1.0,0,4,5,0,1000000000.0
5 Bedroom Detached Duplex,5,5,Banana Island Ikoyi Lagos,6.4600581,3.4593152,1.2666850782568917,19.69523211516851,Banana Island,1,Detached Duplex,0,0,0,1.0,0,5,5,0,2200000.0
Spacious Well Built 4 Bedroom Terrace Duplex,4,4,Idado Lekki Lagos,6.4711251,3.8147504,39.0638334712576,53.23478511464151,Lekki,1,Terrace,0,0,0,1.0,0,4,4,0,250000000.0
4 Bedroom Terraced House,4,4,Lekki Phase 1 Lekki Lagos,6.4711251,3.8147504,39.0638334712576,53.23478511464151,Lekki,1,Terrace,0,0,0,1.0,0,4,4,0,280000000.0
4 Bedroom Maisonette,4,4,Old Ikoyi Ikoyi Lagos,6.4516268,3.4117815,5.595874965201447,17.89581566309951,Ikoyi,1,Other,0,0,0,1.0,0,5,4,0,750000000.0
5 Bedroom Detached Duplex,5,5,Gerard Road Ikoyi Lagos,6.4516268,3.4117815,5.595874965201447,17.89581566309951,Ikoyi,1,Detached Duplex,0,0,0,1.0,0,5,5,0,3400000.0
5 Bedroom Detached Duplex,5,5,Pinnock Beach Estate Osapa London Lekki Lagos,6.4711251,3.8147504,39.0638334712576,53.23478511464151,Lekki,1,Detached Duplex,0,0,0,1.0,0,4,5,0,1800000000.0
5 Bedroom Duplex,5,5,Cowrie Creek Estate Ikate Lekki Lagos,6.4711251,3.8147504,39.0638334712576,53.23478511464151,Lekki,1,Duplex,0,0,0,1.0,0,4,5,0,800000000.0
Serviced 3 Bedroom Apartment With Bq,3,3,Ikate Lekki Lagos,6.4711251,3.8147504,39.0638334712576,53.23478511464151,Lekki,1,Flat,0,1,0,1.0,1,4,3,1,300000000.0
Well Maintained 5 Bedroom Detached Duplex,5,5,Northern Foreshore Estate Chevron Lekki Lagos,6.4711251,3.8147504,39.0638334712576,53.23478511464151,Lekki,1,Detached Duplex,0,0,0,1.0,0,4,5,0,700000000.0
4 Bedroom Duplex,4,4,Lekki Lagos Lekki Phase 1 Lekki Lagos,6.4711251,3.8147504,39.0638334712576,53.23478511464151,Lekki,1,Duplex,0,0,0,1.0,0,4,4,0,450000000.0
10 Units Of 4 Bedroom Duplex,4,4,Teranex Estare Olokonla Ajah Lagos,6.4694716,3.5623861,11.300377211002502,27.53491907587076,Ajah,1,Duplex,0,0,0,1.0,0,4,4,0,600000000.0
Bq,4,4,Royal Pine Estate By Chevron Toll Gate Orchid Lekki Lagos,6.4711251,3.8147504,39.0638334712576,53.23478511464151,Lekki,1,Other,0,1,0,1.0,0,4,4,0,165000000.0
5 Bedroom Detached Duplex,5,4,"Unity Estate Before Shoprite Mall In Sangotedo, Lekki Phase 2 Lekki Lagos",6.4711251,3.8147504,39.0638334712576,53.23478511464151,Lekki,1,Detached Duplex,0,0,0,0.8,0,4,5,0,97000000.0
5 Bedroom Flat,4,5,Unity Estate By Sangotedo Lekki Phase 2 Lekki Lagos,6.4711251,3.8147504,39.0638334712576,53.23478511464151,Lekki,1,Flat,0,0,0,1.25,0,4,4,0,97000000.0
5 Bedroom Duplex,5,5,Off Lekki Epe Expressway Ajah Lagos,6.4711251,3.8147504,39.0638334712576,53.23478511464151,Lekki,1,Duplex,0,0,0,1.0,0,4,5,0,550000000.0
Lovely 5 Bedroom Detached Duplex Masterpiece Luxury,5,5,Royal Garden Ajiwe Ajah Lagos,6.4694716,3.5623861,11.300377211002502,27.53491907587076,Ajah,1,Detached Duplex,0,0,0,1.0,0,4,5,0,650000000.0
4 Bedroom Duplex,5,5,Royal Garden Ajiwe Ajah Lagos,6.4694716,3.5623861,11.300377211002502,27.53491907587076,Ajah,1,Duplex,0,0,0,1.0,0,4,5,0,500000000.0
6 Bedroom Deteched House,6,6,Old Ikoyi Ikoyi Lagos,6.4516268,3.4117815,5.595874965201447,17.89581566309951,Ikoyi,1,Other,0,0,0,1.0,0,5,6,0,1700000.0
5 Bedroom Duplex,5,5,Thomas Estate Ajah Lagos,6.4694716,3.5623861,11.300377211002502,27.53491907587076,Ajah,1,Duplex,0,0,0,1.0,0,4,5,0,260000000.0
2 Bedroom Apartment With 1 Bq,2,2,Victoria Island Lagos,6.4300279,3.4259904,4.5315928067815925,20.705813048742375,Victoria Island,1,Flat,0,1,0,1.0,0,5,2,0,550000000.0
4 Bedroom Penthouse With 1 Bq,4,4,Ikate Lekki Lagos,6.4711251,3.8147504,39.0638334712576,53.23478511464151,Lekki,1,Other,0,1,0,1.0,0,4,4,0,500000000.0
2 Bedroom Aparrment With Elevator,3,3,Lekki Phase 1 Lekki Lagos,6.4711251,3.8147504,39.0638334712576,53.23478511464151,Lekki,1,Other,0,0,0,1.0,0,4,3,0,305000000.0
2 Bedroom Apartment,2,2,Stella Ogunleye Street Oniru Victoria Island Lagos,6.4300279,3.4259904,4.5315928067815925,20.705813048742375,Victoria Island,1,Flat,0,0,0,1.0,0,5,2,0,300000000.0
5 Bedroom Smart Home,5,5,Royal Garden Estate Ajiwe Ajah Lagos,6.4694716,3.5623861,11.300377211002502,27.53491907587076,Ajah,1,Other,0,0,0,1.0,0,4,5,0,550000000.0
Newly Built 4 Bedroom Detached Duplex With 1bq,4,4,Osapa London Osapa London Lekki Lagos,6.4711251,3.8147504,39.0638334712576,53.23478511464151,Lekki,1,Detached Duplex,0,1,1,1.0,0,4,4,1,420000000.0
Newly Built 5 Bedroom Detached Duplex,5,5,Orchid Road Lekki Lagos,6.4711251,3.8147504,39.0638334712576,53.23478511464151,Lekki,1,Detached Duplex,0,0,1,1.0,0,4,5,1,450000000.0
5 Bedroom Duplex,5,5,"Megamound Estate, Ikota Lekki Lagos",6.4711251,3.8147504,39.0638334712576,53.23478511464151,Lekki,1,Duplex,0,0,0,1.0,0,4,5,0,550000000.0
Newly Built 5 Bedroom Duplex With 1bq,5,5,Atlantic View Estate Alpha Beach Road Lekki Lagos,6.4711251,3.8147504,39.0638334712576,53.23478511464151,Lekki,1,Duplex,0,1,1,1.0,0,4,5,1,550000000.0
4 Bedroom Detached Duplex,4,4,Osapa London Lekki Lagos,6.4711251,3.8147504,39.0638334712576,53.23478511464151,Lekki,1,Detached Duplex,0,0,0,1.0,0,4,4,0,700000000.0
5 Bedroom Duplex,5,5,Chevron Chevron Lekki Lagos,6.4711251,3.8147504,39.0638334712576,53.23478511464151,Lekki,1,Duplex,0,0,0,1.0,0,4,5,0,450000000.0
Newly Built 4 Bedroom Semi Detached Duplex,4,4,Lekki Phase1 Lekki Phase 1 Lekki Lagos,6.4711251,3.8147504,39.0638334712576,53.23478511464151,Lekki,1,Detached Duplex,0,0,1,1.0,0,4,4,1,650000000.0
25 Units Of Flats,3,3,Banana Island Ikoyi Lagos,6.4600581,3.4593152,1.2666850782568917,19.69523211516851,Banana Island,1,Flat,0,0,0,1.0,0,5,3,0,20000000.0
Standard Renovated 4 Bedroom Semi Detached House,4,4,Oniru Victoria Island Lagos,6.4300279,3.4259904,4.5315928067815925,20.705813048742375,Victoria Island,1,Detached Duplex,0,0,0,1.0,0,5,4,0,650000000.0
3 Bedroom Serviced Apartment,3,3,Chevron Lekki Lagos,6.4711251,3.8147504,39.0638334712576,53.23478511464151,Lekki,1,Flat,0,0,0,1.0,1,4,3,1,90000000.0
3 Bedroom Apartment With Bq,3,3,Lekki Phase 1 Lekki Lagos,6.4711251,3.8147504,39.0638334712576,53.23478511464151,Lekki,1,Flat,0,1,0,1.0,0,4,3,0,400000000.0
Luxury 2 Bedroom Apartment With Elevator,2,2,Ikate Lekki Lagos,6.4711251,3.8147504,39.0638334712576,53.23478511464151,Lekki,1,Flat,0,0,0,1.0,0,4,2,0,200000000.0
Commercial 5 Bedroom Semi Detached House,5,5,Lekki Phase 1 Lekki Lagos,6.4711251,3.8147504,39.0638334712576,53.23478511464151,Lekki,1,Detached Duplex,0,0,0,1.0,0,4,5,0,500000000.0
5 Bedroom Detached Duplex With Bq And Pool,5,5,Chevron Chevron Lekki Lagos,6.4711251,3.8147504,39.0638334712576,53.23478511464151,Lekki,1,Detached Duplex,1,1,0,1.0,0,4,5,1,450000000.0
Luxury 5 Bedroom Detached Duplex With A Private Cinema,5,5,Osapa London Lekki Lagos,6.4711251,3.8147504,39.0638334712576,53.23478511464151,Lekki,1,Detached Duplex,0,0,0,1.0,0,4,5,0,600000000.0
4 Bedroom Semi Detached Duplex With Bq,4,4,Idado Lekki Lagos,6.4711251,3.8147504,39.0638334712576,53.23478511464151,Lekki,1,Detached Duplex,0,1,0,1.0,0,4,4,0,250000000.0
Shop Spaces,0,0,2nd Toll Gate Lekki Lagos,6.4711251,3.8147504,39.0638334712576,53.23478511464151,Lekki,1,Other,0,0,0,0.0,0,4,0,0,1500000.0
3 Bedroom Terrace Duplex With Bq,3,3,Ikota Lekki Lagos,6.4711251,3.8147504,39.0638334712576,53.23478511464151,Lekki,1,Terrace,0,1,0,1.0,0,4,3,0,150000000.0
2 Bedroom Apartment,2,2,Off Freedom Way Lekki Phase 1 Lekki Lagos,6.4711251,3.8147504,39.0638334712576,53.23478511464151,Lekki,1,Flat,0,0,0,1.0,0,4,2,0,180000000.0
3 Floors Office Complex,1,1,Adeola Odeku Victoria Island Lagos,6.4300279,3.4259904,4.5315928067815925,20.705813048742375,Victoria Island,1,Other,0,0,0,1.0,0,5,1,0,8500000000.0
5 Bedroom Detached Duplex,5,5,Ikate Lekki Lagos,6.4711251,3.8147504,39.0638334712576,53.23478511464151,Lekki,1,Detached Duplex,0,0,0,1.0,0,4,5,0,400000000.0
Newly Built 5 Bedroom Semi Detached Duplex,5,5,Banana Island Ikoyi Lagos,6.4600581,3.4593152,1.2666850782568917,19.69523211516851,Banana Island,1,Detached Duplex,0,0,1,1.0,0,5,5,1,1600000000.0
5 Bedroom Semi Detached Duplex,5,5,Ikate Lekki Lagos,6.4711251,3.8147504,39.0638334712576,53.23478511464151,Lekki,1,Detached Duplex,0,0,0,1.0,0,4,5,0,930000000.0
6 Bedroom Duplex,6,6,Banana Island Ikoyi Lagos,6.4600581,3.4593152,1.2666850782568917,19.69523211516851,Banana Island,1,Duplex,0,0,0,1.0,0,5,6,0,3000000000.0
6 Bedroom Detached House,6,6,Banana Island Ikoyi Lagos,6.4600581,3.4593152,1.2666850782568917,19.69523211516851,Banana Island,1,Detached Duplex,0,0,0,1.0,0,5,6,0,4000000.0
5 Bedroom Duplex,5,5,Banana Island Ikoyi Lagos,6.4600581,3.4593152,1.2666850782568917,19.69523211516851,Banana Island,1,Duplex,0,0,0,1.0,0,5,5,0,4500000000.0
3 Bedroom Apartment,3,3,Ikoyi Lagos,6.4516268,3.4117815,5.595874965201447,17.89581566309951,Ikoyi,1,Flat,0,0,0,1.0,0,5,3,0,850000000.0
3 Bedroom Flat,3,3,Lekki Phase 1 Lekki Lagos,6.4711251,3.8147504,39.0638334712576,53.23478511464151,Lekki,1,Flat,0,0,0,1.0,0,4,3,0,250000000.0
5 Bedroom Duplex,5,5,Osapa London Lekki Lagos,6.4711251,3.8147504,39.0638334712576,53.23478511464151,Lekki,1,Duplex,0,0,0,1.0,0,4,5,0,350000000.0
4 Bedroom Semi Detached Duplex,4,4,Ologolo Lekki Lagos,6.4711251,3.8147504,39.0638334712576,53.23478511464151,Lekki,1,Detached Duplex,0,0,0,1.0,0,4,4,0,400000000.0
2 Units Of 3 Bedroom Terraced Duplex With 2 Bq,3,3,Ologolo Lekki Lagos,6.4711251,3.8147504,39.0638334712576,53.23478511464151,Lekki,1,Terrace,0,1,0,1.0,0,4,3,0,180000000.0
4 Bedroom Terrace Duplex,4,4,Lekki Phase 1 Lekki Lagos,6.4711251,3.8147504,39.0638334712576,53.23478511464151,Lekki,1,Terrace,0,0,0,1.0,0,4,4,0,450000000.0
5 Bedroom Duplex,5,5,Osapa London Lekki Lagos,6.4711251,3.8147504,39.0638334712576,53.23478511464151,Lekki,1,Duplex,0,0,0,1.0,0,4,5,0,500000000.0
3 Bedroom Apartment,3,3,Oniru Victoria Island Lagos,6.4300279,3.4259904,4.5315928067815925,20.705813048742375,Victoria Island,1,Flat,0,0,0,1.0,0,5,3,0,250000000.0
Newly Built 5 Bedroom Detached Duplex,5,5,Pinnock Beach Estate Osapa London Lekki Lagos,6.4711251,3.8147504,39.0638334712576,53.23478511464151,Lekki,1,Detached Duplex,0,0,1,1.0,0,4,5,1,950000000.0
5 Bedroom Duplex With Bq And Pool,5,5,Agungi Chevron Axis Chevron Lekki Lagos,6.4711251,3.8147504,39.0638334712576,53.23478511464151,Lekki,1,Duplex,1,1,0,1.0,0,4,5,1,350000000.0
4 Bedroom Terrace Duplex With Bq,4,4,Ikate Lekki Lagos,6.4711251,3.8147504,39.0638334712576,53.23478511464151,Lekki,1,Terrace,0,1,0,1.0,0,4,4,0,280000000.0
4 Bedroom Terrace Duplex,4,4,Ikate Lekki Lagos,6.4711251,3.8147504,39.0638334712576,53.23478511464151,Lekki,1,Terrace,0,0,0,1.0,0,4,4,0,250000000.0
3 Bedroom Semi Detached Duplex,3,3,Ikota Lekki Lagos,6.4711251,3.8147504,39.0638334712576,53.23478511464151,Lekki,1,Detached Duplex,0,0,0,1.0,0,4,3,0,160000000.0
4 Bedroom Terraced Duplex,4,4,Ikate Lekki Lagos,6.4711251,3.8147504,39.0638334712576,53.23478511464151,Lekki,1,Terrace,0,0,0,1.0,0,4,4,0,300000000.0
2 Bedroom Maisonette,2,2,Oniru Victoria Island Lagos,6.4300279,3.4259904,4.5315928067815925,20.705813048742375,Victoria Island,1,Other,0,0,0,1.0,0,5,2,0,180000000.0
5 Bedroom Detached Duplex,5,5,Ikate Lekki Lagos,6.4711251,3.8147504,39.0638334712576,53.23478511464151,Lekki,1,Detached Duplex,0,0,0,1.0,0,4,5,0,980000000.0
Luxurious 5 Bedroom Fully Detached Duplex,5,5,Chevron Lekki Lagos,6.4711251,3.8147504,39.0638334712576,53.23478511464151,Lekki,1,Detached Duplex,0,0,0,1.0,0,4,5,0,400000000.0
4 Bedroom Detached Duplex At Sangotedo,4,4,Sangotedo Ajah Lagos,6.4694716,3.5623861,11.300377211002502,27.53491907587076,Ajah,1,Detached Duplex,0,0,0,1.0,0,4,4,0,170000000.0
5 Bedroom Detached Duplex At Ajah,5,5,Ajah Lagos,6.4694716,3.5623861,11.300377211002502,27.53491907587076,Ajah,1,Detached Duplex,0,0,0,1.0,0,4,5,0,650000000.0
"4 Bedroom Detached Duplex At Orchid,lekki",4,4,Orchid Lekki Lagos,6.4711251,3.8147504,39.0638334712576,53.23478511464151,Lekki,1,Detached Duplex,0,0,0,1.0,0,4,4,0,260000000.0
3 Bedroom Flat At Sangotedo,3,3,Sangotedo Ajah Lagos,6.4694716,3.5623861,11.300377211002502,27.53491907587076,Ajah,1,Flat,0,0,0,1.0,0,4,3,0,60000000.0
5 Bedroom Detached Duplex At Sangotedo,5,5,Sangotedo Ajah Lagos,6.4694716,3.5623861,11.300377211002502,27.53491907587076,Ajah,1,Detached Duplex,0,0,0,1.0,0,4,5,0,265000000.0
Contemporary 4 Bedroom Semi Detached Duplex,4,5,Ikota Lekki Lagos,6.4711251,3.8147504,39.0638334712576,53.23478511464151,Lekki,1,Detached Duplex,0,0,0,1.25,0,4,4,0,190000000.0
Luxury 2 Bedroom Apartment,2,3,Ajah Lagos,6.4694716,3.5623861,11.300377211002502,27.53491907587076,Ajah,1,Flat,0,0,0,1.5,0,4,2,0,80000000.0
Tiara Estate For The Royals In Ibeju Lekki,0,0,"Alaro City, Itunu City, Amen Estate Phase 3, Lekki Aviation Estate Iberekodo Ibeju Lekki Lagos",6.4711251,3.8147504,39.0638334712576,53.23478511464151,Lekki,1,Other,0,0,0,0.0,1,4,0,1,39000000.0
Invest In New Lagos While Its Still Affordable,0,0,"Alaro City, Pan Atlantic University, Epe Resort Eleranigbe Ibeju Lekki Lagos",6.4711251,3.8147504,39.0638334712576,53.23478511464151,Lekki,1,Other,0,0,0,0.0,0,4,0,0,30000000.0
Newly Built 5 Numbers Of 3bedroom Flat Ensiute,3,3,"Olabisi Osho,off Deeper Life Church,close To Medina Estate Gbagada Lagos",6.5857286,3.975694,58.76256740901005,69.05125291773466,Epe,1,Flat,0,0,1,1.0,0,1,3,1,150000000.0
Units Of Newly Built And Standard 2bedroom Apartment,2,2,Akoka Yaba Lagos,6.5114693,3.3699982,12.327418636428003,10.196897835571315,Yaba,0,Flat,0,0,1,1.0,0,4,0,1,100000000.0
Twin Bedroom Estate,0,0,Opebi Ikeja Lagos,6.5974727,3.3432815,21.044803340125824,1.0271477798224158,Ikeja,0,Other,0,0,0,0.0,1,5,0,1,650000000.0
4 Bedroom Duplex,4,4,Ikeja Gra Ikeja Lagos,6.5974727,3.3432815,21.044803340125824,1.0271477798224158,Ikeja,0,Duplex,0,0,0,1.0,0,5,0,0,600000000.0
Tenananted Bungalow,5,5,Awolowo Way Ikeja Lagos,6.5974727,3.3432815,21.044803340125824,1.0271477798224158,Ikeja,0,Bungalow,0,0,0,1.0,0,5,0,0,500000000.0
6 Bedroom Duplex,6,6,Chevron Lekki Lagos,6.4711251,3.8147504,39.0638334712576,53.23478511464151,Lekki,1,Duplex,0,0,0,1.0,0,4,6,0,400000000.0
3 Bedroom Flat,3,3,Opebi Ikeja Lagos,6.5974727,3.3432815,21.044803340125824,1.0271477798224158,Ikeja,0,Flat,0,0,0,1.0,0,5,0,0,600000000.0
3 Bedroom Apartment With Bq,3,3,Awolowo Way Ikeja Lagos,6.5974727,3.3432815,21.044803340125824,1.0271477798224158,Ikeja,0,Flat,0,1,0,1.0,0,5,0,0,200000000.0
Newly Built 5 Bedroom Detached Duplex,5,6,Vgc Lekki Lagos,6.4711251,3.8147504,39.0638334712576,53.23478511464151,Lekki,1,Detached Duplex,0,0,1,1.2,0,4,5,1,320000000.0
4 Bedroom Fully Detached Duplex,4,4,Opebi Ikeja Lagos,6.5974727,3.3432815,21.044803340125824,1.0271477798224158,Ikeja,0,Detached Duplex,0,0,0,1.0,0,5,0,0,400000000.0
A Bay Warehouse,0,0,Oregun Ikeja Lagos,6.5974727,3.3432815,21.044803340125824,1.0271477798224158,Ikeja,0,Other,0,0,0,0.0,0,5,0,0,650000000.0
4 Bedroom Detached Duplex,4,4,Opebi Ikeja Lagos,6.5974727,3.3432815,21.044803340125824,1.0271477798224158,Ikeja,0,Detached Duplex,0,0,0,1.0,0,5,0,0,400000000.0
Solid Structural Built Well Maintained Blocks Of Flats,2,2,Offin Igbogbo Ikorodu Lagos,6.6191233,3.5041271,19.37412223201939,16.98654075658537,Ikorodu,0,Flat,0,0,0,1.0,0,2,0,0,40000000.0
Newly Luxury 5bedrooms Fully Duplex With Pool(video),5,5,Lekki Palm City Estate Addo Road Ajah Ajah Lagos,6.4711251,3.8147504,39.0638334712576,53.23478511464151,Lekki,1,Duplex,1,0,0,1.0,0,4,5,1,200000000.0
Fully Completed Well Maintained 3bedrooms Bungalow,2,2,Selewu Igbogbo Igbogbo Ikorodu Lagos,6.6191233,3.5041271,19.37412223201939,16.98654075658537,Ikorodu,0,Bungalow,0,0,0,1.0,0,2,0,0,18000000.0
Newly Built 4 Bedroom Duplex In A Serene Environment,4,4,Alfred Court Allen Avenue Ikeja Lagos,6.5974727,3.3432815,21.044803340125824,1.0271477798224158,Ikeja,0,Duplex,0,0,1,1.0,0,5,0,1,400000000.0
3 Bedroom Duplex,3,3,Awolowo Road Awolowo Way Ikeja Lagos,6.5974727,3.3432815,21.044803340125824,1.0271477798224158,Ikeja,0,Duplex,0,0,0,1.0,0,5,0,0,250000000.0
Lovely 4 Bedroom Terraced Duplex,4,0,Orchid Lekki Lagos,6.4711251,3.8147504,39.0638334712576,53.23478511464151,Lekki,1,Terrace,0,0,0,0.0,0,4,4,0,220000000.0
4 Bedroom Terrace Duplex,4,4,Ikota Lekki Lagos,6.4711251,3.8147504,39.0638334712576,53.23478511464151,Lekki,1,Terrace,0,0,0,1.0,0,4,4,0,160000000.0
5 Bedroom Detached Duplex,5,5,Ikota Lekki Lagos,6.4711251,3.8147504,39.0638334712576,53.23478511464151,Lekki,1,Detached Duplex,0,0,0,1.0,0,4,5,0,550000000.0
Stunning 4 Bedroom Detached Duplex,4,4,Orchid Lekki Lagos,6.4711251,3.8147504,39.0638334712576,53.23478511464151,Lekki,1,Detached Duplex,0,0,0,1.0,0,4,4,0,160000000.0
Contemporary 4 Bedroom Detached Duplex,4,4,Sangotedo Ajah Lagos,6.4694716,3.5623861,11.300377211002502,27.53491907587076,Ajah,1,Detached Duplex,0,0,0,1.0,0,4,4,0,150000000.0
Contemporary 4 Bedroom Detached Duplex,4,4,Ajah Lagos,6.4694716,3.5623861,11.300377211002502,27.53491907587076,Ajah,1,Detached Duplex,0,0,0,1.0,0,4,4,0,170000000.0
5 Bedroom Detached Duplex,5,5,Chevron Lekki Lagos,6.4711251,3.8147504,39.0638334712576,53.23478511464151,Lekki,1,Detached Duplex,0,0,0,1.0,0,4,5,0,550000000.0
4 Bedroom Detached Duplex With Bq,4,4,Orchid Lekki Lagos,6.4711251,3.8147504,39.0638334712576,53.23478511464151,Lekki,1,Detached Duplex,0,1,0,1.0,0,4,4,0,165000000.0
4 Bedroom Detached Duplex,5,5,Chevron Lekki Lagos,6.4711251,3.8147504,39.0638334712576,53.23478511464151,Lekki,1,Detached Duplex,0,0,0,1.0,0,4,5,0,350000000.0
Brand New 4 Bedroom Detached Duplex,4,4,Ajah Lagos,6.4694716,3.5623861,11.300377211002502,27.53491907587076,Ajah,1,Detached Duplex,0,0,1,1.0,0,4,4,1,220000000.0
5 Bedroom Detached Duplex,5,5,Ikate Lekki Lagos,6.4711251,3.8147504,39.0638334712576,53.23478511464151,Lekki,1,Detached Duplex,0,0,0,1.0,0,4,5,0,350000000.0
4 Bedroom Terrace Duplex,4,4,Vgc Lekki Lagos,6.4711251,3.8147504,39.0638334712576,53.23478511464151,Lekki,1,Terrace,0,0,0,1.0,0,4,4,0,130000000.0
4 Bedroom Terrace Duplex,4,4,Orchid Lekki Lagos,6.4711251,3.8147504,39.0638334712576,53.23478511464151,Lekki,1,Terrace,0,0,0,1.0,0,4,4,0,140000000.0
5 Bedroom Detached Duplex,5,5,Ikoyi Lagos,6.4516268,3.4117815,5.595874965201447,17.89581566309951,Ikoyi,1,Detached Duplex,0,0,0,1.0,0,5,5,0,5000000.0
Stunning 2 Bedroom Apartment,2,2,Lekki Phase 1 Lekki Lagos,6.4711251,3.8147504,39.0638334712576,53.23478511464151,Lekki,1,Flat,0,0,0,1.0,0,4,2,0,290000000.0
Stunning 5 Bedroom Detached Duplex,5,5,Lekki Phase 1 Lekki Lagos,6.4711251,3.8147504,39.0638334712576,53.23478511464151,Lekki,1,Detached Duplex,0,0,0,1.0,0,4,5,0,820000000.0
4 Bedroom Penthouse,4,4,Ikate Lekki Lagos,6.4711251,3.8147504,39.0638334712576,53.23478511464151,Lekki,1,Other,0,0,0,1.0,0,4,4,0,600000000.0
Stunning 6 Bedroom Detached Duplex,6,6,Chevron Lekki Lagos,6.4711251,3.8147504,39.0638334712576,53.23478511464151,Lekki,1,Detached Duplex,0,0,0,1.0,0,4,6,0,750000000.0
Lovely 2 Bedroom Apartment,2,2,Ikate Lekki Lagos,6.4711251,3.8147504,39.0638334712576,53.23478511464151,Lekki,1,Flat,0,0,0,1.0,0,4,2,0,200000000.0
2 Bedroom Apartment,2,2,Orchid Lekki Lagos,6.4711251,3.8147504,39.0638334712576,53.23478511464151,Lekki,1,Flat,0,0,0,1.0,0,4,2,0,145000000.0
Stunning 5 Bedroom Detached Duplex,5,5,Vgc Lekki Lagos,6.4711251,3.8147504,39.0638334712576,53.23478511464151,Lekki,1,Detached Duplex,0,0,0,1.0,0,4,5,0,370000000.0
4 Bedroom Fully Detached Duplex With Bq,4,4,Orchid Lekki Lagos,6.4711251,3.8147504,39.0638334712576,53.23478511464151,Lekki,1,Detached Duplex,0,1,0,1.0,0,4,4,0,250000000.0
Luxury 4 Bedroom Terraced Duplex,4,4,Ikoyi Lagos,6.4516268,3.4117815,5.595874965201447,17.89581566309951,Ikoyi,1,Terrace,0,0,0,1.0,0,5,4,0,900000000.0
4 Bedroom Semi Detached Duplex,4,4,Ologolo Lekki Lagos,6.4711251,3.8147504,39.0638334712576,53.23478511464151,Lekki,1,Detached Duplex,0,0,0,1.0,0,4,4,0,200000000.0
Brand New 4 Bedroom Terrace Duplex,4,4,Old Ikoyi Ikoyi Lagos,6.4516268,3.4117815,5.595874965201447,17.89581566309951,Ikoyi,1,Terrace,0,0,1,1.0,0,5,4,1,1500000000.0
4 Bedroom Detached Duplex,4,4,Lekki Phase 1 Lekki Lagos,6.4711251,3.8147504,39.0638334712576,53.23478511464151,Lekki,1,Detached Duplex,0,0,0,1.0,0,4,4,0,1100000000.0
4 Bedroom Detached Duplex,4,4,Orchid Lekki Lagos,6.4711251,3.8147504,39.0638334712576,53.23478511464151,Lekki,1,Detached Duplex,0,0,0,1.0,0,4,4,0,210000000.0
Automated 5 Bedroom Detached Duplex,5,5,Osapa London Lekki Lagos,6.4711251,3.8147504,39.0638334712576,53.23478511464151,Lekki,1,Detached Duplex,0,0,0,1.0,0,4,5,0,1500000000.0
Lovely 2 Bedroom Apartment,2,2,Ikate Lekki Lagos,6.4711251,3.8147504,39.0638334712576,53.23478511464151,Lekki,1,Flat,0,0,0,1.0,0,4,2,0,195000000.0
6 Bedroom Detached Duplex,6,6,Osapa London Lekki Lagos,6.4711251,3.8147504,39.0638334712576,53.23478511464151,Lekki,1,Detached Duplex,0,0,0,1.0,0,4,6,0,1200000000.0
Luxury 5 Bedroom Detached Duplex,5,5,Ikota Lekki Lagos,6.4711251,3.8147504,39.0638334712576,53.23478511464151,Lekki,1,Detached Duplex,0,0,0,1.0,0,4,5,0,400000000.0
Stunning 4 Bedroom Semi Detached Duplex,4,4,Lekki Conservation Chevron Lekki Lagos,6.4711251,3.8147504,39.0638334712576,53.23478511464151,Lekki,1,Detached Duplex,0,0,0,1.0,0,4,4,0,160000000.0
Stunning 5 Bedroom Detached Duplex,5,5,Ikoyi Lagos,6.4516268,3.4117815,5.595874965201447,17.89581566309951,Ikoyi,1,Detached Duplex,0,0,0,1.0,0,5,5,0,1700000000.0
Luxury 6 Bedroom Detached Duplex,6,6,Chevron Lekki Lagos,6.4711251,3.8147504,39.0638334712576,53.23478511464151,Lekki,1,Detached Duplex,0,0,0,1.0,0,4,6,0,750000000.0
2 Bedroom Apartment,2,2,Victoria Island Lagos,6.4300279,3.4259904,4.5315928067815925,20.705813048742375,Victoria Island,1,Flat,0,0,0,1.0,0,5,2,0,380000000.0
Lovely 4 Bedroom Semi Detached Duplex,4,4,Ikota Lekki Lagos,6.4711251,3.8147504,39.0638334712576,53.23478511464151,Lekki,1,Detached Duplex,0,0,0,1.0,0,4,4,0,180000000.0
Lovely 3 Bedroom Apartment,3,3,Ikate Lekki Lagos,6.4711251,3.8147504,39.0638334712576,53.23478511464151,Lekki,1,Flat,0,0,0,1.0,0,4,3,0,180000000.0
Stunning 4 Bedroom Semi Detached Duplex,4,4,Ajah Lagos,6.4694716,3.5623861,11.300377211002502,27.53491907587076,Ajah,1,Detached Duplex,0,0,0,1.0,0,4,4,0,140000000.0
2 Bedroom Apartment,2,2,Lekki Phase 1 Lekki Lagos,6.4711251,3.8147504,39.0638334712576,53.23478511464151,Lekki,1,Flat,0,0,0,1.0,0,4,2,0,380000000.0
2 Bedroom Apartment,2,2,Lekki Phase 1 Lekki Lagos,6.4711251,3.8147504,39.0638334712576,53.23478511464151,Lekki,1,Flat,0,0,0,1.0,0,4,2,0,270000000.0
2 Bedroom Apartment,2,2,Ikate Lekki Lagos,6.4711251,3.8147504,39.0638334712576,53.23478511464151,Lekki,1,Flat,0,0,0,1.0,0,4,2,0,190000000.0
2 Bedroom Apartment,2,2,Lekki Phase 1 Lekki Lagos,6.4711251,3.8147504,39.0638334712576,53.23478511464151,Lekki,1,Flat,0,0,0,1.0,0,4,2,0,260000000.0
5 Bedroom Detached Duplex,5,5,Chevron Lekki Lagos,6.4711251,3.8147504,39.0638334712576,53.23478511464151,Lekki,1,Detached Duplex,0,0,0,1.0,0,4,5,0,460000000.0
Stunning 5 Bedroom Detached Duplex,5,5,Ikota Lekki Lagos,6.4711251,3.8147504,39.0638334712576,53.23478511464151,Lekki,1,Detached Duplex,0,0,0,1.0,0,4,5,0,270000000.0
Newly Built 5 Bedroom Detached Duplex,5,5,Lekki Phase 1 Lekki Lagos,6.4711251,3.8147504,39.0638334712576,53.23478511464151,Lekki,1,Detached Duplex,0,0,1,1.0,0,4,5,1,820000000.0
Luxury 5 Bedroom Detached Duplex,5,5,Osapa London Lekki Lagos,6.4711251,3.8147504,39.0638334712576,53.23478511464151,Lekki,1,Detached Duplex,0,0,0,1.0,0,4,5,0,1550000000.0
5 Bedroom Detached Duplex,5,5,Ologolo Lekki Lagos,6.4711251,3.8147504,39.0638334712576,53.23478511464151,Lekki,1,Detached Duplex,0,0,0,1.0,0,4,5,0,480000000.0
Massive 5 Bedroom Detached Duplex,5,5,Lekki Phase 1 Lekki Lagos,6.4711251,3.8147504,39.0638334712576,53.23478511464151,Lekki,1,Detached Duplex,0,0,0,1.0,0,4,5,0,1500000000.0
Lovely 4 Bedroom Semi Detached Duplex,4,4,Ikota Lekki Lagos,6.4711251,3.8147504,39.0638334712576,53.23478511464151,Lekki,1,Detached Duplex,0,0,0,1.0,0,4,4,0,200000000.0
Magnificent 5 Bedroom Detached Duplex,5,5,Lekki Phase 1 Lekki Lagos,6.4711251,3.8147504,39.0638334712576,53.23478511464151,Lekki,1,Detached Duplex,0,0,0,1.0,0,4,5,0,1300000000.0
Luxury 5 Bedroom Detached Duplex,5,5,Chevron Lekki Lagos,6.4711251,3.8147504,39.0638334712576,53.23478511464151,Lekki,1,Detached Duplex,0,0,0,1.0,0,4,5,0,730000000.0
Contemporary 4 Bedroom Detached Duplex,4,4,Ikota Lekki Lagos,6.4711251,3.8147504,39.0638334712576,53.23478511464151,Lekki,1,Detached Duplex,0,0,0,1.0,0,4,4,0,210000000.0
3 Bedroom Terrace Duplex,3,3,Orchid Lekki Lagos,6.4711251,3.8147504,39.0638334712576,53.23478511464151,Lekki,1,Terrace,0,0,0,1.0,0,4,3,0,110000000.0
2 Bedroom Apartment,2,2,Ologolo Lekki Lagos,6.4711251,3.8147504,39.0638334712576,53.23478511464151,Lekki,1,Flat,0,0,0,1.0,0,4,2,0,130000000.0
3 Bedroom Apartment,3,3,Ikate Lekki Lagos,6.4711251,3.8147504,39.0638334712576,53.23478511464151,Lekki,1,Flat,0,0,0,1.0,0,4,3,0,240000000.0
Brand New 4 Bedroom Semi Detached Duplex,4,4,Ajah Lagos,6.4694716,3.5623861,11.300377211002502,27.53491907587076,Ajah,1,Detached Duplex,0,0,1,1.0,0,4,4,1,150000000.0
5 Bedroom Detached Duplex,5,5,Ologolo Lekki Lagos,6.4711251,3.8147504,39.0638334712576,53.23478511464151,Lekki,1,Detached Duplex,0,0,0,1.0,0,4,5,0,400000000.0
Magnificent 5 Bedroom Detached Duplex,5,5,Chevron Lekki Lagos,6.4711251,3.8147504,39.0638334712576,53.23478511464151,Lekki,1,Detached Duplex,0,0,0,1.0,0,4,5,0,480000000.0
Contemporary 4 Bedroom Detached Duplex,4,4,Ajah Lagos,6.4694716,3.5623861,11.300377211002502,27.53491907587076,Ajah,1,Detached Duplex,0,0,0,1.0,0,4,4,0,180000000.0
4 Bedroom Detached Duplex,4,4,Orchid Lekki Lagos,6.4711251,3.8147504,39.0638334712576,53.23478511464151,Lekki,1,Detached Duplex,0,0,0,1.0,0,4,4,0,350000000.0
Lovely 4 Bedroom Terraced Duplex,4,4,Orchid Lekki Lagos,6.4711251,3.8147504,39.0638334712576,53.23478511464151,Lekki,1,Terrace,0,0,0,1.0,0,4,4,0,125000000.0
5 Bedroom Fully Detached Duplex,5,5,Lekki Phase 1 Lekki Lagos,6.4711251,3.8147504,39.0638334712576,53.23478511464151,Lekki,1,Detached Duplex,0,0,0,1.0,0,4,5,0,650000000.0
Lovely 3 Bedroom Apartment,3,3,Lekki Phase 1 Lekki Lagos,6.4711251,3.8147504,39.0638334712576,53.23478511464151,Lekki,1,Flat,0,0,0,1.0,0,4,3,0,300000000.0
Stunning 5 Bedroom Detached Duplex,5,5,Chevron Lekki Lagos,6.4711251,3.8147504,39.0638334712576,53.23478511464151,Lekki,1,Detached Duplex,0,0,0,1.0,0,4,5,0,500000000.0
Brand New 5 Bedroom Detached Duplex,5,5,Ajah Lagos,6.4694716,3.5623861,11.300377211002502,27.53491907587076,Ajah,1,Detached Duplex,0,0,1,1.0,0,4,5,1,220000000.0
Brand New 5 Bedroom Detached Duplex,5,5,Ikota Lekki Lagos,6.4711251,3.8147504,39.0638334712576,53.23478511464151,Lekki,1,Detached Duplex,0,0,1,1.0,0,4,5,1,650000000.0
4 Bedroom Semi Detached Duplex,4,4,Ikota Lekki Lagos,6.4711251,3.8147504,39.0638334712576,53.23478511464151,Lekki,1,Detached Duplex,0,0,0,1.0,0,4,4,0,170000000.0
4 Bedroom Semi Detached Duplex,4,4,Chevron Lekki Lagos,6.4711251,3.8147504,39.0638334712576,53.23478511464151,Lekki,1,Detached Duplex,0,0,0,1.0,0,4,4,0,240000000.0
5 Bedroom Semi Detached Duplex,5,5,Ikoyi Lagos,6.4516268,3.4117815,5.595874965201447,17.89581566309951,Ikoyi,1,Detached Duplex,0,0,0,1.0,0,5,5,0,1000000.0
Lovely 2 Bedroom Apartment,2,2,Chevron Lekki Lagos,6.4711251,3.8147504,39.0638334712576,53.23478511464151,Lekki,1,Flat,0,0,0,1.0,0,4,2,0,82000000.0
5 Bedroom Semi Detached Duplex With Bq,5,5,Victory Park Estate Osapa London Lekki Lagos,6.4711251,3.8147504,39.0638334712576,53.23478511464151,Lekki,1,Detached Duplex,0,1,0,1.0,0,4,5,0,480000000.0
Stunning 5 Bedroom Detached Duplex,5,5,Lekki Phase 1 Lekki Lagos,6.4711251,3.8147504,39.0638334712576,53.23478511464151,Lekki,1,Detached Duplex,0,0,0,1.0,0,4,5,0,770000000.0
Brand New 5 Bedroom Detached Duplex,5,5,Sangotedo Ajah Lagos,6.4694716,3.5623861,11.300377211002502,27.53491907587076,Ajah,1,Detached Duplex,0,0,1,1.0,0,4,5,1,230000000.0
Contemporary 4 Bedroom Terrace Duplex,4,4,Osapa London Lekki Lagos,6.4711251,3.8147504,39.0638334712576,53.23478511464151,Lekki,1,Terrace,0,0,0,1.0,0,4,4,0,330000000.0
Lovely 3 Bedroom Apartment,3,3,Orchid Lekki Lagos,6.4711251,3.8147504,39.0638334712576,53.23478511464151,Lekki,1,Flat,0,0,0,1.0,0,4,3,0,90000000.0
Modern 5 Bedroom Detached Duplex,5,5,Ajah Lagos,6.4694716,3.5623861,11.300377211002502,27.53491907587076,Ajah,1,Detached Duplex,0,0,0,1.0,0,4,5,0,300000000.0
4 Bedroom Terrace Duplex,4,4,Orchid Lekki Lagos,6.4711251,3.8147504,39.0638334712576,53.23478511464151,Lekki,1,Terrace,0,0,0,1.0,0,4,4,0,170000000.0
Luxury 4 Bedroom Terraced Duplex,4,4,Ikoyi Lagos,6.4516268,3.4117815,5.595874965201447,17.89581566309951,Ikoyi,1,Terrace,0,0,0,1.0,0,5,4,0,850000000.0
Smart 6 Bedroom Detached Duplex,6,6,Chevron Lekki Lagos,6.4711251,3.8147504,39.0638334712576,53.23478511464151,Lekki,1,Detached Duplex,0,0,0,1.0,0,4,6,0,750000000.0
5 Bedroom Detached Duplex With Bq,5,5,Ajah Lagos,6.4694716,3.5623861,11.300377211002502,27.53491907587076,Ajah,1,Detached Duplex,0,1,0,1.0,0,4,5,0,195000000.0
5 Bedroom Detached Duplex,5,5,Ikate Lekki Lagos,6.4711251,3.8147504,39.0638334712576,53.23478511464151,Lekki,1,Detached Duplex,0,0,0,1.0,0,4,5,0,900000000.0
5 Bedroom Detached Duplex,5,5,Osapa London Lekki Lagos,6.4711251,3.8147504,39.0638334712576,53.23478511464151,Lekki,1,Detached Duplex,0,0,0,1.0,0,4,5,0,1300000000.0
4 Bedroom Semi Detached Duplex,4,4,Lekki Phase 1 Lekki Lagos,6.4711251,3.8147504,39.0638334712576,53.23478511464151,Lekki,1,Detached Duplex,0,0,0,1.0,0,4,4,0,550000000.0
5 Bedroom Detached Duplex,5,5,Lekki Phase 1 Lekki Lagos,6.4711251,3.8147504,39.0638334712576,53.23478511464151,Lekki,1,Detached Duplex,0,0,0,1.0,0,4,5,0,1200000000.0
4 Bedroom Terrace Duplex,4,4,Osapa London Lekki Lagos,6.4711251,3.8147504,39.0638334712576,53.23478511464151,Lekki,1,Terrace,0,0,0,1.0,0,4,4,0,330000000.0
5 Bedroom Detached Duplex,5,5,Ajah Lagos,6.4694716,3.5623861,11.300377211002502,27.53491907587076,Ajah,1,Detached Duplex,0,0,0,1.0,0,4,5,0,220000000.0
3 Bedroom Terrace Duplex,3,3,Ikota Lekki Lagos,6.4711251,3.8147504,39.0638334712576,53.23478511464151,Lekki,1,Terrace,0,0,0,1.0,0,4,3,0,120000000.0
3 Bedroom Apartment,3,3,"Freedom Way, Lekki Lagos",6.4711251,3.8147504,39.0638334712576,53.23478511464151,Lekki,1,Flat,0,0,0,1.0,0,4,3,0,235000000.0
Lovely 4 Bedroom Semi Detached Duplex,4,4,Orchid Lekki Lagos,6.4711251,3.8147504,39.0638334712576,53.23478511464151,Lekki,1,Detached Duplex,0,0,0,1.0,0,4,4,0,180000000.0
Lovely 5 Bedroom Detached Duplex,5,5,Ajah Lagos,6.4694716,3.5623861,11.300377211002502,27.53491907587076,Ajah,1,Detached Duplex,0,0,0,1.0,0,4,5,0,280000000.0
4 Bedroom Terrace Duplex With Bq,4,4,Orchid Lekki Lagos,6.4711251,3.8147504,39.0638334712576,53.23478511464151,Lekki,1,Terrace,0,1,0,1.0,0,4,4,0,200000000.0
3 Bedroom Maisonette,3,3,Ikate Lekki Lagos,6.4711251,3.8147504,39.0638334712576,53.23478511464151,Lekki,1,Other,0,0,0,1.0,0,4,3,0,220000000.0
5 Bedroom Detached Duplex,5,5,Agungi Lekki Lagos,6.4711251,3.8147504,39.0638334712576,53.23478511464151,Lekki,1,Detached Duplex,0,0,0,1.0,0,4,5,0,320000000.0
Brand New 5 Bedroom Detached Duplex,5,5,Orchid Lekki Lagos,6.4711251,3.8147504,39.0638334712576,53.23478511464151,Lekki,1,Detached Duplex,0,0,1,1.0,0,4,5,1,320000000.0
Newly Built 4 Bedroom Semi Detached Duplex,4,4,Ikota Lekki Lagos,6.4711251,3.8147504,39.0638334712576,53.23478511464151,Lekki,1,Detached Duplex,0,0,1,1.0,0,4,4,1,200000000.0
5 Bedroom Penthouse,4,4,Ikate Lekki Lagos,6.4711251,3.8147504,39.0638334712576,53.23478511464151,Lekki,1,Other,0,0,0,1.0,0,4,4,0,650000000.0
2 Bedroom Apartment,2,2,Orchid Lekki Lagos,6.4711251,3.8147504,39.0638334712576,53.23478511464151,Lekki,1,Flat,0,0,0,1.0,0,4,2,0,100000000.0
Lovely 5 Bedroom Detached Duplex,5,5,Ajah Lagos,6.4694716,3.5623861,11.300377211002502,27.53491907587076,Ajah,1,Detached Duplex,0,0,0,1.0,0,4,5,0,285000000.0
4 Bedroom Maisonette,4,4,Prime Location Ikoyi Lagos,6.4516268,3.4117815,5.595874965201447,17.89581566309951,Ikoyi,1,Other,0,0,0,1.0,0,5,4,0,1500000000.0
4 Bedroom Terrace Duplex,4,4,Osapa London Lekki Lagos,6.4711251,3.8147504,39.0638334712576,53.23478511464151,Lekki,1,Terrace,0,0,0,1.0,0,4,4,0,195000000.0
Newly Built 4 Bedroom Detached Duplex,4,4,Orchid Lekki Lagos,6.4711251,3.8147504,39.0638334712576,53.23478511464151,Lekki,1,Detached Duplex,0,0,1,1.0,0,4,4,1,280000000.0
4 Bedroom Detached Duplex,4,4,Chevron Lekki Lagos,6.4711251,3.8147504,39.0638334712576,53.23478511464151,Lekki,1,Detached Duplex,0,0,0,1.0,0,4,4,0,260000000.0
4 Bedroom Detached Duplex,4,4,Ajah Lagos,6.4694716,3.5623861,11.300377211002502,27.53491907587076,Ajah,1,Detached Duplex,0,0,0,1.0,0,4,4,0,185000000.0
4 Bedroom Detached Duplex,4,4,Orchid Lekki Lagos,6.4711251,3.8147504,39.0638334712576,53.23478511464151,Lekki,1,Detached Duplex,0,0,0,1.0,0,4,4,0,170000000.0
5 Bedroom Detached Duplex,5,5,Sangotedo Ajah Lagos,6.4694716,3.5623861,11.300377211002502,27.53491907587076,Ajah,1,Detached Duplex,0,0,0,1.0,0,4,5,0,280000000.0
4 Bedroom Terraced Duplex,4,4,Ologolo Lekki Lagos,6.4711251,3.8147504,39.0638334712576,53.23478511464151,Lekki,1,Terrace,0,0,0,1.0,0,4,4,0,200000000.0
Stunning 5 Bedroom Detached Duplex,5,5,Ikoyi Lagos,6.4516268,3.4117815,5.595874965201447,17.89581566309951,Ikoyi,1,Detached Duplex,0,0,0,1.0,0,5,5,0,4500000.0
5 Bedroom Maisonette,5,5,Lekki Phase 1 Lekki Lagos,6.4711251,3.8147504,39.0638334712576,53.23478511464151,Lekki,1,Other,0,0,0,1.0,0,4,5,0,300000000.0
4 Bedroom Terrace Duplex,4,4,Chevron Lekki Lagos,6.4711251,3.8147504,39.0638334712576,53.23478511464151,Lekki,1,Terrace,0,0,0,1.0,0,4,4,0,200000000.0
4 Bedroom Semi Detached Duplex,4,4,Ikota Lekki Lagos,6.4711251,3.8147504,39.0638334712576,53.23478511464151,Lekki,1,Detached Duplex,0,0,0,1.0,0,4,4,0,145000000.0
4 Bedroom Semi Detached Duplex,4,4,Orchid Lekki Lagos,6.4711251,3.8147504,39.0638334712576,53.23478511464151,Lekki,1,Detached Duplex,0,0,0,1.0,0,4,4,0,150000000.0
5 Bedroom Detached Duplex,5,5,Ikate Lekki Lagos,6.4711251,3.8147504,39.0638334712576,53.23478511464151,Lekki,1,Detached Duplex,0,0,0,1.0,0,4,5,0,800000000.0
Stunning 4 Bedroom Detached Duplex,4,4,Parkview Estate Ikoyi Lagos,6.4516268,3.4117815,5.595874965201447,17.89581566309951,Ikoyi,1,Detached Duplex,0,0,0,1.0,0,5,4,0,1600000000.0
5 Bedroom Detached Duplex,5,5,Orchid Lekki Lagos,6.4711251,3.8147504,39.0638334712576,53.23478511464151,Lekki,1,Detached Duplex,0,0,0,1.0,0,4,5,0,400000000.0
2 Bedroom Apartment,2,2,Ikate Lekki Lagos,6.4711251,3.8147504,39.0638334712576,53.23478511464151,Lekki,1,Flat,0,0,0,1.0,0,4,2,0,250000000.0
2 Bedroom Apartment,2,2,Victoria Island Lagos,6.4300279,3.4259904,4.5315928067815925,20.705813048742375,Victoria Island,1,Flat,0,0,0,1.0,0,5,2,0,290000000.0
Contemporary 5 Bedroom Detached Duplex,5,5,Ajah Lagos,6.4694716,3.5623861,11.300377211002502,27.53491907587076,Ajah,1,Detached Duplex,0,0,0,1.0,0,4,5,0,285000000.0
5 Bedroom Detached Duplex,5,5,Victory Park Estate Osapa London Lekki Lagos,6.4711251,3.8147504,39.0638334712576,53.23478511464151,Lekki,1,Detached Duplex,0,0,0,1.0,0,4,5,0,750000000.0
4 Bedroom Detached Duplex,4,4,Ajah Lagos,6.4694716,3.5623861,11.300377211002502,27.53491907587076,Ajah,1,Detached Duplex,0,0,0,1.0,0,4,4,0,165000000.0
3 Bedroom Terraced Duplex,3,3,Chevron Lekki Lagos,6.4711251,3.8147504,39.0638334712576,53.23478511464151,Lekki,1,Terrace,0,0,0,1.0,0,4,3,0,190000000.0
5 Bedroom Detached Duplex,5,5,Osapa London Lekki Lagos,6.4711251,3.8147504,39.0638334712576,53.23478511464151,Lekki,1,Detached Duplex,0,0,0,1.0,0,4,5,0,1900000000.0
Lovely 4 Bedroom Terrace Duplex,4,4,Ajah Lagos,6.4694716,3.5623861,11.300377211002502,27.53491907587076,Ajah,1,Terrace,0,0,0,1.0,0,4,4,0,130000000.0
Contemporary 4 Bedroom Semi Detached Duplex,4,4,Orchid Lekki Lagos,6.4711251,3.8147504,39.0638334712576,53.23478511464151,Lekki,1,Detached Duplex,0,0,0,1.0,0,4,4,0,195000000.0
Lovely 3 Bedroom Terraced Duplex,3,3,"Lagos Business School, Ajah Lagos",6.4694716,3.5623861,11.300377211002502,27.53491907587076,Ajah,1,Terrace,0,0,0,1.0,0,4,3,0,90000000.0
4 Bedroom Terrace Duplex With Bq,4,4,Ikate Lekki Lagos,6.4711251,3.8147504,39.0638334712576,53.23478511464151,Lekki,1,Terrace,0,1,0,1.0,0,4,4,0,310000000.0
5 Bedroom Semi Detached Duplex,5,5,Cowrie Creek Estate Ikate Lekki Lagos,6.4711251,3.8147504,39.0638334712576,53.23478511464151,Lekki,1,Detached Duplex,0,0,0,1.0,0,4,5,0,750000000.0
5 Bedroom Detached Duplex,5,5,Ajah Lagos,6.4694716,3.5623861,11.300377211002502,27.53491907587076,Ajah,1,Detached Duplex,0,0,0,1.0,0,4,5,0,230000000.0
5 Bedroom Detached Duplex,5,5,Ajah Lagos,6.4694716,3.5623861,11.300377211002502,27.53491907587076,Ajah,1,Detached Duplex,0,0,0,1.0,0,4,5,0,290000000.0
5 Bedroom Detached Duplex,5,5,Ikota Lekki Lagos,6.4711251,3.8147504,39.0638334712576,53.23478511464151,Lekki,1,Detached Duplex,0,0,0,1.0,0,4,5,0,700000000.0
5 Bedroom Detached Duplex,5,5,Ajah Lagos,6.4694716,3.5623861,11.300377211002502,27.53491907587076,Ajah,1,Detached Duplex,0,0,0,1.0,0,4,5,0,285000000.0
4 Bedroom Semi Detached Duplex,4,4,Orchid Lekki Lagos,6.4711251,3.8147504,39.0638334712576,53.23478511464151,Lekki,1,Detached Duplex,0,0,0,1.0,0,4,4,0,200000000.0
6 Bedroom Detached Duplex,6,6,Osapa London Lekki Lagos,6.4711251,3.8147504,39.0638334712576,53.23478511464151,Lekki,1,Detached Duplex,0,0,0,1.0,0,4,6,0,1300000000.0
5 Bedroom Detached Duplex,5,5,Ikoyi Lagos,6.4516268,3.4117815,5.595874965201447,17.89581566309951,Ikoyi,1,Detached Duplex,0,0,0,1.0,0,5,5,0,4000000.0
Modern 5 Bedroom Detached Duplex,5,5,Orchid Lekki Lagos,6.4711251,3.8147504,39.0638334712576,53.23478511464151,Lekki,1,Detached Duplex,0,0,0,1.0,0,4,5,0,750000000.0
2 Bedroom Apartment,2,2,"Freedom Way, Lekki Lagos",6.4711251,3.8147504,39.0638334712576,53.23478511464151,Lekki,1,Flat,0,0,0,1.0,0,4,2,0,200000000.0
Newly Built 4 Bedroom Terrace Duplex For Rent,4,5,Old Ikoyi Ikoyi Lagos,6.4516268,3.4117815,5.595874965201447,17.89581566309951,Ikoyi,1,Terrace,0,0,1,1.25,0,5,4,1,100000000.0
Stunning 4 Bedroom Terrace Duplex,4,4,Orchid Lekki Lagos,6.4711251,3.8147504,39.0638334712576,53.23478511464151,Lekki,1,Terrace,0,0,0,1.0,0,4,4,0,95000000.0
5 Bedroom Detached Duplex,5,5,Ajah Lagos,6.4694716,3.5623861,11.300377211002502,27.53491907587076,Ajah,1,Detached Duplex,0,0,0,1.0,0,4,5,0,210000000.0
3 Bedroom Apartment,3,3,Lekki Conservation Center Lekki Lagos,6.4711251,3.8147504,39.0638334712576,53.23478511464151,Lekki,1,Flat,0,0,0,1.0,0,4,3,0,95000000.0
Contemporary 5 Bedroom Detached Duplex,5,5,Orchid Lekki Lagos,6.4711251,3.8147504,39.0638334712576,53.23478511464151,Lekki,1,Detached Duplex,0,0,0,1.0,0,4,5,0,310000000.0
Brand New 5 Bedroom Detached Duplex,5,5,Ologolo Lekki Lagos,6.4711251,3.8147504,39.0638334712576,53.23478511464151,Lekki,1,Detached Duplex,0,0,1,1.0,0,4,5,1,290000000.0
Stunning 2 Bedroom Apartment,2,2,Lekki Phase 1 Lekki Lagos,6.4711251,3.8147504,39.0638334712576,53.23478511464151,Lekki,1,Flat,0,0,0,1.0,0,4,2,0,300000000.0
5 Bedroom Detached Duplex,5,5,Old Ikoyi Ikoyi Lagos,6.4516268,3.4117815,5.595874965201447,17.89581566309951,Ikoyi,1,Detached Duplex,0,0,0,1.0,0,5,5,0,1700000000.0
Luxury 4 Bedroom Semi Detached Duplex,4,4,Orchid Lekki Lagos,6.4711251,3.8147504,39.0638334712576,53.23478511464151,Lekki,1,Detached Duplex,0,0,0,1.0,0,4,4,0,200000000.0
3 Bedroom Apartment,3,3,Orchid Lekki Lagos,6.4711251,3.8147504,39.0638334712576,53.23478511464151,Lekki,1,Flat,0,0,0,1.0,0,4,3,0,85000000.0
Stunning 5 Bedroom Terraced Duplex,5,5,Lekki Phase 1 Lekki Lagos,6.4711251,3.8147504,39.0638334712576,53.23478511464151,Lekki,1,Terrace,0,0,0,1.0,0,4,5,0,3200000000.0
Y4 Bedroom Detached Duplex,4,4,Ajah Lagos,6.4694716,3.5623861,11.300377211002502,27.53491907587076,Ajah,1,Detached Duplex,0,0,0,1.0,0,4,4,0,220000000.0
Brand New 5 Bedroom Detached Duplex,5,5,Ikota Lekki Lagos,6.4711251,3.8147504,39.0638334712576,53.23478511464151,Lekki,1,Detached Duplex,0,0,1,1.0,0,4,5,1,430000000.0
Contemporary 5 Bedroom Detached Duplex,5,5,Sangotedo Ajah Lagos,6.4694716,3.5623861,11.300377211002502,27.53491907587076,Ajah,1,Detached Duplex,0,0,0,1.0,0,4,5,0,170000000.0
Luxury 5 Bedroom Detached Duplex,5,5,Ajah Lagos,6.4694716,3.5623861,11.300377211002502,27.53491907587076,Ajah,1,Detached Duplex,0,0,0,1.0,0,4,5,0,1200000000.0
3 Bedroom Terrace Duplex,3,3,Sangotedo Ajah Lagos,6.4694716,3.5623861,11.300377211002502,27.53491907587076,Ajah,1,Terrace,0,0,0,1.0,0,4,3,0,80000000.0
Serviced 3 Bedroom Apartment,3,3,Ikate Lekki Lagos,6.4711251,3.8147504,39.0638334712576,53.23478511464151,Lekki,1,Flat,0,0,0,1.0,1,4,3,1,180000000.0
5 Bedroom Detached Duplex,5,5,Osapa London Lekki Lagos,6.4711251,3.8147504,39.0638334712576,53.23478511464151,Lekki,1,Detached Duplex,0,0,0,1.0,0,4,5,0,1600000000.0
Stunning 5 Bedroom Detached Duplex,5,5,Lekki Phase 1 Lekki Lagos,6.4711251,3.8147504,39.0638334712576,53.23478511464151,Lekki,1,Detached Duplex,0,0,0,1.0,0,4,5,0,850000000.0
3 Bedroom Apartment,3,3,Ikate Lekki Lagos,6.4711251,3.8147504,39.0638334712576,53.23478511464151,Lekki,1,Flat,0,0,0,1.0,0,4,3,0,250000000.0
Spacious 2 Bedroom Apartment,2,2,Lekki Phase 1 Lekki Lagos,6.4711251,3.8147504,39.0638334712576,53.23478511464151,Lekki,1,Flat,0,0,0,1.0,0,4,2,0,330000000.0
Affordable 2 Bedroom Apartment,2,2,Ikate Lekki Lagos,6.4711251,3.8147504,39.0638334712576,53.23478511464151,Lekki,1,Flat,0,0,0,1.0,0,4,2,0,220000000.0
4 Bedroom Semi Detached Duplex,4,4,Agungi Lekki Lagos,6.4711251,3.8147504,39.0638334712576,53.23478511464151,Lekki,1,Detached Duplex,0,0,0,1.0,0,4,4,0,295000000.0
3 Bedroom Apartment,3,3,Ikate Lekki Lagos,6.4711251,3.8147504,39.0638334712576,53.23478511464151,Lekki,1,Flat,0,0,0,1.0,0,4,3,0,210000000.0
5 Bedroom Semi Detached Duplex,5,5,Ikate Lekki Lagos,6.4711251,3.8147504,39.0638334712576,53.23478511464151,Lekki,1,Detached Duplex,0,0,0,1.0,0,4,5,0,850000000.0
5 Bedroom Semi Detached Duplex,5,5,Ikate Lekki Lagos,6.4711251,3.8147504,39.0638334712576,53.23478511464151,Lekki,1,Detached Duplex,0,0,0,1.0,0,4,5,0,990000000.0
3 Bedroom Terrace Duplex,3,3,Orchid Lekki Lagos,6.4711251,3.8147504,39.0638334712576,53.23478511464151,Lekki,1,Terrace,0,0,0,1.0,0,4,3,0,150000000.0
Stunning 4 Bedroom Detached Duplex,4,4,Ikate Lekki Lagos,6.4711251,3.8147504,39.0638334712576,53.23478511464151,Lekki,1,Detached Duplex,0,0,0,1.0,0,4,4,0,300000000.0
Serviced 2 Bedroom Apartment,2,2,Lekki Phase 1 Lekki Lagos,6.4711251,3.8147504,39.0638334712576,53.23478511464151,Lekki,1,Flat,0,0,0,1.0,1,4,2,1,270000000.0
5 Bedroom Detached Duplex,5,5,Sangotedo Ajah Lagos,6.4694716,3.5623861,11.300377211002502,27.53491907587076,Ajah,1,Detached Duplex,0,0,0,1.0,0,4,5,0,240000000.0
3 Bedroom Detached Duplex,3,3,General Paint Ajah Lagos,6.4694716,3.5623861,11.300377211002502,27.53491907587076,Ajah,1,Detached Duplex,0,0,0,1.0,0,4,3,0,140000000.0
4 Bedroom Semi Detached Duplex,4,4,Vgc Lekki Lagos,6.4711251,3.8147504,39.0638334712576,53.23478511464151,Lekki,1,Detached Duplex,0,0,0,1.0,0,4,4,0,210000000.0
6 Bedroom Detached Duplex,6,6,Chevron Lekki Lagos,6.4711251,3.8147504,39.0638334712576,53.23478511464151,Lekki,1,Detached Duplex,0,0,0,1.0,0,4,6,0,260000000.0
4 Bedroom Detached Duplex,4,4,Ajah Lagos,6.4694716,3.5623861,11.300377211002502,27.53491907587076,Ajah,1,Detached Duplex,0,0,0,1.0,0,4,4,0,190000000.0
Contemporary 4 Bedroom Semi Detached Duplex,4,4,Ajah Lagos,6.4694716,3.5623861,11.300377211002502,27.53491907587076,Ajah,1,Detached Duplex,0,0,0,1.0,0,4,4,0,165000000.0
Massive 5 Bedroom Detached Duplex,5,5,Ajah Lagos,6.4694716,3.5623861,11.300377211002502,27.53491907587076,Ajah,1,Detached Duplex,0,0,0,1.0,0,4,5,0,275000000.0
Brand New 5 Bedroom Detached Duplex,5,5,Ikota Lekki Lagos,6.4711251,3.8147504,39.0638334712576,53.23478511464151,Lekki,1,Detached Duplex,0,0,1,1.0,0,4,5,1,600000000.0
5 Bedroom Detached Duplex,5,5,Ikota Lekki Lagos,6.4711251,3.8147504,39.0638334712576,53.23478511464151,Lekki,1,Detached Duplex,0,0,0,1.0,0,4,5,0,580000000.0
4 Bedroom Detached Duplex,4,4,Ajah Lagos,6.4694716,3.5623861,11.300377211002502,27.53491907587076,Ajah,1,Detached Duplex,0,0,0,1.0,0,4,4,0,180000000.0
5 Bedroom Detached Duplex,5,5,Ologolo Lekki Lagos,6.4711251,3.8147504,39.0638334712576,53.23478511464151,Lekki,1,Detached Duplex,0,0,0,1.0,0,4,5,0,350000000.0
Exquisite 5 Bedroom Detached Duplex,5,5,Orchid Lekki Lagos,6.4711251,3.8147504,39.0638334712576,53.23478511464151,Lekki,1,Detached Duplex,0,0,0,1.0,0,4,5,0,650000000.0
5 Bedroom Fully Detached Duplex,5,5,Chevron Lekki Lagos,6.4711251,3.8147504,39.0638334712576,53.23478511464151,Lekki,1,Detached Duplex,0,0,0,1.0,0,4,5,0,650000000.0
4 Bedroom Semi Detached Duplex,4,4,Ikate Lekki Lagos,6.4711251,3.8147504,39.0638334712576,53.23478511464151,Lekki,1,Detached Duplex,0,0,0,1.0,0,4,4,0,860000000.0
Stunning 3 Bedroom Terrace Duplex,3,3,Orchid Lekki Lagos,6.4711251,3.8147504,39.0638334712576,53.23478511464151,Lekki,1,Terrace,0,0,0,1.0,0,4,3,0,95000000.0
Stunning 5 Bedroom Detached Duplex,5,5,Orchid Lekki Lagos,6.4711251,3.8147504,39.0638334712576,53.23478511464151,Lekki,1,Detached Duplex,0,0,0,1.0,0,4,5,0,650000000.0
Contemporary 5 Bedroom Detached Duplex,5,5,Chevron Lekki Lagos,6.4711251,3.8147504,39.0638334712576,53.23478511464151,Lekki,1,Detached Duplex,0,0,0,1.0,0,4,5,0,420000000.0
4 Bedroom Detached Duplex,4,4,Chevron Lekki Lagos,6.4711251,3.8147504,39.0638334712576,53.23478511464151,Lekki,1,Detached Duplex,0,0,0,1.0,0,4,4,0,300000000.0
Stunning 5 Bedroom Detached Duplex,5,5,Chevron Lekki Lagos,6.4711251,3.8147504,39.0638334712576,53.23478511464151,Lekki,1,Detached Duplex,0,0,0,1.0,0,4,5,0,750000000.0
Massive 6 Bedroom Detached Duplex,6,6,Ikate Lekki Lagos,6.4711251,3.8147504,39.0638334712576,53.23478511464151,Lekki,1,Detached Duplex,0,0,0,1.0,0,4,6,0,2000000000.0
Contemporary 4 Bedroom Semi Detached Duplex,4,4,Orchid Lekki Lagos,6.4711251,3.8147504,39.0638334712576,53.23478511464151,Lekki,1,Detached Duplex,0,0,0,1.0,0,4,4,0,200000000.0
Stunning 5 Bedroom Detached Duplex,5,5,Lekki Phase 1 Lekki Lagos,6.4711251,3.8147504,39.0638334712576,53.23478511464151,Lekki,1,Detached Duplex,0,0,0,1.0,0,4,5,0,750000000.0
Stunning 5 Bedroom Detached Duplex,5,5,Chevron Lekki Lagos,6.4711251,3.8147504,39.0638334712576,53.23478511464151,Lekki,1,Detached Duplex,0,0,0,1.0,0,4,5,0,360000000.0
Lovely 5 Bedroom Detached Duplex,5,5,Ikate Lekki Lagos,6.4711251,3.8147504,39.0638334712576,53.23478511464151,Lekki,1,Detached Duplex,0,0,0,1.0,0,4,5,0,980000000.0
Lovely 5 Bedroom Detached Duplex,4,4,Ikota Lekki Lagos,6.4711251,3.8147504,39.0638334712576,53.23478511464151,Lekki,1,Detached Duplex,0,0,0,1.0,0,4,4,0,300000000.0
Massive 4 Bedroom Terraced Duplex,4,4,Ikoyi Lagos,6.4516268,3.4117815,5.595874965201447,17.89581566309951,Ikoyi,1,Terrace,0,0,0,1.0,0,5,4,0,1400000000.0
Lovely 2 Bedroom Apartment,2,2,Victoria Island Lagos,6.4300279,3.4259904,4.5315928067815925,20.705813048742375,Victoria Island,1,Flat,0,0,0,1.0,0,5,2,0,450000000.0
5 Bedroom Detached Duplex,5,5,Lekki Phase 1 Lekki Lagos,6.4711251,3.8147504,39.0638334712576,53.23478511464151,Lekki,1,Detached Duplex,0,0,0,1.0,0,4,5,0,950000000.0
Serviced 1 Bedroom Apartment,1,1,Orchid Lekki Lagos,6.4711251,3.8147504,39.0638334712576,53.23478511464151,Lekki,1,Flat,0,0,0,1.0,1,4,1,1,80000000.0
5 Bedroom Detached Duplex,5,5,Ikota Lekki Lagos,6.4711251,3.8147504,39.0638334712576,53.23478511464151,Lekki,1,Detached Duplex,0,0,0,1.0,0,4,5,0,650000000.0
4 Bedroom Terraced Duplex,4,4,Ikate Lekki Lagos,6.4711251,3.8147504,39.0638334712576,53.23478511464151,Lekki,1,Terrace,0,0,0,1.0,0,4,4,0,220000000.0
4 Bedroom Detached Duplex,4,4,Ikota Lekki Lagos,6.4711251,3.8147504,39.0638334712576,53.23478511464151,Lekki,1,Detached Duplex,0,0,0,1.0,0,4,4,0,220000000.0
5 Bedroom Detached Duplex,5,5,Osapa London Lekki Lagos,6.4711251,3.8147504,39.0638334712576,53.23478511464151,Lekki,1,Detached Duplex,0,0,0,1.0,0,4,5,0,180000000.0
Brand New 5 Bedroom Detached Duplex,5,5,Osapa London Lekki Lagos,6.4711251,3.8147504,39.0638334712576,53.23478511464151,Lekki,1,Detached Duplex,0,0,1,1.0,0,4,5,1,900000000.0
2 Bedroom Apartment,2,2,Ikota Lekki Lagos,6.4711251,3.8147504,39.0638334712576,53.23478511464151,Lekki,1,Flat,0,0,0,1.0,0,4,2,0,70000000.0
2 Bedroom Terrace Duplex,2,2,Ikate Lekki Lagos,6.4711251,3.8147504,39.0638334712576,53.23478511464151,Lekki,1,Terrace,0,0,0,1.0,0,4,2,0,150000000.0
Stunning 5 Bedroom Detached Duplex,5,5,Idado Lekki Lagos,6.4711251,3.8147504,39.0638334712576,53.23478511464151,Lekki,1,Detached Duplex,0,0,0,1.0,0,4,5,0,260000000.0
Serviced 4 Bedroom Terraced Duplex,4,4,Lekki Phase 1 Lekki Lagos,6.4711251,3.8147504,39.0638334712576,53.23478511464151,Lekki,1,Terrace,0,0,0,1.0,1,4,4,1,300000000.0
4 Bedroom Semi Detached Duplex,4,4,Ikate Lekki Lagos,6.4711251,3.8147504,39.0638334712576,53.23478511464151,Lekki,1,Detached Duplex,0,0,0,1.0,0,4,4,0,950000000.0
2 Bedroom Apartment,2,3,Ikate Lekki Lagos,6.4711251,3.8147504,39.0638334712576,53.23478511464151,Lekki,1,Flat,0,0,0,1.5,0,4,2,0,195000000.0
Contemporary 4 Bedroom Detached Duplex,4,4,Ajah Lagos,6.4694716,3.5623861,11.300377211002502,27.53491907587076,Ajah,1,Detached Duplex,0,0,0,1.0,0,4,4,0,220000000.0
5 Bedroom Detached Duplex,5,5,Lekki County Ikota Lekki Lagos,6.4711251,3.8147504,39.0638334712576,53.23478511464151,Lekki,1,Detached Duplex,0,0,0,1.0,0,4,5,0,390000000.0
Lovely 2 Bedroom Apartment,2,2,Ologolo Lekki Lagos,6.4711251,3.8147504,39.0638334712576,53.23478511464151,Lekki,1,Flat,0,0,0,1.0,0,4,2,0,135000000.0
4 Bedroom Apartment,4,4,Ikoyi Lagos,6.4516268,3.4117815,5.595874965201447,17.89581566309951,Ikoyi,1,Flat,0,0,0,1.0,0,5,4,0,1200000.0
2 Bedroom Apartment,2,2,Lekki Phase 1 Lekki Lagos,6.4711251,3.8147504,39.0638334712576,53.23478511464151,Lekki,1,Flat,0,0,0,1.0,0,4,2,0,230000000.0
3 Bedroom Terrace Duplex,3,3,Ikota Lekki Lagos,6.4711251,3.8147504,39.0638334712576,53.23478511464151,Lekki,1,Terrace,0,0,0,1.0,0,4,3,0,160000000.0
Contemporary 4 Bedroom Semi Detached Duplex,4,4,Orchid Lekki Lagos,6.4711251,3.8147504,39.0638334712576,53.23478511464151,Lekki,1,Detached Duplex,0,0,0,1.0,0,4,4,0,180000000.0
Lovely 4 Bedroom Terraced Duplex,4,4,Orchid Lekki Lagos,6.4711251,3.8147504,39.0638334712576,53.23478511464151,Lekki,1,Terrace,0,0,0,1.0,0,4,4,0,180000000.0
4 Bedroom Semi Detached Duplex,4,4,Ologolo Lekki Lagos,6.4711251,3.8147504,39.0638334712576,53.23478511464151,Lekki,1,Detached Duplex,0,0,0,1.0,0,4,4,0,160000000.0
Contemporary 4 Bedroom Detached Duplex,4,4,Sangotedo Ajah Lagos,6.4694716,3.5623861,11.300377211002502,27.53491907587076,Ajah,1,Detached Duplex,0,0,0,1.0,0,4,4,0,130000000.0
4 Bedroom Terrace Duplex,4,4,Ikate Lekki Lagos,6.4711251,3.8147504,39.0638334712576,53.23478511464151,Lekki,1,Terrace,0,0,0,1.0,0,4,4,0,350000000.0
Lovely 2 Bedroom Apartment,2,2,Lekki Phase 1 Lekki Lagos,6.4711251,3.8147504,39.0638334712576,53.23478511464151,Lekki,1,Flat,0,0,0,1.0,0,4,2,0,190000000.0
4 Bedroom Semi Detached Duplex,4,4,Ikota Lekki Lagos,6.4711251,3.8147504,39.0638334712576,53.23478511464151,Lekki,1,Detached Duplex,0,0,0,1.0,0,4,4,0,120000000.0
Serviced 2 Bedroom Apartment,2,2,Lekki Phase 1 Lekki Lagos,6.4711251,3.8147504,39.0638334712576,53.23478511464151,Lekki,1,Flat,0,0,0,1.0,1,4,2,1,250000000.0
Contemporary 5 Bedroom Detached Duplex,5,5,By Cowrie Creek Ikate Lekki Lagos,6.4711251,3.8147504,39.0638334712576,53.23478511464151,Lekki,1,Detached Duplex,0,0,0,1.0,0,4,5,0,750000000.0
5 Bedroom Detached Duplex,5,5,Lekki Phase 1 Lekki Lagos,6.4711251,3.8147504,39.0638334712576,53.23478511464151,Lekki,1,Detached Duplex,0,0,0,1.0,0,4,5,0,1300000000.0
2 Bedroom Apartment,2,2,Ikate Lekki Lagos,6.4711251,3.8147504,39.0638334712576,53.23478511464151,Lekki,1,Flat,0,0,0,1.0,0,4,2,0,95000000.0
Brand New 5 Bedroom Detached Duplex,5,5,Chevron Lekki Lagos,6.4711251,3.8147504,39.0638334712576,53.23478511464151,Lekki,1,Detached Duplex,0,0,1,1.0,0,4,5,1,470000000.0
4 Bedroom Terraced Duplex,4,4,Osapa London Lekki Lagos,6.4711251,3.8147504,39.0638334712576,53.23478511464151,Lekki,1,Terrace,0,0,0,1.0,0,4,4,0,230000000.0
2 Bedroom Apartment,2,2,Lekki Conservation Center Lekki Lagos,6.4711251,3.8147504,39.0638334712576,53.23478511464151,Lekki,1,Flat,0,0,0,1.0,0,4,2,0,95000000.0
4 Bedroom Detached Duplex,4,4,Victory Park Estate Osapa London Lekki Lagos,6.4711251,3.8147504,39.0638334712576,53.23478511464151,Lekki,1,Detached Duplex,0,0,0,1.0,0,4,4,0,1000000000.0
Lovely 4 Bedroom Terraced Duplex,4,4,Orchid Lekki Lagos,6.4711251,3.8147504,39.0638334712576,53.23478511464151,Lekki,1,Terrace,0,0,0,1.0,0,4,4,0,115000000.0
Lovely 5 Bedroom Detached Duplex,5,5,Ikota Lekki Lagos,6.4711251,3.8147504,39.0638334712576,53.23478511464151,Lekki,1,Detached Duplex,0,0,0,1.0,0,4,5,0,650000000.0
4 Bedroom Semi Detached Duplex,4,4,Chevron Lekki Lagos,6.4711251,3.8147504,39.0638334712576,53.23478511464151,Lekki,1,Detached Duplex,0,0,0,1.0,0,4,4,0,190000000.0
Stunning 4 Bedroom Terraced Duplex,4,4,Ikoyi Lagos,6.4516268,3.4117815,5.595874965201447,17.89581566309951,Ikoyi,1,Terrace,0,0,0,1.0,0,5,4,0,1400000000.0
4 Bedroom Terraced Duplex,4,4,Chevron Lekki Lagos,6.4711251,3.8147504,39.0638334712576,53.23478511464151,Lekki,1,Terrace,0,0,0,1.0,0,4,4,0,200000000.0
2 Bedroom Penthouse,2,2,Lekki Phase 1 Lekki Lagos,6.4711251,3.8147504,39.0638334712576,53.23478511464151,Lekki,1,Other,0,0,0,1.0,0,4,2,0,330000000.0
Spacious 2 Bedroom Apartment,2,2,Sangotedo Ajah Lagos,6.4694716,3.5623861,11.300377211002502,27.53491907587076,Ajah,1,Flat,0,0,0,1.0,0,4,2,0,48000000.0
5 Bedroom Detached Duplex,5,5,Chevron Lekki Lagos,6.4711251,3.8147504,39.0638334712576,53.23478511464151,Lekki,1,Detached Duplex,0,0,0,1.0,0,4,5,0,730000000.0
1 Bedroom Apartment,1,1,Ologolo Lekki Lagos,6.4711251,3.8147504,39.0638334712576,53.23478511464151,Lekki,1,Flat,0,0,0,1.0,0,4,1,0,70000000.0
Spacious 5 Bedroom Detached Duplex,5,5,Ajah Lagos,6.4694716,3.5623861,11.300377211002502,27.53491907587076,Ajah,1,Detached Duplex,0,0,0,1.0,0,4,5,0,250000000.0
Serviced 4 Bedroom Townhouse,4,4,Ikate Lekki Lagos,6.4711251,3.8147504,39.0638334712576,53.23478511464151,Lekki,1,Other,0,0,0,1.0,1,4,4,1,280000000.0
4 Bedroom Semi Detached Duplex,4,4,Osapa London Lekki Lagos,6.4711251,3.8147504,39.0638334712576,53.23478511464151,Lekki,1,Detached Duplex,0,0,0,1.0,0,4,4,0,170000000.0
4 Bedroom Semi Detached Duplex With Bq,4,4,Ikate Lekki Lagos,6.4711251,3.8147504,39.0638334712576,53.23478511464151,Lekki,1,Detached Duplex,0,1,0,1.0,0,4,4,0,300000000.0
3 Bedroom Apartment,3,3,Ikate Lekki Lagos,6.4711251,3.8147504,39.0638334712576,53.23478511464151,Lekki,1,Flat,0,0,0,1.0,0,4,3,0,90000000.0
4 Bedroom Terraced Duplex,4,4,Osapa London Lekki Lagos,6.4711251,3.8147504,39.0638334712576,53.23478511464151,Lekki,1,Terrace,0,0,0,1.0,0,4,4,0,350000000.0
2 Bedroom Apartment,2,2,Chevron Lekki Lagos,6.4711251,3.8147504,39.0638334712576,53.23478511464151,Lekki,1,Flat,0,0,0,1.0,0,4,2,0,120000000.0
5 Bedroom Detached Duplex,5,5,Osapa London Lekki Lagos,6.4711251,3.8147504,39.0638334712576,53.23478511464151,Lekki,1,Detached Duplex,0,0,0,1.0,0,4,5,0,1400000000.0
5 Bedroom Detached Duplex,5,5,Ologolo Lekki Lagos,6.4711251,3.8147504,39.0638334712576,53.23478511464151,Lekki,1,Detached Duplex,0,0,0,1.0,0,4,5,0,470000000.0
4 Bedroom Semi Detached Duplex,4,4,Agungi Lekki Lagos,6.4711251,3.8147504,39.0638334712576,53.23478511464151,Lekki,1,Detached Duplex,0,0,0,1.0,0,4,4,0,175000000.0
20 Units Of Mini Flat,1,0,Victoria Island Lagos,6.4300279,3.4259904,4.5315928067815925,20.705813048742375,Victoria Island,1,Flat,0,0,0,0.0,0,5,1,0,10000000.0
4 Bedroom Detached Duplex,4,4,Ajah Lagos,6.4694716,3.5623861,11.300377211002502,27.53491907587076,Ajah,1,Detached Duplex,0,0,0,1.0,0,4,4,0,155000000.0
Fully Automated 5 Bedroom Detached Duplex,5,5,Osapa London Lekki Lagos,6.4711251,3.8147504,39.0638334712576,53.23478511464151,Lekki,1,Detached Duplex,0,0,0,1.0,0,4,5,0,2300000000.0
Luxury 5 Bedroom Detached Duplex,5,5,Ikoyi Lagos,6.4516268,3.4117815,5.595874965201447,17.89581566309951,Ikoyi,1,Detached Duplex,0,0,0,1.0,0,5,5,0,4500000.0
Stunning 4 Bedroom Semi Detached Duplex,4,4,Ologolo Lekki Lagos,6.4711251,3.8147504,39.0638334712576,53.23478511464151,Lekki,1,Detached Duplex,0,0,0,1.0,0,4,4,0,200000000.0
4 Bedroom Fully Detached Duplex,4,4,Ologolo Lekki Lagos,6.4711251,3.8147504,39.0638334712576,53.23478511464151,Lekki,1,Detached Duplex,0,0,0,1.0,0,4,4,0,280000000.0
Lovely 3 Bedroom Apartment,3,3,Ikate Lekki Lagos,6.4711251,3.8147504,39.0638334712576,53.23478511464151,Lekki,1,Flat,0,0,0,1.0,0,4,3,0,195000000.0
5 Bedroom Detached Duplex,5,5,Chevron Lekki Lagos,6.4711251,3.8147504,39.0638334712576,53.23478511464151,Lekki,1,Detached Duplex,0,0,0,1.0,0,4,5,0,300000000.0
5 Bedroom Detached Duplex,5,5,Orchid Lekki Lagos,6.4711251,3.8147504,39.0638334712576,53.23478511464151,Lekki,1,Detached Duplex,0,0,0,1.0,0,4,5,0,500000000.0
Massive 5 Bedroom Detached Duplex,5,5,Megamound Estate Ikota Lekki Lagos,6.4711251,3.8147504,39.0638334712576,53.23478511464151,Lekki,1,Detached Duplex,0,0,0,1.0,0,4,5,0,550000000.0
Lovely 4 Bedroom Terraced Duplex,4,4,Ikate Lekki Lagos,6.4711251,3.8147504,39.0638334712576,53.23478511464151,Lekki,1,Terrace,0,0,0,1.0,0,4,4,0,350000000.0
4 Bedroom Detached Duplex With Bq,4,4,Ajah Lagos,6.4694716,3.5623861,11.300377211002502,27.53491907587076,Ajah,1,Detached Duplex,0,1,0,1.0,0,4,4,0,220000000.0
2 Bedroom Apartment,2,2,Ikate Lekki Lagos,6.4711251,3.8147504,39.0638334712576,53.23478511464151,Lekki,1,Flat,0,0,0,1.0,0,4,2,0,100000000.0
4 Bedroom Terraced Duplex,4,4,Ikoyi Lagos,6.4516268,3.4117815,5.595874965201447,17.89581566309951,Ikoyi,1,Terrace,0,0,0,1.0,0,5,4,0,600000000.0
3 Bedroom Apartment,3,3,Victoria Island Lagos,6.4300279,3.4259904,4.5315928067815925,20.705813048742375,Victoria Island,1,Flat,0,0,0,1.0,0,5,3,0,500000000.0
Lovely 2 Bedroom Apartment,2,2,Orchid Lekki Lagos,6.4711251,3.8147504,39.0638334712576,53.23478511464151,Lekki,1,Flat,0,0,0,1.0,0,4,2,0,90000000.0
Spacious 4 Bedroom Semi Detached Duplex,4,4,Ajah Lagos,6.4694716,3.5623861,11.300377211002502,27.53491907587076,Ajah,1,Detached Duplex,0,0,0,1.0,0,4,4,0,140000000.0
Newly Built 4 Bedroom Semi Detached Duplex,4,4,Orchid Lekki Lagos,6.4711251,3.8147504,39.0638334712576,53.23478511464151,Lekki,1,Detached Duplex,0,0,1,1.0,0,4,4,1,180000000.0
Stunning 4 Bedroom Semi Detached Duplex,4,4,Lekki Phase 1 Lekki Lagos,6.4711251,3.8147504,39.0638334712576,53.23478511464151,Lekki,1,Detached Duplex,0,0,0,1.0,0,4,4,0,650000000.0
Stunning 5 Bedroom Detached Duplex,5,5,Ikate Lekki Lagos,6.4711251,3.8147504,39.0638334712576,53.23478511464151,Lekki,1,Detached Duplex,0,0,0,1.0,0,4,5,0,420000000.0
5 Bedroom Detached Duplex,5,5,Ikota Lekki Lagos,6.4711251,3.8147504,39.0638334712576,53.23478511464151,Lekki,1,Detached Duplex,0,0,0,1.0,0,4,5,0,600000000.0
5 Bedroom Detached Duplex,5,5,Megamound Estate Ikota Lekki Lagos,6.4711251,3.8147504,39.0638334712576,53.23478511464151,Lekki,1,Detached Duplex,0,0,0,1.0,0,4,5,0,550000000.0
2 Bedroom Maisonette,2,2,Ikate Lekki Lagos,6.4711251,3.8147504,39.0638334712576,53.23478511464151,Lekki,1,Other,0,0,0,1.0,0,4,2,0,252000000.0
Contemporary 5 Bedroom Detached Duplex,5,5,Chevron Lekki Lagos,6.4711251,3.8147504,39.0638334712576,53.23478511464151,Lekki,1,Detached Duplex,0,0,0,1.0,0,4,5,0,390000000.0
5 Bedroom Detached Duplex,5,0,Ikota Lekki Lagos,6.4711251,3.8147504,39.0638334712576,53.23478511464151,Lekki,1,Detached Duplex,0,0,0,0.0,0,4,5,0,370000000.0
Lovely 4 Bedroom Detached Duplex,4,4,Orchid Lekki Lagos,6.4711251,3.8147504,39.0638334712576,53.23478511464151,Lekki,1,Detached Duplex,0,0,0,1.0,0,4,4,0,300000000.0
Lovely 2 Bedroom Apartment,2,2,Victoria Island Lagos,6.4300279,3.4259904,4.5315928067815925,20.705813048742375,Victoria Island,1,Flat,0,0,0,1.0,0,5,2,0,380000000.0
Luxury 5 Bedroom Detached Duplex,5,5,Ikota Lekki Lagos,6.4711251,3.8147504,39.0638334712576,53.23478511464151,Lekki,1,Detached Duplex,0,0,0,1.0,0,4,5,0,350000000.0
Contemporary 4 Bedroom Detached Duplex,4,4,Osapa London Lekki Lagos,6.4711251,3.8147504,39.0638334712576,53.23478511464151,Lekki,1,Detached Duplex,0,0,0,1.0,0,4,4,0,850000000.0
5 Bedroom Detached Duplex With Bq,5,5,Ikate Lekki Lagos,6.4711251,3.8147504,39.0638334712576,53.23478511464151,Lekki,1,Detached Duplex,0,1,0,1.0,0,4,5,0,750000000.0
Contemporary 5 Bedroom Detached Duplex,5,5,Lekki Phase 1 Lekki Lagos,6.4711251,3.8147504,39.0638334712576,53.23478511464151,Lekki,1,Detached Duplex,0,0,0,1.0,0,4,5,0,800000000.0
Lovely 4 Bedroom Semi Detached Duplex,4,4,Orchid Lekki Lagos,6.4711251,3.8147504,39.0638334712576,53.23478511464151,Lekki,1,Detached Duplex,0,0,0,1.0,0,4,4,0,170000000.0
5 Bedroom Detached Duplex,5,5,Ikota Lekki Lagos,6.4711251,3.8147504,39.0638334712576,53.23478511464151,Lekki,1,Detached Duplex,0,0,0,1.0,0,4,5,0,200000000.0
4 Bedroom Detached Duplex,0,0,Osapa London Lekki Lagos,6.4711251,3.8147504,39.0638334712576,53.23478511464151,Lekki,1,Detached Duplex,0,0,0,0.0,0,4,0,0,950000000.0
6 Bedroom Detached Duplex,6,6,Ikoyi Lagos,6.4516268,3.4117815,5.595874965201447,17.89581566309951,Ikoyi,1,Detached Duplex,0,0,0,1.0,0,5,6,0,1700000.0
Brand New 5 Bedroom Detached Duplex,5,5,Ikoyi Lagos,6.4516268,3.4117815,5.595874965201447,17.89581566309951,Ikoyi,1,Detached Duplex,0,0,1,1.0,0,5,5,1,5000000.0
4 Bedroom Detached Duplex,4,4,Ikota Lekki Lagos,6.4711251,3.8147504,39.0638334712576,53.23478511464151,Lekki,1,Detached Duplex,0,0,0,1.0,0,4,4,0,270000000.0
4 Bedroom Detached Duplex,4,4,Ikota Lekki Lagos,6.4711251,3.8147504,39.0638334712576,53.23478511464151,Lekki,1,Detached Duplex,0,0,0,1.0,0,4,4,0,230000000.0
Lovely 5 Bedroom Detached Duplex,5,5,Orchid Lekki Lagos,6.4711251,3.8147504,39.0638334712576,53.23478511464151,Lekki,1,Detached Duplex,0,0,0,1.0,0,4,5,0,350000000.0
4 Bedroom Terraced Duplex,4,4,Ikate Lekki Lagos,6.4711251,3.8147504,39.0638334712576,53.23478511464151,Lekki,1,Terrace,0,0,0,1.0,0,4,4,0,280000000.0
6 Bedroom Detached Duplex,6,6,Ikate Lekki Lagos,6.4711251,3.8147504,39.0638334712576,53.23478511464151,Lekki,1,Detached Duplex,0,0,0,1.0,0,4,6,0,1700000000.0
5 Bedroom Detached Duplex,5,5,Ikota Lekki Lagos,6.4711251,3.8147504,39.0638334712576,53.23478511464151,Lekki,1,Detached Duplex,0,0,0,1.0,0,4,5,0,380000000.0
Lovely 3 Bedroom Apartment,3,3,Victoria Island Lagos,6.4300279,3.4259904,4.5315928067815925,20.705813048742375,Victoria Island,1,Flat,0,0,0,1.0,0,5,3,0,480000000.0
4 Bedroom Townhouse,4,4,Orchid Lekki Lagos,6.4711251,3.8147504,39.0638334712576,53.23478511464151,Lekki,1,Other,0,0,0,1.0,0,4,4,0,280000000.0
5 Bedroom Semi Detached Duplex,5,5,Ikate Lekki Lagos,6.4711251,3.8147504,39.0638334712576,53.23478511464151,Lekki,1,Detached Duplex,0,0,0,1.0,0,4,5,0,450000000.0
5 Bedroom Detached Duplex With Bq,5,5,Orchid Lekki Lagos,6.4711251,3.8147504,39.0638334712576,53.23478511464151,Lekki,1,Detached Duplex,0,1,0,1.0,0,4,5,0,350000000.0
3 Bedroom Apartment,3,3,Ikate Lekki Lagos,6.4711251,3.8147504,39.0638334712576,53.23478511464151,Lekki,1,Flat,0,0,0,1.0,0,4,3,0,350000000.0
Lovely 4 Bedroom Semi Detached Duplex,4,4,Orchid Lekki Lagos,6.4711251,3.8147504,39.0638334712576,53.23478511464151,Lekki,1,Detached Duplex,0,0,0,1.0,0,4,4,0,250000000.0
Contemporary 5 Bedroom Detached Duplex,5,5,Chevron Lekki Lagos,6.4711251,3.8147504,39.0638334712576,53.23478511464151,Lekki,1,Detached Duplex,0,0,0,1.0,0,4,5,0,380000000.0
Stunning 5 Bedroom Detached Duplex,5,5,Ikota Lekki Lagos,6.4711251,3.8147504,39.0638334712576,53.23478511464151,Lekki,1,Detached Duplex,0,0,0,1.0,0,4,5,0,370000000.0
5 Bedroom Fully Detached Duplex,5,5,Chevron Lekki Lagos,6.4711251,3.8147504,39.0638334712576,53.23478511464151,Lekki,1,Detached Duplex,0,0,0,1.0,0,4,5,0,750000000.0
5 Bedroom Detached Duplex,5,5,Ikota Lekki Lagos,6.4711251,3.8147504,39.0638334712576,53.23478511464151,Lekki,1,Detached Duplex,0,0,0,1.0,0,4,5,0,250000000.0
5 Bedroom Detached Duplex,5,5,Ikate Lekki Lagos,6.4711251,3.8147504,39.0638334712576,53.23478511464151,Lekki,1,Detached Duplex,0,0,0,1.0,0,4,5,0,700000000.0
Contemporary 4 Bedroom Detached Duplex,4,4,Ajah Lagos,6.4694716,3.5623861,11.300377211002502,27.53491907587076,Ajah,1,Detached Duplex,0,0,0,1.0,0,4,4,0,160000000.0
4 Bedroom Semi Detached Duplex With Bq,4,4,Orchid Lekki Lagos,6.4711251,3.8147504,39.0638334712576,53.23478511464151,Lekki,1,Detached Duplex,0,1,0,1.0,0,4,4,0,210000000.0
New 4 Bedroom Terraced Duplex,4,5,"Magodo Phase 2, Magodo Gra Phase 1 Ojodu Lagos",6.6180809,3.3777821,20.90484087396468,3.4188985746987237,Magodo,0,Terrace,0,0,0,1.25,0,4,0,0,300000000.0
4 Bedroom Semi Detached Duplex,4,4,Orchid Lekki Lagos,6.4711251,3.8147504,39.0638334712576,53.23478511464151,Lekki,1,Detached Duplex,0,0,0,1.0,0,4,4,0,160000000.0
5 Bedroom Penthouse,5,5,Ikoyi Lagos,6.4516268,3.4117815,5.595874965201447,17.89581566309951,Ikoyi,1,Other,0,0,0,1.0,0,5,5,0,1500000.0
1 Bedroom Apartment,1,1,Chevron Lekki Lagos,6.4711251,3.8147504,39.0638334712576,53.23478511464151,Lekki,1,Flat,0,0,0,1.0,0,4,1,0,80000000.0
Brand New 4 Bedroom Terrace Duplex,4,4,Lekki Phase 1 Lekki Lagos,6.4711251,3.8147504,39.0638334712576,53.23478511464151,Lekki,1,Terrace,0,0,1,1.0,0,4,4,1,500000000.0
4 Bedroom Semi Detached Duplex,4,4,Orchid Lekki Lagos,6.4711251,3.8147504,39.0638334712576,53.23478511464151,Lekki,1,Detached Duplex,0,0,0,1.0,0,4,4,0,175000000.0
5 Bedroom Detached Duplex,5,5,Sangotedo Ajah Lagos,6.4694716,3.5623861,11.300377211002502,27.53491907587076,Ajah,1,Detached Duplex,0,0,0,1.0,0,4,5,0,190000000.0
Contemporary 5 Bedroom Detached Duplex,5,5,Ajah Lagos,6.4694716,3.5623861,11.300377211002502,27.53491907587076,Ajah,1,Detached Duplex,0,0,0,1.0,0,4,5,0,300000000.0
5 Bedroom Detached Duplex,5,5,Lekki Phase 1 Lekki Lagos,6.4711251,3.8147504,39.0638334712576,53.23478511464151,Lekki,1,Detached Duplex,0,0,0,1.0,0,4,5,0,820000000.0
4 Bedroom Detached Duplex With Bq,4,4,Orchid Lekki Lagos,6.4711251,3.8147504,39.0638334712576,53.23478511464151,Lekki,1,Detached Duplex,0,1,0,1.0,0,4,4,0,280000000.0
4 Bedroom Semi Detached Duplex,4,4,Orchid Lekki Lagos,6.4711251,3.8147504,39.0638334712576,53.23478511464151,Lekki,1,Detached Duplex,0,0,0,1.0,0,4,4,0,190000000.0
Modern 5 Bedroom Detached Duplex,5,5,Chevron Lekki Lagos,6.4711251,3.8147504,39.0638334712576,53.23478511464151,Lekki,1,Detached Duplex,0,0,0,1.0,0,4,5,0,420000000.0
Beautiful 4 Bedroom Penthouse,4,4,Victoria Island Lagos,6.4300279,3.4259904,4.5315928067815925,20.705813048742375,Victoria Island,1,Other,0,0,0,1.0,0,5,4,0,960000000.0
Contemporary 4 Bedroom Semi Detached Duplex,4,4,Ajah Lagos,6.4694716,3.5623861,11.300377211002502,27.53491907587076,Ajah,1,Detached Duplex,0,0,0,1.0,0,4,4,0,160000000.0
2 Bedroom Apartment,2,2,Chevron Lekki Lagos,6.4711251,3.8147504,39.0638334712576,53.23478511464151,Lekki,1,Flat,0,0,0,1.0,0,4,2,0,100000000.0
Luxury 5 Bedroom Detached Duplex,5,5,Lekki Phase 1 Lekki Lagos,6.4711251,3.8147504,39.0638334712576,53.23478511464151,Lekki,1,Detached Duplex,0,0,0,1.0,0,4,5,0,1500000000.0
5 Bedroom Detached Duplex,5,5,Ajah Lagos,6.4694716,3.5623861,11.300377211002502,27.53491907587076,Ajah,1,Detached Duplex,0,0,0,1.0,0,4,5,0,260000000.0
Newly Built 4 Bedroom Terrace Duplex,4,4,Orchid Lekki Lagos,6.4711251,3.8147504,39.0638334712576,53.23478511464151,Lekki,1,Terrace,0,0,1,1.0,0,4,4,1,100000000.0
Lovely 2 Bedroom Apartment,2,2,Ikate Lekki Lagos,6.4711251,3.8147504,39.0638334712576,53.23478511464151,Lekki,1,Flat,0,0,0,1.0,0,4,2,0,180000000.0
4 Bedroom Semi Detached Duplex,4,4,Ikota Lekki Lagos,6.4711251,3.8147504,39.0638334712576,53.23478511464151,Lekki,1,Detached Duplex,0,0,0,1.0,0,4,4,0,180000000.0
3 Bedroom Penthouse,3,3,Ikate Lekki Lagos,6.4711251,3.8147504,39.0638334712576,53.23478511464151,Lekki,1,Other,0,0,0,1.0,0,4,3,0,360000000.0
Lovely 4 Bedroom Semi Detached Duplex,4,4,Orchid Lekki Lagos,6.4711251,3.8147504,39.0638334712576,53.23478511464151,Lekki,1,Detached Duplex,0,0,0,1.0,0,4,4,0,210000000.0
Brand New 4 Bedroom Semi Detached Duplex,4,4,Orchid Lekki Lagos,6.4711251,3.8147504,39.0638334712576,53.23478511464151,Lekki,1,Detached Duplex,0,0,1,1.0,0,4,4,1,180000000.0
Lovely 6 Bedroom Detached Duplex,5,5,Ikate Lekki Lagos,6.4711251,3.8147504,39.0638334712576,53.23478511464151,Lekki,1,Detached Duplex,0,0,0,1.0,0,4,5,0,700000000.0
Contemporary 4 Bedroom Semi Detached Duplex,4,4,Ajah Lagos,6.4694716,3.5623861,11.300377211002502,27.53491907587076,Ajah,1,Detached Duplex,0,0,0,1.0,0,4,4,0,130000000.0
4 Bedroom Terrace Duplex,4,4,New Road Lekki Lagos,6.4711251,3.8147504,39.0638334712576,53.23478511464151,Lekki,1,Terrace,0,0,0,1.0,0,4,4,0,150000000.0
4 Bedroom Semi Detached Duplex,4,4,Agungi Lekki Lagos,6.4711251,3.8147504,39.0638334712576,53.23478511464151,Lekki,1,Detached Duplex,0,0,0,1.0,0,4,4,0,180000000.0
2 Bedroom Apartment,2,2,Ajah Lagos,6.4694716,3.5623861,11.300377211002502,27.53491907587076,Ajah,1,Flat,0,0,0,1.0,0,4,2,0,100000000.0
Contemporary 5 Bedroom Detached Duplex,5,5,Vgc Lekki Lagos,6.4711251,3.8147504,39.0638334712576,53.23478511464151,Lekki,1,Detached Duplex,0,0,0,1.0,0,4,5,0,380000000.0
Newly Built 10 Bedroom Detached Duplex,10,0,"First Unity Estate, Badore Ajah Lagos",6.4694716,3.5623861,11.300377211002502,27.53491907587076,Ajah,1,Detached Duplex,0,0,1,0.0,0,4,10,1,195000000.0
Spacious 3 Bedroom Terraced Duplexes With Bq,3,0,Agungi Lekki Lagos,6.4711251,3.8147504,39.0638334712576,53.23478511464151,Lekki,1,Terrace,0,1,0,0.0,0,4,3,0,850000000.0
Storey Building,5,0,Off Falolu Street Surulere Lagos,6.4855737,3.3539907,12.645023012159903,12.856266720612217,Surulere,0,Other,0,0,0,0.0,0,4,0,0,360000000.0
Lovely 4 Bedroom Terraced Duplex,4,0,"Abraham Adesanya, Ajah Lagos",6.4694716,3.5623861,11.300377211002502,27.53491907587076,Ajah,1,Terrace,0,0,0,0.0,0,4,4,0,90000000.0
1 Bedroom And Palour In Ikoyi,1,1,Dr Adewale Oshin Lekki Phase 1 Lekki Lagos,6.4711251,3.8147504,39.0638334712576,53.23478511464151,Lekki,1,Other,0,0,0,1.0,0,4,1,0,5000000.0
4 Bed Fully Detached Duplex With Office & Bq,4,0,Gra Scheme 1 Oko Oba Agege Lagos,6.6252516,3.3112096,25.67415712845598,5.155317650569243,Agege,0,Detached Duplex,0,1,0,0.0,0,4,0,0,350000000.0
4 Bedroom Terrace Duplex,4,0,"Hrc Estate, Harris Drive Vgc Lekki Lagos",6.4711251,3.8147504,39.0638334712576,53.23478511464151,Lekki,1,Terrace,0,0,0,0.0,0,4,4,0,125000000.0
5 Bedroom Detached Duplex With Bq,5,0,"Abiola Estate, Ayobo Ipaja Lagos",6.6072725,3.2842771,26.344770640138854,7.458481118377319,Ipaja,0,Detached Duplex,0,1,0,0.0,0,2,0,0,170000000.0
Mixed Used 4 Bedroom Detached+block Of Flats,4,0,"Off Kudirat Abiola Way, Oregun Ikeja Lagos",6.5974727,3.3432815,21.044803340125824,1.0271477798224158,Ikeja,0,Detached Duplex,0,0,0,0.0,0,5,0,0,250000000.0
Cornerpiece 5 Bedroom Terraced Duplex With Bq,5,0,"Elegushi, Ikate Lekki Lagos",6.4711251,3.8147504,39.0638334712576,53.23478511464151,Lekki,1,Terrace,0,1,0,0.0,0,4,5,0,195000000.0
4 Flats Of 3 Bedroom,3,0,"Unity Estate, Off Isiba Oluwo, Egbeda Alimosho Lagos",6.5843882,3.2575876,27.144835989600622,10.56259673623399,Alimosho,0,Flat,0,0,0,0.0,0,4,0,0,200000000.0
School,0,0,"Saliat B/s Off Idimu Road, Egbeda Alimosho Lagos",6.5843882,3.2575876,27.144835989600622,10.56259673623399,Alimosho,0,Other,0,0,0,0.0,0,4,0,0,340000000.0
Spacious 3 Bedroom Apartment With Bq,3,0,Yaba Lagos,6.5114693,3.3699982,12.327418636428003,10.196897835571315,Yaba,0,Flat,0,1,0,0.0,0,4,0,0,195000000.0
Spacious 4 Bedroom Bungalow With Bq,4,0,Awoyaya Ibeju Lekki Lagos,6.4711251,3.8147504,39.0638334712576,53.23478511464151,Lekki,1,Bungalow,0,1,0,0.0,0,4,4,0,45000000.0
4 Bedroom Semi Detached Duplex,4,0,"Off Admiralty Road, Lekki Phase 1 Lekki Lagos",6.4711251,3.8147504,39.0638334712576,53.23478511464151,Lekki,1,Detached Duplex,0,0,0,0.0,0,4,4,0,600000000.0
Structured 2 Units Of Duplex On 700sqm,0,0,"Immam Dauda Street, Surulere Lagos",6.4855737,3.3539907,12.645023012159903,12.856266720612217,Surulere,0,Duplex,0,0,0,0.0,0,4,0,0,750000000.0
Multi Purpose Commercial Building,0,0,Festac Town Amuwo Odofin Lagos,6.4682727,3.2839374,19.84483914421681,16.54964372319179,Festac,0,Other,0,0,0,0.0,0,4,0,0,2000000000.0
5 Bedroom Detached Duplex In 2 Floors+ Bq's,2,0,"Nicon Town Estate, Zone C, Ikate Lekki Lagos",6.4711251,3.8147504,39.0638334712576,53.23478511464151,Lekki,1,Detached Duplex,0,1,0,0.0,0,4,2,0,1250000000.0
Mixed Used 4 Units Of 3 Bedroom Flat,3,0,"Off Shoprite Road,cbd, Alausa Ikeja Lagos",6.5974727,3.3432815,21.044803340125824,1.0271477798224158,Ikeja,0,Flat,0,0,0,0.0,0,5,0,0,380000000.0
Filling Station,0,0,"Igando, Lasu Road, Alimosho Lagos",6.5843882,3.2575876,27.144835989600622,10.56259673623399,Alimosho,0,Other,0,0,0,0.0,0,4,0,0,650000000.0
Spacious 4 Bedroom Detached Duplex,4,0,Ogba Lagos,6.632608,3.3407753,24.350383789462544,3.607540599553692,Ogba,0,Detached Duplex,0,0,0,0.0,0,4,0,0,350000000.0
5 Bedroom Semi Detached Duplex With Bq,5,0,Ikeja Gra Ikeja Lagos,6.5974727,3.3432815,21.044803340125824,1.0271477798224158,Ikeja,0,Detached Duplex,0,1,0,0.0,0,5,0,0,350000000.0
3 Bedroom Flat,3,0,Mende Maryland Lagos,6.5731894,3.3699482,17.11608804854042,3.764744899090711,Maryland,0,Flat,0,0,0,0.0,0,4,0,0,90000000.0
5 Bedroom Fully Detached Duplex With 2 Bq,5,0,Lekki Lagos,6.4711251,3.8147504,39.0638334712576,53.23478511464151,Lekki,1,Detached Duplex,0,1,0,0.0,0,4,5,0,350000000.0
Solid Built 13 Rooms Twin Duplex/3 Bedroom Bungalow,10,0,"Off Oba Akran, Oba Akran Ikeja Lagos",6.5974727,3.3432815,21.044803340125824,1.0271477798224158,Ikeja,0,Bungalow,0,0,0,0.0,0,5,0,0,550000000.0
Well Built 2 Bedroom Penthouse Flat,2,0,"Off Nike Art Gallery, Ikate Lekki Lagos",6.4711251,3.8147504,39.0638334712576,53.23478511464151,Lekki,1,Flat,0,0,0,0.0,0,4,2,0,100000000.0
4 Bedroom Detached Duplex With 2 Bq,4,0,"Nacomyo Avenue, Off Lekki County Road, Ikota Lekki Lagos",6.4711251,3.8147504,39.0638334712576,53.23478511464151,Lekki,1,Detached Duplex,0,1,0,0.0,0,4,4,0,300000000.0
Newly Built 5 Bedroom Detached Duplex,5,0,Lakeview Park Phase 1 Lekki Lagos,6.4711251,3.8147504,39.0638334712576,53.23478511464151,Lekki,1,Detached Duplex,0,0,1,0.0,0,4,5,1,850000000.0
Magnificent 6 Bedroom Fully Detached Duplex,6,0,Freedom Way Lekki Lagos,6.4711251,3.8147504,39.0638334712576,53.23478511464151,Lekki,1,Detached Duplex,0,0,0,0.0,0,4,6,0,390000000.0
2 Bedroom Apartment With Elevator,2,0,Victoria Island Lagos,6.4300279,3.4259904,4.5315928067815925,20.705813048742375,Victoria Island,1,Flat,0,0,0,0.0,0,5,2,0,450000000.0
Brand New 14 Units Of 4 Bedroom Terraces + Bq,4,0,Spg Road Ologolo Lekki Lagos,6.4711251,3.8147504,39.0638334712576,53.23478511464151,Lekki,1,Terrace,0,1,1,0.0,0,4,4,1,180000000.0
Lovely Waterfront 4 Bedroom Detached Duplex,4,0,Vgc Lekki Lagos,6.4711251,3.8147504,39.0638334712576,53.23478511464151,Lekki,1,Detached Duplex,0,0,0,0.0,0,4,4,0,800000000.0
Standard 4 Bedroom Detached Duplex With Bq,4,0,Oniru Victoria Island Lagos,6.4300279,3.4259904,4.5315928067815925,20.705813048742375,Victoria Island,1,Detached Duplex,0,1,0,0.0,0,5,4,0,800000000.0
Neatly Built 4 Bedroom Apartment,3,0,Lekki Phase 1 Lekki Lagos,6.4711251,3.8147504,39.0638334712576,53.23478511464151,Lekki,1,Flat,0,0,0,0.0,0,4,3,0,350000000.0
Spacious 5 Bedroom Detached Duplex,5,0,"Westend Estate, Ikota Lekki Lagos",6.4711251,3.8147504,39.0638334712576,53.23478511464151,Lekki,1,Detached Duplex,0,0,0,0.0,0,4,5,0,325000000.0
Well Structured 4 Bedroom Detached Duplex With Bq,4,0,"Silicon Valley Estate, Ologolo Lekki Lagos",6.4711251,3.8147504,39.0638334712576,53.23478511464151,Lekki,1,Detached Duplex,0,1,0,0.0,0,4,4,0,290000000.0
Spacious 3 Bedroom Terraced Duplex With Bq,3,0,Off Nike Art Gallery Ikate Lekki Lagos,6.4711251,3.8147504,39.0638334712576,53.23478511464151,Lekki,1,Terrace,0,1,0,0.0,0,4,3,0,180000000.0
Newly Built 4 Bedroom Detached Duplex With Bq,4,0,Adeniyi Jones Ikeja Lagos,6.5974727,3.3432815,21.044803340125824,1.0271477798224158,Ikeja,0,Detached Duplex,0,1,1,0.0,0,5,0,1,480000000.0
Neatly Built 4 Bedroom Semi Detached+ A Maids Room,4,0,"Off Admiralty Road, Lekki Phase 1 Lekki Lagos",6.4711251,3.8147504,39.0638334712576,53.23478511464151,Lekki,1,Detached Duplex,0,0,0,0.0,0,4,4,0,600000000.0
Solid Block Of 4 Units Of 2 Bedroom Flats,0,0,"Awoyaya, Gbetu, Back Of Mayfair Eputu Ibeju Lekki Lagos",6.4711251,3.8147504,39.0638334712576,53.23478511464151,Lekki,1,Flat,0,0,0,0.0,0,4,0,0,70000000.0
Brand New Serviced 2 Bedroom Flat,2,2,Behind Primewater Gardens Ikate Lekki Lagos,6.4711251,3.8147504,39.0638334712576,53.23478511464151,Lekki,1,Flat,0,0,1,1.0,1,4,2,2,180000000.0
Magnificent 5 Bedrooms Detached Duplex,5,0,Ajah Lagos,6.4694716,3.5623861,11.300377211002502,27.53491907587076,Ajah,1,Detached Duplex,0,0,0,0.0,0,4,5,0,150000000.0
Well Built Commercial Building,0,0,"Along Fola Osibo Street, Lekki Phase 1 Lekki Lagos",6.4711251,3.8147504,39.0638334712576,53.23478511464151,Lekki,1,Other,0,0,0,0.0,0,4,0,0,900000000.0
Neatly Built 4 Semi Detached Duplex,4,0,Roxbury Estate 2 Ikota Lekki Lagos,6.4711251,3.8147504,39.0638334712576,53.23478511464151,Lekki,1,Detached Duplex,0,0,0,0.0,0,4,4,0,100000000.0
2 Bedroom Apartment,2,0,"Chevron Toll Gate, Chevron Lekki Lagos",6.4711251,3.8147504,39.0638334712576,53.23478511464151,Lekki,1,Flat,0,0,0,0.0,0,4,2,0,82000000.0
5 Units Of 3 Bedroom Flat,3,0,"Okunola, Egbeda Alimosho Lagos",6.5843882,3.2575876,27.144835989600622,10.56259673623399,Alimosho,0,Flat,0,0,0,0.0,0,4,0,0,120000000.0
Roomself Contain,1,0,"Goodnews Estate, Bankole Road, Ibeju Lekki Lagos",6.4711251,3.8147504,39.0638334712576,53.23478511464151,Lekki,1,Other,0,0,0,0.0,0,4,1,0,23000000.0
Bungalow On 560sqm,0,0,Oregun Ikeja Lagos,6.5974727,3.3432815,21.044803340125824,1.0271477798224158,Ikeja,0,Bungalow,0,0,0,0.0,0,5,0,0,130000000.0
For Sale 4 Bedroom Duplex At Adeniyi Jones Ikeja,4,4,Adeniyi Jones Ikeja Lagos,6.5974727,3.3432815,21.044803340125824,1.0271477798224158,Ikeja,0,Duplex,0,0,0,1.0,0,5,0,0,460000000.0
4 Bedroom Duplex,4,4,Magodo Gra Phase 1 Ojodu Lagos,6.6180809,3.3777821,20.90484087396468,3.4188985746987237,Magodo,0,Duplex,0,0,0,1.0,0,4,0,0,460000000.0
4 Bedroom Semi Detached Duplex With Bq,4,4,Ikota Lekki Lagos,6.4711251,3.8147504,39.0638334712576,53.23478511464151,Lekki,1,Detached Duplex,0,1,0,1.0,0,4,4,0,125000000.0
Luxury 2 Bedroom Apartment,2,2,Lekki Phase 1 Lekki Lagos,6.4711251,3.8147504,39.0638334712576,53.23478511464151,Lekki,1,Flat,0,0,0,1.0,0,4,2,0,290000000.0
Newly Built 3 Bedroom Apartment,3,3,Opebi Ikeja Lagos,6.5974727,3.3432815,21.044803340125824,1.0271477798224158,Ikeja,0,Flat,0,0,1,1.0,0,5,0,1,140000000.0
Newly Built 5 Bedroom Detached Duplex With Bq,5,5,Ikoyi Lagos,6.4516268,3.4117815,5.595874965201447,17.89581566309951,Ikoyi,1,Detached Duplex,0,1,1,1.0,0,5,5,1,5000000.0
4 Bedroom Detached Duplex With Bq,4,4,Ikate Lekki Lagos,6.4711251,3.8147504,39.0638334712576,53.23478511464151,Lekki,1,Detached Duplex,0,1,0,1.0,0,4,4,0,500000000.0
Luxurious 4 Bedroom Semi Detached Duplex With Bq,4,4,Orchid Lekki Lagos,6.4711251,3.8147504,39.0638334712576,53.23478511464151,Lekki,1,Detached Duplex,0,1,0,1.0,0,4,4,0,180000000.0
5 Bedroom Detached Duplex With Bq,5,5,Ikate Lekki Lagos,6.4711251,3.8147504,39.0638334712576,53.23478511464151,Lekki,1,Detached Duplex,0,1,0,1.0,0,4,5,0,820000000.0
Luxury 5 Bedroom Detached Duplex With Pool,5,5,Lekki Phase 1 Lekki Lagos,6.4711251,3.8147504,39.0638334712576,53.23478511464151,Lekki,1,Detached Duplex,1,0,0,1.0,0,4,5,1,980000000.0
4 Bedroom Detached Duplex With Bq,4,4,Orchid Lekki Lagos,6.4711251,3.8147504,39.0638334712576,53.23478511464151,Lekki,1,Detached Duplex,0,1,0,1.0,0,4,4,0,240000000.0
2 Bedroom Apartment,2,2,Ikoyi Lagos,6.4516268,3.4117815,5.595874965201447,17.89581566309951,Ikoyi,1,Flat,0,0,0,1.0,0,5,2,0,300000000.0
5 Bedroom Detached Duplex With Bq,5,5,Ikota Lekki Lagos,6.4711251,3.8147504,39.0638334712576,53.23478511464151,Lekki,1,Detached Duplex,0,1,0,1.0,0,4,5,0,350000000.0
2 Bedroom Apartment,2,2,Ikate Lekki Lagos,6.4711251,3.8147504,39.0638334712576,53.23478511464151,Lekki,1,Flat,0,0,0,1.0,0,4,2,0,230000000.0
Luxury 5 Bedroom Detached Duplex With Bq,5,5,Orchid Lekki Lagos,6.4711251,3.8147504,39.0638334712576,53.23478511464151,Lekki,1,Detached Duplex,0,1,0,1.0,0,4,5,0,250000000.0
Luxury 5 Bedroom Detached Duplex With Bq,5,5,Ikota Lekki Lagos,6.4711251,3.8147504,39.0638334712576,53.23478511464151,Lekki,1,Detached Duplex,0,1,0,1.0,0,4,5,0,270000000.0
5 Bedroom Detached Villa With Bq,5,5,Old Ikoyi Ikoyi Lagos,6.4516268,3.4117815,5.595874965201447,17.89581566309951,Ikoyi,1,Detached Duplex,0,1,0,1.0,0,5,5,0,5000000.0
Newly Built 5 Bedroom Detached Duplex,5,5,Ikeja Gra Ikeja Lagos,6.5974727,3.3432815,21.044803340125824,1.0271477798224158,Ikeja,0,Detached Duplex,0,0,1,1.0,0,5,0,1,1000000000.0
Luxurious 4 Bedroom Semi Detached Duplex With Bq,4,4,Orchid Lekki Lagos,6.4711251,3.8147504,39.0638334712576,53.23478511464151,Lekki,1,Detached Duplex,0,1,0,1.0,0,4,4,0,260000000.0
Luxury 4 Bedroom Terraced Duplex With Bq,4,4,Ikota Lekki Lagos,6.4711251,3.8147504,39.0638334712576,53.23478511464151,Lekki,1,Terrace,0,1,0,1.0,0,4,4,0,120000000.0
Luxury 5 Bedroom Detached Duplex With Bq,5,5,Ikota Lekki Lagos,6.4711251,3.8147504,39.0638334712576,53.23478511464151,Lekki,1,Detached Duplex,0,1,0,1.0,0,4,5,0,370000000.0
Luxury 4 Bedroom Detached Duplex With Bq,4,4,Lekki Lagos,6.4711251,3.8147504,39.0638334712576,53.23478511464151,Lekki,1,Detached Duplex,0,1,0,1.0,0,4,4,0,185000000.0
4 Bedroom Terrace Duplex With Bq,4,4,Ikoyi Lagos,6.4516268,3.4117815,5.595874965201447,17.89581566309951,Ikoyi,1,Terrace,0,1,0,1.0,0,5,4,0,1500000000.0
Luxury 4 Bedroom Detached Duplex With Bq,4,4,Ikota Lekki Lagos,6.4711251,3.8147504,39.0638334712576,53.23478511464151,Lekki,1,Detached Duplex,0,1,0,1.0,0,4,4,0,280000000.0
Luxury 1 Bedroom Apartment,1,1,Lekki Phase 1 Lekki Lagos,6.4711251,3.8147504,39.0638334712576,53.23478511464151,Lekki,1,Flat,0,0,0,1.0,0,4,1,0,65000000.0
Luxury 5 Bedroom Detached Duplex With Pool,5,5,Ajah Lagos,6.4694716,3.5623861,11.300377211002502,27.53491907587076,Ajah,1,Detached Duplex,1,0,0,1.0,0,4,5,1,250000000.0
5 Bedroom Detached Duplex With Bq,5,5,Orchid Lekki Lagos,6.4711251,3.8147504,39.0638334712576,53.23478511464151,Lekki,1,Detached Duplex,0,1,0,1.0,0,4,5,0,460000000.0
4 Bedroom Massionette With Bq,4,4,Ikoyi Lagos,6.4516268,3.4117815,5.595874965201447,17.89581566309951,Ikoyi,1,Other,0,1,0,1.0,0,5,4,0,3000000.0
Newly Built 3 Bedroom Terrace Duplex With Bq,3,3,Ikota Lekki Lagos,6.4711251,3.8147504,39.0638334712576,53.23478511464151,Lekki,1,Terrace,0,1,1,1.0,0,4,3,1,140000000.0
Luxurious 2 Bedroom Apartment,2,2,Ikate Lekki Lagos,6.4711251,3.8147504,39.0638334712576,53.23478511464151,Lekki,1,Flat,0,0,0,1.0,0,4,2,0,130000000.0
Luxury 5 Bedroom Detached Duplex With Bq,5,5,Ikota Lekki Lagos,6.4711251,3.8147504,39.0638334712576,53.23478511464151,Lekki,1,Detached Duplex,0,1,0,1.0,0,4,5,0,400000000.0
Luxury 4 Bedroom Penthouse With Bq,4,4,Old Ikoyi Ikoyi Lagos,6.4516268,3.4117815,5.595874965201447,17.89581566309951,Ikoyi,1,Other,0,1,0,1.0,0,5,4,0,3500000000.0
Contemporary 6 Bedroom Detached Duplex With Bq,6,6,Chevron Lekki Lagos,6.4711251,3.8147504,39.0638334712576,53.23478511464151,Lekki,1,Detached Duplex,0,1,0,1.0,0,4,6,0,730000000.0
5 Bedroom Detached Duplex With Bq,5,5,Banana Island Ikoyi Lagos,6.4600581,3.4593152,1.2666850782568917,19.69523211516851,Banana Island,1,Detached Duplex,0,1,0,1.0,0,5,5,0,5000000000.0
Contemporary 4 Bedroom Semi Detached Duplex With Bq,4,4,Chevron Lekki Lagos,6.4711251,3.8147504,39.0638334712576,53.23478511464151,Lekki,1,Detached Duplex,0,1,0,1.0,0,4,4,0,250000000.0
Luxury 4 Bedroom Detached Duplex With Bq,4,4,Ajah Lagos,6.4694716,3.5623861,11.300377211002502,27.53491907587076,Ajah,1,Detached Duplex,0,1,0,1.0,0,4,4,0,220000000.0
State Of The Art 5 Bedroom Detached Duplex With Bq,5,5,Ologolo Lekki Lagos,6.4711251,3.8147504,39.0638334712576,53.23478511464151,Lekki,1,Detached Duplex,0,1,0,1.0,0,4,5,0,290000000.0
Newly Built 5 Bedroom Detached Duplex With Bq,5,5,Lekki Phase 1 Lekki Lagos,6.4711251,3.8147504,39.0638334712576,53.23478511464151,Lekki,1,Detached Duplex,0,1,1,1.0,0,4,5,1,1000000000.0
5 Bedroom Detached Duplex With Bq,5,5,Osapa London Lekki Lagos,6.4711251,3.8147504,39.0638334712576,53.23478511464151,Lekki,1,Detached Duplex,0,1,0,1.0,0,4,5,0,900000000.0
Luxurious 4 Bedroom Semi Detached Duplex With Bq,4,4,Orchid Lekki Lagos,6.4711251,3.8147504,39.0638334712576,53.23478511464151,Lekki,1,Detached Duplex,0,1,0,1.0,0,4,4,0,200000000.0
Luxury 2 Bedroom Apartment With Pool,2,2,Ikate Lekki Lagos,6.4711251,3.8147504,39.0638334712576,53.23478511464151,Lekki,1,Flat,1,0,0,1.0,0,4,2,1,195000000.0
5 Bedroom Smart Home With Bq,5,5,Ajah Lagos,6.4694716,3.5623861,11.300377211002502,27.53491907587076,Ajah,1,Other,0,1,0,1.0,0,4,5,0,300000000.0
Luxury 4 Bedroom Maisonette With Bq,4,4,Old Ikoyi Ikoyi Lagos,6.4516268,3.4117815,5.595874965201447,17.89581566309951,Ikoyi,1,Other,0,1,0,1.0,0,5,4,0,1800000000.0
Luxury 5 Bedroom Detached Duplex With Bq,5,5,Magodo Gra Phase 2 Kosofe Ikosi Lagos,6.6180809,3.3777821,20.90484087396468,3.4188985746987237,Magodo,0,Detached Duplex,0,1,0,1.0,0,4,0,0,550000000.0
Newly Built 5 Bedroom Detached Duplex With Bq,5,5,Idado Lekki Lagos,6.4711251,3.8147504,39.0638334712576,53.23478511464151,Lekki,1,Detached Duplex,0,1,1,1.0,0,4,5,1,260000000.0
5 Bedroom Detached Duplex With Bq,5,5,Osapa London Lekki Lagos,6.4711251,3.8147504,39.0638334712576,53.23478511464151,Lekki,1,Detached Duplex,0,1,0,1.0,0,4,5,0,1550000000.0
5 Bedroom Detached Duplex With Bq,5,5,Orchid Lekki Lagos,6.4711251,3.8147504,39.0638334712576,53.23478511464151,Lekki,1,Detached Duplex,0,1,0,1.0,0,4,5,0,330000000.0
Newly Built 4 Bedroom Semi Detached Duplex With Bq,4,4,Ikate Lekki Lagos,6.4711251,3.8147504,39.0638334712576,53.23478511464151,Lekki,1,Detached Duplex,0,1,1,1.0,0,4,4,1,280000000.0
2 Bedroom Apartment,2,2,Orchid Lekki Lagos,6.4711251,3.8147504,39.0638334712576,53.23478511464151,Lekki,1,Flat,0,0,0,1.0,0,4,2,0,75000000.0
Luxury 5 Bedroom Detached Duplex With Bq,5,5,Lekki Phase 1 Lekki Lagos,6.4711251,3.8147504,39.0638334712576,53.23478511464151,Lekki,1,Detached Duplex,0,1,0,1.0,0,4,5,0,750000000.0
5 Bedroom Fully Detached Duplex With Bq,5,5,Ajah Lagos,6.4694716,3.5623861,11.300377211002502,27.53491907587076,Ajah,1,Detached Duplex,0,1,0,1.0,0,4,5,0,280000000.0
Beautiful Luxury 4 Bedroom Detached Duplex With Bq,4,4,Agungi Lekki Lagos,6.4711251,3.8147504,39.0638334712576,53.23478511464151,Lekki,1,Detached Duplex,0,1,0,1.0,0,4,4,0,210000000.0
Newly Built 4 Bedroom Terrace Duplex,4,4,Ajah Lagos,6.4694716,3.5623861,11.300377211002502,27.53491907587076,Ajah,1,Terrace,0,0,1,1.0,0,4,4,1,85000000.0
Luxurious 4 Bedroom Terraced Duplex,4,4,Osapa London Lekki Lagos,6.4711251,3.8147504,39.0638334712576,53.23478511464151,Lekki,1,Terrace,0,0,0,1.0,0,4,4,0,265000000.0
4 Bedroom Detached Duplex With Bq,4,4,Lekki Lagos,6.4711251,3.8147504,39.0638334712576,53.23478511464151,Lekki,1,Detached Duplex,0,1,0,1.0,0,4,4,0,470000000.0
4 Bedroom Terrace Duplex With Bq,4,4,Ikate Lekki Lagos,6.4711251,3.8147504,39.0638334712576,53.23478511464151,Lekki,1,Terrace,0,1,0,1.0,0,4,4,0,400000000.0
5 Bedroom Detached Duplex With Bq,5,5,Agungi Lekki Lagos,6.4711251,3.8147504,39.0638334712576,53.23478511464151,Lekki,1,Detached Duplex,0,1,0,1.0,0,4,5,0,450000000.0
Luxurious 5 Bedroom Detached Duplex With Pool,5,5,Osapa London Lekki Lagos,6.4711251,3.8147504,39.0638334712576,53.23478511464151,Lekki,1,Detached Duplex,1,0,0,1.0,0,4,5,1,950000000.0
Contemporary 5 Bedroom Detached Duplex With Bq,5,5,Orchid Lekki Lagos,6.4711251,3.8147504,39.0638334712576,53.23478511464151,Lekki,1,Detached Duplex,0,1,0,1.0,0,4,5,0,400000000.0
Newly Built 5 Bedroom Detached Duplex,5,5,Lekki Phase 1 Lekki Lagos,6.4711251,3.8147504,39.0638334712576,53.23478511464151,Lekki,1,Detached Duplex,0,0,1,1.0,0,4,5,1,750000000.0
Newly Built 4 Bedroom Terraced Duplex,4,4,Ikate Lekki Lagos,6.4711251,3.8147504,39.0638334712576,53.23478511464151,Lekki,1,Terrace,0,0,1,1.0,0,4,4,1,300000000.0
Studio Apartment,0,0,Orchid Lekki Lagos,6.4711251,3.8147504,39.0638334712576,53.23478511464151,Lekki,1,Flat,0,0,0,0.0,0,4,0,0,45000000.0
Luxury 2 Bedroom Apartment,2,2,Ikate Lekki Lagos,6.4711251,3.8147504,39.0638334712576,53.23478511464151,Lekki,1,Flat,0,0,0,1.0,0,4,2,0,160000000.0
Luxurious 4 Bedroom Semi Detached Duplex With Bq,4,4,Ikota Lekki Lagos,6.4711251,3.8147504,39.0638334712576,53.23478511464151,Lekki,1,Detached Duplex,0,1,0,1.0,0,4,4,0,195000000.0
3 Bedroom Apartment,3,3,Osapa London Lekki Lagos,6.4711251,3.8147504,39.0638334712576,53.23478511464151,Lekki,1,Flat,0,0,0,1.0,0,4,3,0,160000000.0
Luxury 2 Bedroom Apartment With Bq,2,2,Victoria Island Lagos,6.4300279,3.4259904,4.5315928067815925,20.705813048742375,Victoria Island,1,Flat,0,1,0,1.0,0,5,2,0,380000000.0
Contemporary 4 Bedroom Detached Duplex With Bq,4,4,Ajah Lagos,6.4694716,3.5623861,11.300377211002502,27.53491907587076,Ajah,1,Detached Duplex,0,1,0,1.0,0,4,4,0,230000000.0
Beautiful Luxury 2 Bedroom Massionette,2,2,Oniru Victoria Island Lagos,6.4300279,3.4259904,4.5315928067815925,20.705813048742375,Victoria Island,1,Other,0,0,0,1.0,0,5,2,0,350000000.0
3 Bedroom Apartment With Bq,3,3,Lekki Phase 1 Lekki Lagos,6.4711251,3.8147504,39.0638334712576,53.23478511464151,Lekki,1,Flat,0,1,0,1.0,0,4,3,0,220000000.0
Exquisitely Built 3 Bedroom Apartment With Bq,3,3,Oniru Victoria Island Lagos,6.4300279,3.4259904,4.5315928067815925,20.705813048742375,Victoria Island,1,Flat,0,1,0,1.0,0,5,3,0,280000000.0
Newly Built 4 Bedroom Semi Detached Duplex With Bq,4,4,Ikota Lekki Lagos,6.4711251,3.8147504,39.0638334712576,53.23478511464151,Lekki,1,Detached Duplex,0,1,1,1.0,0,4,4,1,160000000.0
Luxury 2 Bedroom Apartment With Pool,2,2,Ologolo Lekki Lagos,6.4711251,3.8147504,39.0638334712576,53.23478511464151,Lekki,1,Flat,1,0,0,1.0,0,4,2,1,135000000.0
5 Bedroom Detached Duplex With Bq,5,5,Osapa London Lekki Lagos,6.4711251,3.8147504,39.0638334712576,53.23478511464151,Lekki,1,Detached Duplex,0,1,0,1.0,0,4,5,0,2300000000.0
Contemporary 4 Bedroom Detached Duplex With Bq,4,4,Ajah Lagos,6.4694716,3.5623861,11.300377211002502,27.53491907587076,Ajah,1,Detached Duplex,0,1,0,1.0,0,4,4,0,180000000.0
4 Bedroom Terrace Duplex With Bq,4,4,Lekki Phase 1 Lekki Lagos,6.4711251,3.8147504,39.0638334712576,53.23478511464151,Lekki,1,Terrace,0,1,0,1.0,0,4,4,0,260000000.0
4 Bedroom Semi Detached Duplex With Bq,4,4,Ikate Lekki Lagos,6.4711251,3.8147504,39.0638334712576,53.23478511464151,Lekki,1,Detached Duplex,0,1,0,1.0,0,4,4,0,400000000.0
Beautiful Luxury 1 Bedroom Maisonette,1,1,Oniru Victoria Island Lagos,6.4300279,3.4259904,4.5315928067815925,20.705813048742375,Victoria Island,1,Other,0,0,0,1.0,0,5,1,0,200000000.0
2 Bedroom Apartment,2,2,Osborne Foreshore Estate Ikoyi Lagos,6.4516268,3.4117815,5.595874965201447,17.89581566309951,Ikoyi,1,Flat,0,0,0,1.0,0,5,2,0,390000000.0
Newly Built 5 Bedroom Detached Duplex,5,5,Orchid Lekki Lagos,6.4711251,3.8147504,39.0638334712576,53.23478511464151,Lekki,1,Detached Duplex,0,0,1,1.0,0,4,5,1,350000000.0
Luxury 4 Bedroom Flat With Bq,4,4,Old Ikoyi Ikoyi Lagos,6.4516268,3.4117815,5.595874965201447,17.89581566309951,Ikoyi,1,Flat,0,1,0,1.0,0,5,4,0,1100000000.0
Luxury 5 Bedroom Detached Duplex With Bq,5,5,Lekki Lagos,6.4711251,3.8147504,39.0638334712576,53.23478511464151,Lekki,1,Detached Duplex,0,1,0,1.0,0,4,5,0,680000000.0
Luxury 5 Bedroom Detached Duplex With Pool,5,5,Osapa London Lekki Lagos,6.4711251,3.8147504,39.0638334712576,53.23478511464151,Lekki,1,Detached Duplex,1,0,0,1.0,0,4,5,1,850000000.0
Exquisitely Built 5 Bedroom Townhouse With Bq,5,5,Ikoyi Lagos,6.4516268,3.4117815,5.595874965201447,17.89581566309951,Ikoyi,1,Other,0,1,0,1.0,0,5,5,0,1600000000.0
1 Bedroom Studio Apartment,1,1,3rd Avenue Banana Island Ikoyi Lagos,6.4600581,3.4593152,1.2666850782568917,19.69523211516851,Banana Island,1,Flat,0,0,0,1.0,0,5,1,0,15000000.0
Luxury 5 Bedroom Detached Duplex With Bq,5,5,Ologolo Lekki Lagos,6.4711251,3.8147504,39.0638334712576,53.23478511464151,Lekki,1,Detached Duplex,0,1,0,1.0,0,4,5,0,400000000.0
Newly Built 5 Bedroom Detached Duplex With Pool,5,5,Ajah Lagos,6.4694716,3.5623861,11.300377211002502,27.53491907587076,Ajah,1,Detached Duplex,1,0,1,1.0,0,4,5,2,220000000.0
4 Bedroom Terraced Duplex With Bq,4,4,Ikate Lekki Lagos,6.4711251,3.8147504,39.0638334712576,53.23478511464151,Lekki,1,Terrace,0,1,0,1.0,0,4,4,0,400000000.0
4 Bedroom Detached Duplex With Bq,4,4,Lekki Phase 1 Lekki Lagos,6.4711251,3.8147504,39.0638334712576,53.23478511464151,Lekki,1,Detached Duplex,0,1,0,1.0,0,4,4,0,1100000000.0
5 Bedroom Detached Duplex With Bq,5,5,Chevron Lekki Lagos,6.4711251,3.8147504,39.0638334712576,53.23478511464151,Lekki,1,Detached Duplex,0,1,0,1.0,0,4,5,0,750000000.0
Luxury 5 Bedroom Detached Duplex,5,5,Orchid Lekki Lagos,6.4711251,3.8147504,39.0638334712576,53.23478511464151,Lekki,1,Detached Duplex,0,0,0,1.0,0,4,5,0,750000000.0
Luxurious 4 Bedroom Semi Detached Duplex With Bq,4,4,Ajah Lagos,6.4694716,3.5623861,11.300377211002502,27.53491907587076,Ajah,1,Detached Duplex,0,1,0,1.0,0,4,4,0,150000000.0
Newly Built 5 Bedroom Detached Duplex,5,5,Ikate Lekki Lagos,6.4711251,3.8147504,39.0638334712576,53.23478511464151,Lekki,1,Detached Duplex,0,0,1,1.0,0,4,5,1,420000000.0
Luxury 5 Bedroom Townhouse,5,5,Osapa London Lekki Lagos,6.4711251,3.8147504,39.0638334712576,53.23478511464151,Lekki,1,Other,0,0,0,1.0,0,4,5,0,380000000.0
Luxury 5 Bedroom Detached Duplex With Bq,5,5,Ajah Lagos,6.4694716,3.5623861,11.300377211002502,27.53491907587076,Ajah,1,Detached Duplex,0,1,0,1.0,0,4,5,0,300000000.0
Newly Built 4 Bedroom Massionette,4,4,Opebi Ikeja Lagos,6.5974727,3.3432815,21.044803340125824,1.0271477798224158,Ikeja,0,Other,0,0,1,1.0,0,5,0,1,290000000.0
5 Bedroom Detached Duplex With Bq,5,5,Ikota Lekki Lagos,6.4711251,3.8147504,39.0638334712576,53.23478511464151,Lekki,1,Detached Duplex,0,1,0,1.0,0,4,5,0,420000000.0
5 Bedroom Detached Duplex With Bq,5,5,Ajah Lagos,6.4694716,3.5623861,11.300377211002502,27.53491907587076,Ajah,1,Detached Duplex,0,1,0,1.0,0,4,5,0,250000000.0
5 Bedroom Detached Duplex With Bq,5,5,Orchid Lekki Lagos,6.4711251,3.8147504,39.0638334712576,53.23478511464151,Lekki,1,Detached Duplex,0,1,0,1.0,0,4,5,0,680000000.0
Exquisitely Built 3 Bedroom Apartment With Bq,3,3,Old Ikoyi Ikoyi Lagos,6.4516268,3.4117815,5.595874965201447,17.89581566309951,Ikoyi,1,Flat,0,1,0,1.0,0,5,3,0,800000000.0
2 Bedroom Apartment With Bq,2,2,Lekki Phase 1 Lekki Lagos,6.4711251,3.8147504,39.0638334712576,53.23478511464151,Lekki,1,Flat,0,1,0,1.0,0,4,2,0,348000000.0
Luxury 2 Bedroom Apartment With Gym,2,2,Oniru Victoria Island Lagos,6.4300279,3.4259904,4.5315928067815925,20.705813048742375,Victoria Island,1,Flat,0,0,0,1.0,0,5,2,0,290000000.0
5 Bedroom Detached Duplex With Bq,5,5,Ikate Lekki Lagos,6.4711251,3.8147504,39.0638334712576,53.23478511464151,Lekki,1,Detached Duplex,0,1,0,1.0,0,4,5,0,770000000.0
Newly Built 2 Bedroom Apartment With Pool,2,2,Oniru Victoria Island Lagos,6.4300279,3.4259904,4.5315928067815925,20.705813048742375,Victoria Island,1,Flat,1,0,1,1.0,0,5,2,2,305000000.0
Luxury 4 Bedroom Semi Detached Duplex With Bq,4,4,Magodo Kosofe Ikosi Lagos,6.6180809,3.3777821,20.90484087396468,3.4188985746987237,Magodo,0,Detached Duplex,0,1,0,1.0,0,4,0,0,320000000.0
Newly Built 5 Bedroom Detached Duplex With Bq,5,5,Lekki Lagos,6.4711251,3.8147504,39.0638334712576,53.23478511464151,Lekki,1,Detached Duplex,0,1,1,1.0,0,4,5,1,550000000.0
Contemporary 4 Bedroom Semi Detached Duplex With Bq,4,4,Ajah Lagos,6.4694716,3.5623861,11.300377211002502,27.53491907587076,Ajah,1,Detached Duplex,0,1,0,1.0,0,4,4,0,160000000.0
5 Bedroom Detached Duplex With Bq,5,5,Magodo Gra Phase 2 Kosofe Ikosi Lagos,6.6180809,3.3777821,20.90484087396468,3.4188985746987237,Magodo,0,Detached Duplex,0,1,0,1.0,0,4,0,0,550000000.0
Luxurious 5 Bedroom Detached Duplex With Pool,5,5,Chevron Lekki Lagos,6.4711251,3.8147504,39.0638334712576,53.23478511464151,Lekki,1,Detached Duplex,1,0,0,1.0,0,4,5,1,730000000.0
3 Bedroom Apartment With Bq,3,3,Lekki Phase 1 Lekki Lagos,6.4711251,3.8147504,39.0638334712576,53.23478511464151,Lekki,1,Flat,0,1,0,1.0,0,4,3,0,454000000.0
Luxurious 5 Bedroom Detached Duplex With Bq,5,5,Osapa London Lekki Lagos,6.4711251,3.8147504,39.0638334712576,53.23478511464151,Lekki,1,Detached Duplex,0,1,0,1.0,0,4,5,0,380000000.0
Luxury 2 Bedroom Apartment With Bq,2,2,Victoria Island Lagos,6.4300279,3.4259904,4.5315928067815925,20.705813048742375,Victoria Island,1,Flat,0,1,0,1.0,0,5,2,0,400000000.0
Contemporary 5 Bedroom Detached Duplex With Bq,5,5,Ajah Lagos,6.4694716,3.5623861,11.300377211002502,27.53491907587076,Ajah,1,Detached Duplex,0,1,0,1.0,0,4,5,0,300000000.0
2 Bedroom Apartment,2,2,Lekki Lagos,6.4711251,3.8147504,39.0638334712576,53.23478511464151,Lekki,1,Flat,0,0,0,1.0,0,4,2,0,190000000.0
Luxurious 5 Bedroom Semi Detached Duplex With Bq,5,5,Ikoyi Lagos,6.4516268,3.4117815,5.595874965201447,17.89581566309951,Ikoyi,1,Detached Duplex,0,1,0,1.0,0,5,5,0,1600000000.0
Luxurious 5 Bedroom Detached Duplex With Pool,5,5,Lekki Phase 1 Lekki Lagos,6.4711251,3.8147504,39.0638334712576,53.23478511464151,Lekki,1,Detached Duplex,1,0,0,1.0,0,4,5,1,850000000.0
Luxury 5 Bedroom Detached Duplex,5,5,Lekki Phase 1 Lekki Lagos,6.4711251,3.8147504,39.0638334712576,53.23478511464151,Lekki,1,Detached Duplex,0,0,0,1.0,0,4,5,0,1200000000.0
5 Bedroom Terrace Duplex With Bq,5,5,Victoria Island Lagos,6.4300279,3.4259904,4.5315928067815925,20.705813048742375,Victoria Island,1,Terrace,0,1,0,1.0,0,5,5,0,650000000.0
2 Bedroom Penthouse With Bq,2,2,Lekki Phase 1 Lekki Lagos,6.4711251,3.8147504,39.0638334712576,53.23478511464151,Lekki,1,Other,0,1,0,1.0,0,4,2,0,500000000.0
6 Bedroom Fully Detached Duplex With Bq,6,6,Ikate Lekki Lagos,6.4711251,3.8147504,39.0638334712576,53.23478511464151,Lekki,1,Detached Duplex,0,1,0,1.0,0,4,6,0,1600000000.0
Newly Built 5 Bedroom Detached Duplex With Bq,5,5,Maryland Lagos,6.5731894,3.3699482,17.11608804854042,3.764744899090711,Maryland,0,Detached Duplex,0,1,1,1.0,0,4,0,1,650000000.0
Luxury 5 Bedroom Detached Duplex With Bq,5,5,Ikoyi Lagos,6.4516268,3.4117815,5.595874965201447,17.89581566309951,Ikoyi,1,Detached Duplex,0,1,0,1.0,0,5,5,0,4500000.0
Newly Built 4 Bedroom Semi Detached Duplex With Gym,4,4,Chevron Lekki Lagos,6.4711251,3.8147504,39.0638334712576,53.23478511464151,Lekki,1,Detached Duplex,0,0,1,1.0,0,4,4,1,340000000.0
Newly Built 5 Bedroom Detached Duplex With Bq,5,5,Lekki Phase 1 Lekki Lagos,6.4711251,3.8147504,39.0638334712576,53.23478511464151,Lekki,1,Detached Duplex,0,1,1,1.0,0,4,5,1,1400000000.0
3 Bedroom Apartment With Bq,3,3,Old Ikoyi Ikoyi Lagos,6.4516268,3.4117815,5.595874965201447,17.89581566309951,Ikoyi,1,Flat,0,1,0,1.0,0,5,3,0,931000000.0
4 Bedroom Detached Duplex With Bq,4,4,Opebi Ikeja Lagos,6.5974727,3.3432815,21.044803340125824,1.0271477798224158,Ikeja,0,Detached Duplex,0,1,0,1.0,0,5,0,0,550000000.0
Newly Built 5 Bedroom Detached Duplex With Bq,5,5,Ikeja Lagos,6.5974727,3.3432815,21.044803340125824,1.0271477798224158,Ikeja,0,Detached Duplex,0,1,1,1.0,0,5,0,1,1000000000.0
4 Bedroom Semi Detached Duplex With Bq,4,4,Old Ikoyi Ikoyi Lagos,6.4516268,3.4117815,5.595874965201447,17.89581566309951,Ikoyi,1,Detached Duplex,0,1,0,1.0,0,5,4,0,1000000.0
5 Bedroom Detached Duplex With Bq,5,5,Chevron Lekki Lagos,6.4711251,3.8147504,39.0638334712576,53.23478511464151,Lekki,1,Detached Duplex,0,1,0,1.0,0,4,5,0,730000000.0
Luxury 5 Bedroom Detached Duplex With Pool,5,5,Ajah Lagos,6.4694716,3.5623861,11.300377211002502,27.53491907587076,Ajah,1,Detached Duplex,1,0,0,1.0,0,4,5,1,280000000.0
Luxury 4 Bedroom Detached Duplex With Lounge,4,4,Ajah Lagos,6.4694716,3.5623861,11.300377211002502,27.53491907587076,Ajah,1,Detached Duplex,0,0,0,1.0,0,4,4,0,255000000.0
Newly Built 4 Bedroom Terrace Duplex With Bq,4,4,Magodo Gra Phase 2 Kosofe Ikosi Lagos,6.6180809,3.3777821,20.90484087396468,3.4188985746987237,Magodo,0,Terrace,0,1,1,1.0,0,4,0,1,300000000.0
Luxury 5 Bedroom Detached Duplex With Bq,5,5,Ikate Lekki Lagos,6.4711251,3.8147504,39.0638334712576,53.23478511464151,Lekki,1,Detached Duplex,0,1,0,1.0,0,4,5,0,980000000.0
Newly Built 5 Bedroom Detached Duplex With Bq,5,5,Osapa London Lekki Lagos,6.4711251,3.8147504,39.0638334712576,53.23478511464151,Lekki,1,Detached Duplex,0,1,1,1.0,0,4,5,1,500000000.0
Luxury 5 Bedroom Terraced Duplex,5,5,Lekki Phase 1 Lekki Lagos,6.4711251,3.8147504,39.0638334712576,53.23478511464151,Lekki,1,Terrace,0,0,0,1.0,0,4,5,0,3200000000.0
Newly Built 4 Bedroom Semi Detached Duplex,4,4,Ikeja Gra Ikeja Lagos,6.5974727,3.3432815,21.044803340125824,1.0271477798224158,Ikeja,0,Detached Duplex,0,0,1,1.0,0,5,0,1,750000000.0
5 Bedroom Detached Duplex With Bq,5,5,Banana Island Ikoyi Lagos,6.4600581,3.4593152,1.2666850782568917,19.69523211516851,Banana Island,1,Detached Duplex,0,1,0,1.0,0,5,5,0,4500000.0
Newly Built 4 Bedroom Terraced Duplex With Bq,4,4,Ikate Lekki Lagos,6.4711251,3.8147504,39.0638334712576,53.23478511464151,Lekki,1,Terrace,0,1,1,1.0,0,4,4,1,350000000.0
3 Bedroom Semi Detached Duplex With Bq,3,3,Ajah Lagos,6.4694716,3.5623861,11.300377211002502,27.53491907587076,Ajah,1,Detached Duplex,0,1,0,1.0,0,4,3,0,120000000.0
Newly Built 2 Bedroom Apartment With Bq,2,2,Lekki Phase 1 Lekki Lagos,6.4711251,3.8147504,39.0638334712576,53.23478511464151,Lekki,1,Flat,0,1,1,1.0,0,4,2,1,320000000.0
Luxury 4 Bedroom Apartment With Bq,4,4,Old Ikoyi Ikoyi Lagos,6.4516268,3.4117815,5.595874965201447,17.89581566309951,Ikoyi,1,Flat,0,1,0,1.0,0,5,4,0,1500000000.0
2 Bedroom Apartment,2,2,Osapa London Lekki Lagos,6.4711251,3.8147504,39.0638334712576,53.23478511464151,Lekki,1,Flat,0,0,0,1.0,0,4,2,0,135000000.0
Beautiful Luxury 3 Bedroom Apartment,3,3,Lekki Phase 1 Lekki Lagos,6.4711251,3.8147504,39.0638334712576,53.23478511464151,Lekki,1,Flat,0,0,0,1.0,0,4,3,0,365000000.0
5 Bedroom Detached Villa With Bq,5,5,Old Ikoyi Ikoyi Lagos,6.4516268,3.4117815,5.595874965201447,17.89581566309951,Ikoyi,1,Detached Duplex,0,1,0,1.0,0,5,5,0,4500000.0
4 Bedroom Semi Detached Duplex With Bq,4,4,Orchid Lekki Lagos,6.4711251,3.8147504,39.0638334712576,53.23478511464151,Lekki,1,Detached Duplex,0,1,0,1.0,0,4,4,0,175000000.0
3 Bedroom Apartment With Pool,3,3,Ikate Lekki Lagos,6.4711251,3.8147504,39.0638334712576,53.23478511464151,Lekki,1,Flat,1,0,0,1.0,0,4,3,1,330000000.0
New 3 Bedroom Apartment With Bq,3,3,Lekki Phase 1 Lekki Lagos,6.4711251,3.8147504,39.0638334712576,53.23478511464151,Lekki,1,Flat,0,1,0,1.0,0,4,3,0,280000000.0
Newly Built 4 Bedroom Terrace Duplex,4,4,Ogba Lagos,6.632608,3.3407753,24.350383789462544,3.607540599553692,Ogba,0,Terrace,0,0,1,1.0,0,4,0,1,260000000.0
Newly Built 5 Bedroom Detached Duplex With Bq,5,5,Orchid Lekki Lagos,6.4711251,3.8147504,39.0638334712576,53.23478511464151,Lekki,1,Detached Duplex,0,1,1,1.0,0,4,5,1,600000000.0
State Of The Art 2 Bedroom Apartment,2,2,Ikate Lekki Lagos,6.4711251,3.8147504,39.0638334712576,53.23478511464151,Lekki,1,Flat,0,0,0,1.0,0,4,2,0,195000000.0
Newly Built 4 Bedroom Terrace Duplex With Lounge,4,4,Ikate Lekki Lagos,6.4711251,3.8147504,39.0638334712576,53.23478511464151,Lekki,1,Terrace,0,0,1,1.0,0,4,4,1,320000000.0
5 Bedroom Semi Detached Duplex With Bq,5,5,Adeniyi Jones Ikeja Lagos,6.5974727,3.3432815,21.044803340125824,1.0271477798224158,Ikeja,0,Detached Duplex,0,1,0,1.0,0,5,0,0,440000000.0
Newly Built 4 Bedroom Semi Detached Duplex With Bq,4,4,Orchid Lekki Lagos,6.4711251,3.8147504,39.0638334712576,53.23478511464151,Lekki,1,Detached Duplex,0,1,1,1.0,0,4,4,1,190000000.0
Newly Built 5 Bedroom Detached Duplex With Bq,5,5,Orchid Lekki Lagos,6.4711251,3.8147504,39.0638334712576,53.23478511464151,Lekki,1,Detached Duplex,0,1,1,1.0,0,4,5,1,500000000.0
Luxury 4 Bedroom Terraced Duplex With Bq,4,4,Lekki Phase 1 Lekki Lagos,6.4711251,3.8147504,39.0638334712576,53.23478511464151,Lekki,1,Terrace,0,1,0,1.0,0,4,4,0,450000000.0
Newly Built 5 Bedroom Detached Duplex With Bq,5,5,Ajah Lagos,6.4694716,3.5623861,11.300377211002502,27.53491907587076,Ajah,1,Detached Duplex,0,1,1,1.0,0,4,5,1,280000000.0
5 Bedroom Semi Detached Duplex With Bq,5,5,Ologolo Lekki Lagos,6.4711251,3.8147504,39.0638334712576,53.23478511464151,Lekki,1,Detached Duplex,0,1,0,1.0,0,4,5,0,300000000.0
Luxurious 4 Bedroom Detached Duplex With Bq,4,4,Lekki Lagos,6.4711251,3.8147504,39.0638334712576,53.23478511464151,Lekki,1,Detached Duplex,0,1,0,1.0,0,4,4,0,180000000.0
4 Bedroom Maisonette With Bq,4,4,Old Ikoyi Ikoyi Lagos,6.4516268,3.4117815,5.595874965201447,17.89581566309951,Ikoyi,1,Other,0,1,0,1.0,0,5,4,0,1320000000.0
5 Bedroom Semi Detached Duplex With Bq,5,5,Ikoyi Lagos,6.4516268,3.4117815,5.595874965201447,17.89581566309951,Ikoyi,1,Detached Duplex,0,1,0,1.0,0,5,5,0,1200000000.0
Luxurious 4 Bedroom Semi Detached Duplex With Bq,4,4,Chevron Lekki Lagos,6.4711251,3.8147504,39.0638334712576,53.23478511464151,Lekki,1,Detached Duplex,0,1,0,1.0,0,4,4,0,180000000.0
Newly Built 3 Bedroom Apartment With Bq,3,3,Lekki Phase 1 Lekki Lagos,6.4711251,3.8147504,39.0638334712576,53.23478511464151,Lekki,1,Flat,0,1,1,1.0,0,4,3,1,420000000.0
5 Bedroom Detached Duplex With Bq,5,5,2nd Toll Gate Lekki Lagos,6.4711251,3.8147504,39.0638334712576,53.23478511464151,Lekki,1,Detached Duplex,0,1,0,1.0,0,4,5,0,385000000.0
Luxury 5 Bedroom Detached Duplex With Bq,5,5,Ikoyi Lagos,6.4516268,3.4117815,5.595874965201447,17.89581566309951,Ikoyi,1,Detached Duplex,0,1,0,1.0,0,5,5,0,2600000000.0
4 Bedroom Detached Duplex With Bq,4,4,Ikota Lekki Lagos,6.4711251,3.8147504,39.0638334712576,53.23478511464151,Lekki,1,Detached Duplex,0,1,0,1.0,0,4,4,0,240000000.0
Luxurious 4 Bedroom Terraced Duplex With Bq,4,4,Ikoyi Lagos,6.4516268,3.4117815,5.595874965201447,17.89581566309951,Ikoyi,1,Terrace,0,1,0,1.0,0,5,4,0,850000000.0
Newly Built 1 Bedroom Apartment,1,1,Idado Lekki Lagos,6.4711251,3.8147504,39.0638334712576,53.23478511464151,Lekki,1,Flat,0,0,1,1.0,0,4,1,1,100000000.0
4 Bedroom Detached Duplex With Bq,4,4,Vgc Lekki Lagos,6.4711251,3.8147504,39.0638334712576,53.23478511464151,Lekki,1,Detached Duplex,0,1,0,1.0,0,4,4,0,350000000.0
Contemporary 4 Bedroom Semi Detached Duplex With Bq,4,4,Ajah Lagos,6.4694716,3.5623861,11.300377211002502,27.53491907587076,Ajah,1,Detached Duplex,0,1,0,1.0,0,4,4,0,165000000.0
5 Bedroom Detached Duplex With Bq,5,5,Chevron Lekki Lagos,6.4711251,3.8147504,39.0638334712576,53.23478511464151,Lekki,1,Detached Duplex,0,1,0,1.0,0,4,5,0,360000000.0
Newly Built 3 Bedroom Apartment With Bq,3,3,Lekki Phase 1 Lekki Lagos,6.4711251,3.8147504,39.0638334712576,53.23478511464151,Lekki,1,Flat,0,1,1,1.0,0,4,3,1,350000000.0
Newly Built 5 Bedroom Detached Duplex With Bq,5,5,Orchid Lekki Lagos,6.4711251,3.8147504,39.0638334712576,53.23478511464151,Lekki,1,Detached Duplex,0,1,1,1.0,0,4,5,1,340000000.0
Newly Built 5 Bedroom Detached Duplex With Bq,5,5,Ikoyi Lagos,6.4516268,3.4117815,5.595874965201447,17.89581566309951,Ikoyi,1,Detached Duplex,0,1,1,1.0,0,5,5,1,4500000000.0
Luxury 3 Bedroom Apartment With Bq,3,3,Victoria Island Lagos,6.4300279,3.4259904,4.5315928067815925,20.705813048742375,Victoria Island,1,Flat,0,1,0,1.0,0,5,3,0,480000000.0
Luxury 6 Bedroom Detached Duplex With Bq,6,6,Chevron Lekki Lagos,6.4711251,3.8147504,39.0638334712576,53.23478511464151,Lekki,1,Detached Duplex,0,1,0,1.0,0,4,6,0,750000000.0
Newly Built 1 Bedroom Apartment,1,1,Adeniyi Jones Ikeja Lagos,6.5974727,3.3432815,21.044803340125824,1.0271477798224158,Ikeja,0,Flat,0,0,1,1.0,0,5,0,1,120000000.0
Luxurious 3 Bedroom Apartment With Gym,3,3,Ikate Lekki Lagos,6.4711251,3.8147504,39.0638334712576,53.23478511464151,Lekki,1,Flat,0,0,0,1.0,0,4,3,0,195000000.0
Newly Built 5 Bedroom Detached Duplex With Bq,5,5,Osapa London Lekki Lagos,6.4711251,3.8147504,39.0638334712576,53.23478511464151,Lekki,1,Detached Duplex,0,1,1,1.0,0,4,5,1,900000000.0
Luxurious House,0,0,Lekki Phase 1 Lekki Lagos,6.4711251,3.8147504,39.0638334712576,53.23478511464151,Lekki,1,Other,0,0,0,0.0,0,4,0,0,230000000.0
Contemporary 4 Bedroom Semi Detached Duplex With Bq,4,4,Ajah Lagos,6.4694716,3.5623861,11.300377211002502,27.53491907587076,Ajah,1,Detached Duplex,0,1,0,1.0,0,4,4,0,180000000.0
4 Bedroom Semi Detached Duplex,4,4,Allen Avenue Ikeja Lagos,6.5974727,3.3432815,21.044803340125824,1.0271477798224158,Ikeja,0,Detached Duplex,0,0,0,1.0,0,5,0,0,260000000.0
Luxury 5 Bedroom Detached Duplex With Bq,5,5,Ikota Lekki Lagos,6.4711251,3.8147504,39.0638334712576,53.23478511464151,Lekki,1,Detached Duplex,0,1,0,1.0,0,4,5,0,350000000.0
Luxury 2 Bedroom Apartment,2,2,Ologolo Lekki Lagos,6.4711251,3.8147504,39.0638334712576,53.23478511464151,Lekki,1,Flat,0,0,0,1.0,0,4,2,0,85000000.0
Luxury 5 Bedroom Detached Duplex With Bq,5,5,Banana Island Ikoyi Lagos,6.4600581,3.4593152,1.2666850782568917,19.69523211516851,Banana Island,1,Detached Duplex,0,1,0,1.0,0,5,5,0,3500000000.0
Beautiful Luxury 2 Bedroom Apartment With Bq,2,2,Lekki Phase 1 Lekki Lagos,6.4711251,3.8147504,39.0638334712576,53.23478511464151,Lekki,1,Flat,0,1,0,1.0,0,4,2,0,180000000.0
3 Bedroom Apartment,3,3,Osborne Foreshore Estate Ikoyi Lagos,6.4516268,3.4117815,5.595874965201447,17.89581566309951,Ikoyi,1,Flat,0,0,0,1.0,0,5,3,0,550000000.0
Luxurious 4 Bedroom Terraced Duplex,4,4,Maryland Lagos,6.5731894,3.3699482,17.11608804854042,3.764744899090711,Maryland,0,Terrace,0,0,0,1.0,0,4,0,0,380000000.0
Newly Built 4 Bedroom Detached Duplex With Bq,4,4,Ikeja Lagos,6.5974727,3.3432815,21.044803340125824,1.0271477798224158,Ikeja,0,Detached Duplex,0,1,1,1.0,0,5,0,1,320000000.0
2 Bedroom Apartment With Bq,2,2,Old Ikoyi Ikoyi Lagos,6.4516268,3.4117815,5.595874965201447,17.89581566309951,Ikoyi,1,Flat,0,1,0,1.0,0,5,2,0,706000000.0
Newly Built 4 Bedroom Semi Detached Duplex With Bq,4,4,Ikeja Gra Ikeja Lagos,6.5974727,3.3432815,21.044803340125824,1.0271477798224158,Ikeja,0,Detached Duplex,0,1,1,1.0,0,5,0,1,650000000.0
5 Bedroom Detached Duplex With Bq,5,5,Ajah Lagos,6.4694716,3.5623861,11.300377211002502,27.53491907587076,Ajah,1,Detached Duplex,0,1,0,1.0,0,4,5,0,1200000000.0
Beautiful Luxury 2 Bedroom Apartment With Bq,2,2,Lekki Phase 1 Lekki Lagos,6.4711251,3.8147504,39.0638334712576,53.23478511464151,Lekki,1,Flat,0,1,0,1.0,0,4,2,0,295000000.0
Serviced 1 Bedroom Apartment,1,1,Ologolo Lekki Lagos,6.4711251,3.8147504,39.0638334712576,53.23478511464151,Lekki,1,Flat,0,0,0,1.0,1,4,1,1,65000000.0
4 Bedroom Penthouse With Bq,4,4,Ikate Lekki Lagos,6.4711251,3.8147504,39.0638334712576,53.23478511464151,Lekki,1,Other,0,1,0,1.0,0,4,4,0,600000000.0
Contemporary Luxury 5 Bedroom Detached Duplex With Bq,5,5,"Banana Island Road, Ikoyi Lagos",6.4600581,3.4593152,1.2666850782568917,19.69523211516851,Banana Island,1,Detached Duplex,0,1,0,1.0,0,5,5,0,2400000000.0
Newly Built 5 Bedroom Detached Duplex With Bq,5,5,Chevron Lekki Lagos,6.4711251,3.8147504,39.0638334712576,53.23478511464151,Lekki,1,Detached Duplex,0,1,1,1.0,0,4,5,1,470000000.0
Newly Built 4 Bedroom Semi Detached Duplex With Bq,4,4,Gbagada Lagos,6.558073,3.3836208,14.873848626382443,6.000235705174417,Gbagada,0,Detached Duplex,0,1,1,1.0,0,4,0,1,300000000.0
4 Bedroom Terrace Duplex With Bq,4,4,Ikeja Gra Ikeja Lagos,6.5974727,3.3432815,21.044803340125824,1.0271477798224158,Ikeja,0,Terrace,0,1,0,1.0,0,5,0,0,600000000.0
Newly Built 4 Bedroom Semi Detached Duplex With Bq,4,4,Chevron Lekki Lagos,6.4711251,3.8147504,39.0638334712576,53.23478511464151,Lekki,1,Detached Duplex,0,1,1,1.0,0,4,4,1,260000000.0
Newly Built 2 Bedroom Apartment,2,2,Idado Lekki Lagos,6.4711251,3.8147504,39.0638334712576,53.23478511464151,Lekki,1,Flat,0,0,1,1.0,0,4,2,1,150000000.0
Luxury 2 Bedroom Apartment,2,2,Ikate Lekki Lagos,6.4711251,3.8147504,39.0638334712576,53.23478511464151,Lekki,1,Flat,0,0,0,1.0,0,4,2,0,150000000.0
Luxury 5 Bedroom Detached Duplex With Bq,5,5,Vgc Lekki Lagos,6.4711251,3.8147504,39.0638334712576,53.23478511464151,Lekki,1,Detached Duplex,0,1,0,1.0,0,4,5,0,400000000.0
5 Bedroom Detached Duplex With Bq,5,5,Chevron Lekki Lagos,6.4711251,3.8147504,39.0638334712576,53.23478511464151,Lekki,1,Detached Duplex,0,1,0,1.0,0,4,5,0,400000000.0
4 Bedroom Terraced Duplex With Bq,4,4,Lekki Phase 1 Lekki Lagos,6.4711251,3.8147504,39.0638334712576,53.23478511464151,Lekki,1,Terrace,0,1,0,1.0,0,4,4,0,470000000.0
6 Bedroom Detached Duplex With Bq,6,6,Chevron Lekki Lagos,6.4711251,3.8147504,39.0638334712576,53.23478511464151,Lekki,1,Detached Duplex,0,1,0,1.0,0,4,6,0,750000000.0
Contemporary 4 Bedroom Detached Duplex With Bq,4,4,Orchid Lekki Lagos,6.4711251,3.8147504,39.0638334712576,53.23478511464151,Lekki,1,Detached Duplex,0,1,0,1.0,0,4,4,0,280000000.0
Newly Built 5 Bedroom Detached Duplex With Bq,5,5,Adeniyi Jones Ikeja Lagos,6.5974727,3.3432815,21.044803340125824,1.0271477798224158,Ikeja,0,Detached Duplex,0,1,1,1.0,0,5,0,1,650000000.0
Luxurious 4 Bedroom Semi Detached Duplex With Lounge,4,4,Ikota Lekki Lagos,6.4711251,3.8147504,39.0638334712576,53.23478511464151,Lekki,1,Detached Duplex,0,0,0,1.0,0,4,4,0,145000000.0
4 Bedroom Detached Duplex With Bq,4,4,Orchid Lekki Lagos,6.4711251,3.8147504,39.0638334712576,53.23478511464151,Lekki,1,Detached Duplex,0,1,0,1.0,0,4,4,0,230000000.0
Newly Built 4 Bedroom Semi Detached Duplex,4,4,Magodo Kosofe Ikosi Lagos,6.6180809,3.3777821,20.90484087396468,3.4188985746987237,Magodo,0,Detached Duplex,0,0,1,1.0,0,4,0,1,270000000.0
5 Bedroom Detached Duplex With Pool,5,5,Lekki Lagos,6.4711251,3.8147504,39.0638334712576,53.23478511464151,Lekki,1,Detached Duplex,1,0,0,1.0,0,4,5,1,400000000.0
Newly Built 5 Bedroom Detached Duplex With Pool,5,5,Chevron Lekki Lagos,6.4711251,3.8147504,39.0638334712576,53.23478511464151,Lekki,1,Detached Duplex,1,0,1,1.0,0,4,5,2,430000000.0
Newly Built 4 Bedroom Terraced Duplex With Bq,4,4,Ikate Lekki Lagos,6.4711251,3.8147504,39.0638334712576,53.23478511464151,Lekki,1,Terrace,0,1,1,1.0,0,4,4,1,210000000.0
Contemporary 5 Bedroom Penthouse With 2 Bq,5,5,Old Ikoyi Ikoyi Lagos,6.4516268,3.4117815,5.595874965201447,17.89581566309951,Ikoyi,1,Other,0,1,0,1.0,0,5,5,0,4000000000.0
Serviced 2 Bedroom Apartment,2,2,Ikate Lekki Lagos,6.4711251,3.8147504,39.0638334712576,53.23478511464151,Lekki,1,Flat,0,0,0,1.0,1,4,2,1,160000000.0
Beautiful Luxury 2 Bedroom Apartment With Pool,2,2,Ologolo Lekki Lagos,6.4711251,3.8147504,39.0638334712576,53.23478511464151,Lekki,1,Flat,1,0,0,1.0,0,4,2,1,130000000.0
Automated 5 Bedroom Detached Duplex With Bq,5,5,Ikota Lekki Lagos,6.4711251,3.8147504,39.0638334712576,53.23478511464151,Lekki,1,Detached Duplex,0,1,0,1.0,0,4,5,0,420000000.0
4 Bedroom Semi Detached Duplex With Bq,4,4,Ajah Lagos,6.4694716,3.5623861,11.300377211002502,27.53491907587076,Ajah,1,Detached Duplex,0,1,0,1.0,0,4,4,0,135000000.0
4 Bedroom Detached Duplex With Bq,4,4,Opebi Ikeja Lagos,6.5974727,3.3432815,21.044803340125824,1.0271477798224158,Ikeja,0,Detached Duplex,0,1,0,1.0,0,5,0,0,490000000.0
Luxury 5 Bedroom Detached Duplex With Bq,5,5,Ikota Lekki Lagos,6.4711251,3.8147504,39.0638334712576,53.23478511464151,Lekki,1,Detached Duplex,0,1,0,1.0,0,4,5,0,300000000.0
5 Bedroom Detached Duplex With Bq,5,5,Lekki Lagos,6.4711251,3.8147504,39.0638334712576,53.23478511464151,Lekki,1,Detached Duplex,0,1,0,1.0,0,4,5,0,650000000.0
Luxurious 4 Bedroom Semi Detached Duplex With Bq,4,4,Ikota Lekki Lagos,6.4711251,3.8147504,39.0638334712576,53.23478511464151,Lekki,1,Detached Duplex,0,1,0,1.0,0,4,4,0,180000000.0
4 Bedroom Detached Duplex With Bq,4,4,Along Lekki Expressway Lekki Lagos,6.4711251,3.8147504,39.0638334712576,53.23478511464151,Lekki,1,Detached Duplex,0,1,0,1.0,0,4,4,0,400000000.0
Luxury 5 Bedroom Detached Duplex With Bq,5,5,Chevron Lekki Lagos,6.4711251,3.8147504,39.0638334712576,53.23478511464151,Lekki,1,Detached Duplex,0,1,0,1.0,0,4,5,0,600000000.0
Luxury 5 Bedroom Detached Duplex With Bq,5,5,Adeniyi Jones Ikeja Lagos,6.5974727,3.3432815,21.044803340125824,1.0271477798224158,Ikeja,0,Detached Duplex,0,1,0,1.0,0,5,0,0,670000000.0
5 Bedroom Detached Duplex With Bq,5,5,Lekki Phase 1 Lekki Lagos,6.4711251,3.8147504,39.0638334712576,53.23478511464151,Lekki,1,Detached Duplex,0,1,0,1.0,0,4,5,0,800000000.0
Contemporary 4 Bedroom Terraced Duplex With Bq,4,4,Ologolo Lekki Lagos,6.4711251,3.8147504,39.0638334712576,53.23478511464151,Lekki,1,Terrace,0,1,0,1.0,0,4,4,0,200000000.0
Luxuriously Built 5 Bedroom Detached Duplex With Bq,5,5,Banana Island Ikoyi Lagos,6.4600581,3.4593152,1.2666850782568917,19.69523211516851,Banana Island,1,Detached Duplex,0,1,0,1.0,0,5,5,0,6000000000.0
Newly Built 5 Bedroom Detached Duplex With Bq,5,5,Lekki Lagos,6.4711251,3.8147504,39.0638334712576,53.23478511464151,Lekki,1,Detached Duplex,0,1,1,1.0,0,4,5,1,650000000.0
Fully Serviced 3 Bedroom Apartment,3,3,Lekki Phase 1 Lekki Lagos,6.4711251,3.8147504,39.0638334712576,53.23478511464151,Lekki,1,Flat,0,0,0,1.0,1,4,3,1,330000000.0
Beautiful Luxury 3 Bedroom Condominium With Jacuzzi,3,3,Lekki Phase 1 Lekki Lagos,6.4711251,3.8147504,39.0638334712576,53.23478511464151,Lekki,1,Other,0,0,0,1.0,0,4,3,0,400000000.0
Newly Built 4 Bedroom Terraced Duplex,4,4,Ikate Lekki Lagos,6.4711251,3.8147504,39.0638334712576,53.23478511464151,Lekki,1,Terrace,0,0,1,1.0,0,4,4,1,350000000.0
Newly Built 5 Bedroom Detached Duplex,5,5,Orchid Lekki Lagos,6.4711251,3.8147504,39.0638334712576,53.23478511464151,Lekki,1,Detached Duplex,0,0,1,1.0,0,4,5,1,680000000.0
Luxury 6 Bedroom Detached Duplex With Bq,6,6,Lekki Phase 1 Lekki Lagos,6.4711251,3.8147504,39.0638334712576,53.23478511464151,Lekki,1,Detached Duplex,0,1,0,1.0,0,4,6,0,850000000.0
Luxury 5 Bedroom Detached Duplex With Bq,5,5,Ikota Lekki Lagos,6.4711251,3.8147504,39.0638334712576,53.23478511464151,Lekki,1,Detached Duplex,0,1,0,1.0,0,4,5,0,650000000.0
5 Bedroom Detached Duplex With Bq,5,5,Lekki Phase 1 Lekki Lagos,6.4711251,3.8147504,39.0638334712576,53.23478511464151,Lekki,1,Detached Duplex,0,1,0,1.0,0,4,5,0,1200000000.0
Newly Built 4 Bedroom Detached Duplex With Bq,4,4,Orchid Lekki Lagos,6.4711251,3.8147504,39.0638334712576,53.23478511464151,Lekki,1,Detached Duplex,0,1,1,1.0,0,4,4,1,285000000.0
5 Bedroom Detached Duplex With Bq,5,5,Banana Island Ikoyi Lagos,6.4600581,3.4593152,1.2666850782568917,19.69523211516851,Banana Island,1,Detached Duplex,0,1,0,1.0,0,5,5,0,7190000000.0
Newly Built 5 Bedroom Semi Detached Duplex With Bq,5,5,Ikoyi Lagos,6.4516268,3.4117815,5.595874965201447,17.89581566309951,Ikoyi,1,Detached Duplex,0,1,1,1.0,0,5,5,1,1600000000.0
Newly Built 4 Bedroom Semi Detached Duplex With Bq,4,4,Magodo Kosofe Ikosi Lagos,6.6180809,3.3777821,20.90484087396468,3.4188985746987237,Magodo,0,Detached Duplex,0,1,1,1.0,0,4,0,1,350000000.0
5 Bedroom Detached Duplex With Bq,5,5,Lekki Phase 1 Lekki Lagos,6.4711251,3.8147504,39.0638334712576,53.23478511464151,Lekki,1,Detached Duplex,0,1,0,1.0,0,4,5,0,1000000000.0
Newly Built 2 Bedroom Apartment,2,2,Adeniyi Jones Ikeja Lagos,6.5974727,3.3432815,21.044803340125824,1.0271477798224158,Ikeja,0,Flat,0,0,1,1.0,0,5,0,1,160000000.0
Luxury 2 Bedroom Apartment With Bq,2,2,Agungi Lekki Lagos,6.4711251,3.8147504,39.0638334712576,53.23478511464151,Lekki,1,Flat,0,1,0,1.0,0,4,2,0,100000000.0
5 Bedroom Waterfront Mansion,5,5,Osapa London Lekki Lagos,6.4711251,3.8147504,39.0638334712576,53.23478511464151,Lekki,1,Other,0,0,0,1.0,0,4,5,0,1550000000.0
1 Bedroom Apartment,1,1,Osborne Foreshore Estate Ikoyi Lagos,6.4516268,3.4117815,5.595874965201447,17.89581566309951,Ikoyi,1,Flat,0,0,0,1.0,0,5,1,0,312000000.0
Luxury 5 Bedroom Detached Duplex With Bq,5,5,Ikate Lekki Lagos,6.4711251,3.8147504,39.0638334712576,53.23478511464151,Lekki,1,Detached Duplex,0,1,0,1.0,0,4,5,0,650000000.0
Newly Built 4 Bedroom Detached Duplex With Bq,4,4,Ogba Lagos,6.632608,3.3407753,24.350383789462544,3.607540599553692,Ogba,0,Detached Duplex,0,1,1,1.0,0,4,0,1,270000000.0
Newly Built 4 Bedroom Terrace Duplex With Bq,4,4,Adeniyi Jones Ikeja Lagos,6.5974727,3.3432815,21.044803340125824,1.0271477798224158,Ikeja,0,Terrace,0,1,1,1.0,0,5,0,1,300000000.0
Luxurious 4 Bedroom Semi Detached Duplex With Bq,4,4,Agungi Lekki Lagos,6.4711251,3.8147504,39.0638334712576,53.23478511464151,Lekki,1,Detached Duplex,0,1,0,1.0,0,4,4,0,250000000.0
Newly Built 5 Bedroom Detached Duplex With Pool,5,5,Ikota Lekki Lagos,6.4711251,3.8147504,39.0638334712576,53.23478511464151,Lekki,1,Detached Duplex,1,0,1,1.0,0,4,5,2,350000000.0
Newly Built 5 Bedroom Detached Duplex With Bq,5,5,Lekki Lagos,6.4711251,3.8147504,39.0638334712576,53.23478511464151,Lekki,1,Detached Duplex,0,1,1,1.0,0,4,5,1,380000000.0
New 2 Bedroom Apartment With Bq,2,2,Lekki Phase 1 Lekki Lagos,6.4711251,3.8147504,39.0638334712576,53.23478511464151,Lekki,1,Flat,0,1,0,1.0,0,4,2,0,260000000.0
Newly Built 4 Bedroom Detached Duplex,4,4,Ogba Lagos,6.632608,3.3407753,24.350383789462544,3.607540599553692,Ogba,0,Detached Duplex,0,0,1,1.0,0,4,0,1,320000000.0
Contemporary 5 Bedroom Detached Duplex With Bq,5,5,Megamound Estate Ikota Lekki Lagos,6.4711251,3.8147504,39.0638334712576,53.23478511464151,Lekki,1,Detached Duplex,0,1,0,1.0,0,4,5,0,550000000.0
Newly Built 5 Bedroom Detached Duplex,5,5,Ajah Lagos,6.4694716,3.5623861,11.300377211002502,27.53491907587076,Ajah,1,Detached Duplex,0,0,1,1.0,0,4,5,1,280000000.0
5 Bedroom Detached Duplex With Bq,5,5,Ajah Lagos,6.4694716,3.5623861,11.300377211002502,27.53491907587076,Ajah,1,Detached Duplex,0,1,0,1.0,0,4,5,0,220000000.0
Luxurious 4 Bedroom Detached Duplex With Bq,4,4,Ajah Lagos,6.4694716,3.5623861,11.300377211002502,27.53491907587076,Ajah,1,Detached Duplex,0,1,0,1.0,0,4,4,0,180000000.0
5 Bedroom Detached Duplex With Bq,5,5,Magodo Gra Phase 2 Kosofe Ikosi Lagos,6.6180809,3.3777821,20.90484087396468,3.4188985746987237,Magodo,0,Detached Duplex,0,1,0,1.0,0,4,0,0,650000000.0
Semi Furnished 2 Bedroom Apartment,2,2,Ikate Lekki Lagos,6.4711251,3.8147504,39.0638334712576,53.23478511464151,Lekki,1,Flat,0,0,0,1.0,0,4,2,0,170000000.0
Luxury 1 Bedroom House,1,1,Ibeju Lekki Lagos,6.4711251,3.8147504,39.0638334712576,53.23478511464151,Lekki,1,Other,0,0,0,1.0,0,4,1,0,65000000.0
Newly Built 5 Bedroom Detached Duplex With Bq,5,5,Orchid Lekki Lagos,6.4711251,3.8147504,39.0638334712576,53.23478511464151,Lekki,1,Detached Duplex,0,1,1,1.0,0,4,5,1,420000000.0
4 Bedroom Semi Detached Duplex With Bq,4,4,Magodo Kosofe Ikosi Lagos,6.6180809,3.3777821,20.90484087396468,3.4188985746987237,Magodo,0,Detached Duplex,0,1,0,1.0,0,4,0,0,250000000.0
Beautiful Luxury 2 Bedroom Apartment,2,2,Lekki Phase 1 Lekki Lagos,6.4711251,3.8147504,39.0638334712576,53.23478511464151,Lekki,1,Flat,0,0,0,1.0,0,4,2,0,295000000.0
2 Bedroom Apartment,2,2,Chevron Lekki Lagos,6.4711251,3.8147504,39.0638334712576,53.23478511464151,Lekki,1,Flat,0,0,0,1.0,0,4,2,0,80000000.0
Newly Built 5 Bedroom Detached Duplex With Bq,5,5,Lekki Lagos,6.4711251,3.8147504,39.0638334712576,53.23478511464151,Lekki,1,Detached Duplex,0,1,1,1.0,0,4,5,1,600000000.0
Luxury 2 Bedroom Apartment With Pool,2,2,Lekki Phase 1 Lekki Lagos,6.4711251,3.8147504,39.0638334712576,53.23478511464151,Lekki,1,Flat,1,0,0,1.0,0,4,2,1,250000000.0
Newly Built 4 Bedroom Terrace Duplex With Bq,4,4,Maryland Lagos,6.5731894,3.3699482,17.11608804854042,3.764744899090711,Maryland,0,Terrace,0,1,1,1.0,0,4,0,1,290000000.0
5 Bedroom Detached Duplex With Bq,5,5,Magodo Gra Phase 2 Kosofe Ikosi Lagos,6.6180809,3.3777821,20.90484087396468,3.4188985746987237,Magodo,0,Detached Duplex,0,1,0,1.0,0,4,0,0,750000000.0
3 Bedroom Terraced Duplex With Bq,3,3,Lekki Phase 1 Lekki Lagos,6.4711251,3.8147504,39.0638334712576,53.23478511464151,Lekki,1,Terrace,0,1,0,1.0,0,4,3,0,550000000.0
Contemporary 4 Bedroom Semi Detached Duplex With Bq,4,4,Magodo Kosofe Ikosi Lagos,6.6180809,3.3777821,20.90484087396468,3.4188985746987237,Magodo,0,Detached Duplex,0,1,0,1.0,0,4,0,0,320000000.0
Contemporary 5 Bedroom Detached Duplex With Bq,5,5,Chevron Lekki Lagos,6.4711251,3.8147504,39.0638334712576,53.23478511464151,Lekki,1,Detached Duplex,0,1,0,1.0,0,4,5,0,520000000.0
Luxury 4 Bedroom Semi Detached Duplex,4,4,Allen Avenue Ikeja Lagos,6.5974727,3.3432815,21.044803340125824,1.0271477798224158,Ikeja,0,Detached Duplex,0,0,0,1.0,0,5,0,0,370000000.0
3 Bedroom Apartment,3,3,Ajah Lagos,6.4694716,3.5623861,11.300377211002502,27.53491907587076,Ajah,1,Flat,0,0,0,1.0,0,4,3,0,95000000.0
5 Bedroom Detached Duplex With Bq,5,5,Chevron Lekki Lagos,6.4711251,3.8147504,39.0638334712576,53.23478511464151,Lekki,1,Detached Duplex,0,1,0,1.0,0,4,5,0,500000000.0
Newly Built 4 Bedroom Semi Detached Duplex With Bq,4,4,Adeniyi Jones Ikeja Lagos,6.5974727,3.3432815,21.044803340125824,1.0271477798224158,Ikeja,0,Detached Duplex,0,1,1,1.0,0,5,0,1,350000000.0
4 Bedroom Semi Detached Duplex With Bq,4,4,Agungi Lekki Lagos,6.4711251,3.8147504,39.0638334712576,53.23478511464151,Lekki,1,Detached Duplex,0,1,0,1.0,0,4,4,0,185000000.0
4 Bedroom Terraced Duplex With Bq,4,4,Osapa London Lekki Lagos,6.4711251,3.8147504,39.0638334712576,53.23478511464151,Lekki,1,Terrace,0,1,0,1.0,0,4,4,0,350000000.0
Newly Built 5 Bedroom Fully Detached Duplex,5,5,Ajah Lagos,6.4694716,3.5623861,11.300377211002502,27.53491907587076,Ajah,1,Detached Duplex,0,0,1,1.0,0,4,5,1,220000000.0
4 Bedroom Terraced Duplex With Bq,4,4,Ikoyi Lagos,6.4516268,3.4117815,5.595874965201447,17.89581566309951,Ikoyi,1,Terrace,0,1,0,1.0,0,5,4,0,1400000000.0
Contemporary 4 Bedroom Detached Duplex With Bq,4,4,Ajah Lagos,6.4694716,3.5623861,11.300377211002502,27.53491907587076,Ajah,1,Detached Duplex,0,1,0,1.0,0,4,4,0,220000000.0
Newly Built 2 Bedroom Apartment,2,2,Ogba Lagos,6.632608,3.3407753,24.350383789462544,3.607540599553692,Ogba,0,Flat,0,0,1,1.0,0,4,0,1,110000000.0
Luxurious 5 Bedroom Semi Detached Duplex With Bq,5,5,Ikate Lekki Lagos,6.4711251,3.8147504,39.0638334712576,53.23478511464151,Lekki,1,Detached Duplex,0,1,0,1.0,0,4,5,0,950000000.0
4 Bedroom Detached Duplex With Bq,4,4,Ajah Lagos,6.4694716,3.5623861,11.300377211002502,27.53491907587076,Ajah,1,Detached Duplex,0,1,0,1.0,0,4,4,0,170000000.0
Exquisitely Built 3 Bedroom Apartment With Pool,3,3,Lekki Phase 1 Lekki Lagos,6.4711251,3.8147504,39.0638334712576,53.23478511464151,Lekki,1,Flat,1,0,0,1.0,0,4,3,1,600000000.0
4 Bedroom Detached Duplex With Bq,4,4,Magodo Kosofe Ikosi Lagos,6.6180809,3.3777821,20.90484087396468,3.4188985746987237,Magodo,0,Detached Duplex,0,1,0,1.0,0,4,0,0,350000000.0
Newly Built 4 Bedroom Semi Detached Duplex With Bq,4,4,Ajah Lagos,6.4694716,3.5623861,11.300377211002502,27.53491907587076,Ajah,1,Detached Duplex,0,1,1,1.0,0,4,4,1,150000000.0
5 Bedroom Detached Duplex With Bq,5,5,Ikota Lekki Lagos,6.4711251,3.8147504,39.0638334712576,53.23478511464151,Lekki,1,Detached Duplex,0,1,0,1.0,0,4,5,0,600000000.0
Newly Built 4 Bedroom Terraced Duplex With Bq,4,4,Maryland Lagos,6.5731894,3.3699482,17.11608804854042,3.764744899090711,Maryland,0,Terrace,0,1,1,1.0,0,4,0,1,300000000.0
3 Bedroom Apartment,3,3,Chevron Lekki Lagos,6.4711251,3.8147504,39.0638334712576,53.23478511464151,Lekki,1,Flat,0,0,0,1.0,0,4,3,0,160000000.0
Luxury 2 Bedroom Apartment With Bq,2,2,Lekki Phase 1 Lekki Lagos,6.4711251,3.8147504,39.0638334712576,53.23478511464151,Lekki,1,Flat,0,1,0,1.0,0,4,2,0,280000000.0
Newly Built 5 Bedroom Detached Duplex,5,5,Ikeja Gra Ikeja Lagos,6.5974727,3.3432815,21.044803340125824,1.0271477798224158,Ikeja,0,Detached Duplex,0,0,1,1.0,0,5,0,1,1200000000.0
4 Bedroom Terrace Duplex With Bq,4,4,Ikoyi Lagos,6.4516268,3.4117815,5.595874965201447,17.89581566309951,Ikoyi,1,Terrace,0,1,0,1.0,0,5,4,0,550000000.0
Exquisitely Built 4 Bedroom Detached Duplex With Bq,4,4,Ajah Lagos,6.4694716,3.5623861,11.300377211002502,27.53491907587076,Ajah,1,Detached Duplex,0,1,0,1.0,0,4,4,0,300000000.0
5 Bedroom Semi Detached Duplex With Bq,5,5,Ikeja Gra Ikeja Lagos,6.5974727,3.3432815,21.044803340125824,1.0271477798224158,Ikeja,0,Detached Duplex,0,1,0,1.0,0,5,0,0,650000000.0
Luxury 5 Bedroom Detached Duplex With Pool,5,5,Osapa London Lekki Lagos,6.4711251,3.8147504,39.0638334712576,53.23478511464151,Lekki,1,Detached Duplex,1,0,0,1.0,0,4,5,1,1700000000.0
4 Bedroom Semi Detached Duplex With Bq,4,4,Ajah Lagos,6.4694716,3.5623861,11.300377211002502,27.53491907587076,Ajah,1,Detached Duplex,0,1,0,1.0,0,4,4,0,150000000.0
5 Bedroom Fully Detached Duplex With Bq,5,5,Ikota Lekki Lagos,6.4711251,3.8147504,39.0638334712576,53.23478511464151,Lekki,1,Detached Duplex,0,1,0,1.0,0,4,5,0,480000000.0
Luxurious 4 Bedroom Semi Detached Duplex With Bq,4,4,Ologolo Lekki Lagos,6.4711251,3.8147504,39.0638334712576,53.23478511464151,Lekki,1,Detached Duplex,0,1,0,1.0,0,4,4,0,190000000.0
Fully Serviced 2 Bedroom Apartment With Bq,2,2,Ikate Lekki Lagos,6.4711251,3.8147504,39.0638334712576,53.23478511464151,Lekki,1,Flat,0,1,0,1.0,1,4,2,1,150000000.0
5 Bedroom Detached Duplex With Bq,5,5,Ikota Lekki Lagos,6.4711251,3.8147504,39.0638334712576,53.23478511464151,Lekki,1,Detached Duplex,0,1,0,1.0,0,4,5,0,450000000.0
Luxury 1 Bedroom Apartment,1,1,Ologolo Lekki Lagos,6.4711251,3.8147504,39.0638334712576,53.23478511464151,Lekki,1,Flat,0,0,0,1.0,0,4,1,0,70000000.0
5 Bedroom Detached Duplex With Bq,5,5,Vgc Lekki Lagos,6.4711251,3.8147504,39.0638334712576,53.23478511464151,Lekki,1,Detached Duplex,0,1,0,1.0,0,4,5,0,380000000.0
Newly Built 5 Bedroom Detached Duplex With Bq,5,5,Ikate Lekki Lagos,6.4711251,3.8147504,39.0638334712576,53.23478511464151,Lekki,1,Detached Duplex,0,1,1,1.0,0,4,5,1,800000000.0
Luxury 1 Bedroom Apartment,1,1,Orchid Lekki Lagos,6.4711251,3.8147504,39.0638334712576,53.23478511464151,Lekki,1,Flat,0,0,0,1.0,0,4,1,0,55000000.0
4 Bedroom Maisonette With Bq,4,4,Old Ikoyi Ikoyi Lagos,6.4516268,3.4117815,5.595874965201447,17.89581566309951,Ikoyi,1,Other,0,1,0,1.0,0,5,4,0,1500000000.0
Luxury 3 Bedroom Apartment,3,3,Lekki Phase 1 Lekki Lagos,6.4711251,3.8147504,39.0638334712576,53.23478511464151,Lekki,1,Flat,0,0,0,1.0,0,4,3,0,350000000.0
Newly Built 4 Bedroom Semi Detached Duplex With Bq,4,4,Maryland Lagos,6.5731894,3.3699482,17.11608804854042,3.764744899090711,Maryland,0,Detached Duplex,0,1,1,1.0,0,4,0,1,350000000.0
Luxury 5 Bedroom Detached Duplex With Bq,5,5,Chevron Lekki Lagos,6.4711251,3.8147504,39.0638334712576,53.23478511464151,Lekki,1,Detached Duplex,0,1,0,1.0,0,4,5,0,500000000.0
4 Bedroom Detached Duplex With Bq,4,4,Ogba Lagos,6.632608,3.3407753,24.350383789462544,3.607540599553692,Ogba,0,Detached Duplex,0,1,0,1.0,0,4,0,0,280000000.0
Luxury 3 Bedroom Apartment,3,3,Lekki Phase 1 Lekki Lagos,6.4711251,3.8147504,39.0638334712576,53.23478511464151,Lekki,1,Flat,0,0,0,1.0,0,4,3,0,300000000.0
Luxurious 4 Bedroom Semi Detached Duplex With Bq,4,4,Ajah Lagos,6.4694716,3.5623861,11.300377211002502,27.53491907587076,Ajah,1,Detached Duplex,0,1,0,1.0,0,4,4,0,180000000.0
Newly Built 4 Bedroom Terraced Duplex With Bq,4,4,Gbagada Lagos,6.558073,3.3836208,14.873848626382443,6.000235705174417,Gbagada,0,Terrace,0,1,1,1.0,0,4,0,1,320000000.0
Newly Built 5 Bedroom Fully Detached Duplex,5,5,Chevron Lekki Lagos,6.4711251,3.8147504,39.0638334712576,53.23478511464151,Lekki,1,Detached Duplex,0,0,1,1.0,0,4,5,1,450000000.0
Contemporary 5 Bedroom Detached House With Gym,5,5,Ikate Lekki Lagos,6.4711251,3.8147504,39.0638334712576,53.23478511464151,Lekki,1,Detached Duplex,0,0,0,1.0,0,4,5,0,750000000.0
Newly Built 4 Bedroom Detached Duplex With Bq,4,4,Orchid Lekki Lagos,6.4711251,3.8147504,39.0638334712576,53.23478511464151,Lekki,1,Detached Duplex,0,1,1,1.0,0,4,4,1,250000000.0
Luxury 5 Bedroom Detached Duplex With Bq,5,5,Lekki Phase 1 Lekki Lagos,6.4711251,3.8147504,39.0638334712576,53.23478511464151,Lekki,1,Detached Duplex,0,1,0,1.0,0,4,5,0,1200000000.0
Newly Built 3 Bedroom Apartment,3,3,Ikeja Gra Ikeja Lagos,6.5974727,3.3432815,21.044803340125824,1.0271477798224158,Ikeja,0,Flat,0,0,1,1.0,0,5,0,1,500000000.0
4 Bedroom Semi Detached Duplex,4,4,Allen Avenue Ikeja Lagos,6.5974727,3.3432815,21.044803340125824,1.0271477798224158,Ikeja,0,Detached Duplex,0,0,0,1.0,0,5,0,0,350000000.0
Contemporary 4 Bedroom Terraced Duplex With Bq,4,4,Lekki Lagos,6.4711251,3.8147504,39.0638334712576,53.23478511464151,Lekki,1,Terrace,0,1,0,1.0,0,4,4,0,350000000.0
4bed Detached +bq,4,5,Ogba Lagos,6.632608,3.3407753,24.350383789462544,3.607540599553692,Ogba,0,Detached Duplex,0,1,0,1.25,0,4,0,0,300000000.0
3bed Apartment..,3,4,Maryland Lagos,6.5731894,3.3699482,17.11608804854042,3.764744899090711,Maryland,0,Flat,0,0,0,1.3333333333333333,0,4,0,0,150000000.0
5bed Detached+bq.,5,6,Osapa London Lekki Lagos,6.4711251,3.8147504,39.0638334712576,53.23478511464151,Lekki,1,Detached Duplex,0,1,0,1.2,0,4,5,0,700000000.0
2/3beds Apartments...,2,3,"Alausa Height, Alausa Ikeja Lagos",6.5974727,3.3432815,21.044803340125824,1.0271477798224158,Ikeja,0,Flat,0,0,0,1.5,0,5,0,0,170000000.0
5bed Detached+bq..,5,6,"Okupe Est, Maryland Lagos",6.5731894,3.3699482,17.11608804854042,3.764744899090711,Maryland,0,Detached Duplex,0,1,0,1.2,0,4,0,0,550000000.0
5bed Detaches+bq,5,6,Adeniyi Jones Ikeja Lagos,6.5974727,3.3432815,21.044803340125824,1.0271477798224158,Ikeja,0,Other,0,1,0,1.2,0,5,0,0,650000000.0
3bed Apartment..,3,4,Adeniyi Jones Ikeja Lagos,6.5974727,3.3432815,21.044803340125824,1.0271477798224158,Ikeja,0,Flat,0,0,0,1.3333333333333333,0,5,0,0,250000000.0
Ongoing 4bed Semi Detaches+bq..,4,5,Adeniyi Jones Ikeja Lagos,6.5974727,3.3432815,21.044803340125824,1.0271477798224158,Ikeja,0,Other,0,1,0,1.25,0,5,0,0,450000000.0
4bed Apartment +bq..,4,5,Ikoyi Lagos,6.4516268,3.4117815,5.595874965201447,17.89581566309951,Ikoyi,1,Flat,0,1,0,1.25,0,5,4,0,800000000.0
3bed Apartment+bq,3,4,Adeniyi Jones Ikeja Lagos,6.5974727,3.3432815,21.044803340125824,1.0271477798224158,Ikeja,0,Flat,0,1,0,1.3333333333333333,0,5,0,0,250000000.0
5bed Detached+bq,5,6,Millenuim Ups Gbagada Lagos,6.558073,3.3836208,14.873848626382443,6.000235705174417,Gbagada,0,Detached Duplex,0,1,0,1.2,0,4,0,0,500000000.0
2bed Apartment..,2,3,Yaba Lagos,6.5114693,3.3699982,12.327418636428003,10.196897835571315,Yaba,0,Flat,0,0,0,1.5,0,4,0,0,140000000.0
5bed Semi Detached+bq,5,6,Adeniyi Jones Ikeja Lagos,6.5974727,3.3432815,21.044803340125824,1.0271477798224158,Ikeja,0,Detached Duplex,0,1,0,1.2,0,5,0,0,400000000.0
3bed Apartment....,3,4,Ikeja Gra Ikeja Lagos,6.5974727,3.3432815,21.044803340125824,1.0271477798224158,Ikeja,0,Flat,0,0,0,1.3333333333333333,0,5,0,0,320000000.0
5bed Semi Detached+bq,5,6,Ikeja Gra Ikeja Lagos,6.5974727,3.3432815,21.044803340125824,1.0271477798224158,Ikeja,0,Detached Duplex,0,1,0,1.2,0,5,0,0,650000000.0
3bed Apartment+ Bq,3,4,Shonibare Estate Maryland Lagos,6.5731894,3.3699482,17.11608804854042,3.764744899090711,Maryland,0,Flat,0,1,0,1.3333333333333333,0,4,0,0,250000000.0
3bed Apartment..,3,4,Surulere Lagos,6.4855737,3.3539907,12.645023012159903,12.856266720612217,Surulere,0,Flat,0,0,0,1.3333333333333333,0,4,0,0,180000000.0
5bed Detaches+bq,5,6,Banana Island Ikoyi Lagos,6.4600581,3.4593152,1.2666850782568917,19.69523211516851,Banana Island,1,Other,0,1,0,1.2,0,5,5,0,4500000000.0
5bed Detached+bq,5,6,Lekki Phase 1 Lekki Lagos,6.4711251,3.8147504,39.0638334712576,53.23478511464151,Lekki,1,Detached Duplex,0,1,0,1.2,0,4,5,0,1300000000.0
Furnished 3bed Apartment..,3,4,(behind Maryland Mall) Maryland Lagos,6.5731894,3.3699482,17.11608804854042,3.764744899090711,Maryland,0,Flat,0,0,0,1.3333333333333333,0,4,0,0,250000000.0
3bed Apartment..,3,4,Ikeja Gra Ikeja Lagos,6.5974727,3.3432815,21.044803340125824,1.0271477798224158,Ikeja,0,Flat,0,0,0,1.3333333333333333,0,5,0,0,300000000.0
5bed Detached+bq.,5,6,Ikeja Gra Ikeja Lagos,6.5974727,3.3432815,21.044803340125824,1.0271477798224158,Ikeja,0,Detached Duplex,0,1,0,1.2,0,5,0,0,650000000.0
2/3bed Apartment..,3,4,Adeniyi Jones Ikeja Lagos,6.5974727,3.3432815,21.044803340125824,1.0271477798224158,Ikeja,0,Flat,0,0,0,1.3333333333333333,0,5,0,0,150000000.0
5bed Penthouse+bq..,5,6,Ikoyi Lagos,6.4516268,3.4117815,5.595874965201447,17.89581566309951,Ikoyi,1,Other,0,1,0,1.2,0,5,5,0,3500000000.0
5 Bedroom Penthouse With Bq,5,6,Ikoyi Lagos,6.4516268,3.4117815,5.595874965201447,17.89581566309951,Ikoyi,1,Other,0,1,0,1.2,0,5,5,0,3500000000.0
Off Plan 3bed Apartment+bq,3,4,Ikeja Gra Ikeja Lagos,6.5974727,3.3432815,21.044803340125824,1.0271477798224158,Ikeja,0,Flat,0,1,0,1.3333333333333333,0,5,0,0,380000000.0
3bed Apartment+bq..,3,4,Ikeja Gra Ikeja Lagos,6.5974727,3.3432815,21.044803340125824,1.0271477798224158,Ikeja,0,Flat,0,1,0,1.3333333333333333,0,5,0,0,500000000.0
3bed Apartment..,3,4,Allen Avenue Ikeja Lagos,6.5974727,3.3432815,21.044803340125824,1.0271477798224158,Ikeja,0,Flat,0,0,0,1.3333333333333333,0,5,0,0,160000000.0
4bed Semi Detached+bq,4,5,Millenuim Ups Gbagada Lagos,6.558073,3.3836208,14.873848626382443,6.000235705174417,Gbagada,0,Detached Duplex,0,1,0,1.25,0,4,0,0,310000000.0
8bed Detached+2bq.,9,10,Opebi Ikeja Lagos,6.5974727,3.3432815,21.044803340125824,1.0271477798224158,Ikeja,0,Detached Duplex,0,1,0,1.1111111111111112,0,5,0,0,980000000.0
5bed Terrace+bq..,5,6,Anthony Village Maryland Lagos,6.5731894,3.3699482,17.11608804854042,3.764744899090711,Maryland,0,Terrace,0,1,0,1.2,0,4,0,0,350000000.0
7bed Detached+bq,7,8,Magodo Gra Phase 2 Kosofe Ikosi Lagos,6.6180809,3.3777821,20.90484087396468,3.4188985746987237,Magodo,0,Detached Duplex,0,1,0,1.1428571428571428,0,4,0,0,700000000.0
14units Of 3beds..,3,4,Ikeja Gra Ikeja Lagos,6.5974727,3.3432815,21.044803340125824,1.0271477798224158,Ikeja,0,Other,0,0,0,1.3333333333333333,0,5,0,0,6000000000.0
5bed Detached +bq..,5,6,Lekki Phase 1 Lekki Lagos,6.4711251,3.8147504,39.0638334712576,53.23478511464151,Lekki,1,Detached Duplex,0,1,0,1.2,0,4,5,0,1300000000.0
5bed Penthouse+bq,5,6,Shonibare Estate Maryland Lagos,6.5731894,3.3699482,17.11608804854042,3.764744899090711,Maryland,0,Other,0,1,0,1.2,0,4,0,0,1200000000.0
5bed Detached+bq,5,6,Magodo Gra Phase 2 Kosofe Ikosi Lagos,6.6180809,3.3777821,20.90484087396468,3.4188985746987237,Magodo,0,Detached Duplex,0,1,0,1.2,0,4,0,0,560000000.0
4bed Semi Detached+bq,4,5,Magodo Gra Phase 1 Ojodu Lagos,6.6180809,3.3777821,20.90484087396468,3.4188985746987237,Magodo,0,Detached Duplex,0,1,0,1.25,0,4,0,0,330000000.0
5bed Detached+bq..,5,6,Osapa London Lekki Lagos,6.4711251,3.8147504,39.0638334712576,53.23478511464151,Lekki,1,Detached Duplex,0,1,0,1.2,0,4,5,0,700000000.0
5bed Detached+bq,5,6,"Okupe Est, Maryland Lagos",6.5731894,3.3699482,17.11608804854042,3.764744899090711,Maryland,0,Detached Duplex,0,1,0,1.2,0,4,0,0,550000000.0
5bed Detached+bq..,5,6,Magodo Gra Phase 2 Kosofe Ikosi Lagos,6.6180809,3.3777821,20.90484087396468,3.4188985746987237,Magodo,0,Detached Duplex,0,1,0,1.2,0,4,0,0,450000000.0
7units Of 3beds..,3,4,Adeniyi Jones Ikeja Lagos,6.5974727,3.3432815,21.044803340125824,1.0271477798224158,Ikeja,0,Other,0,0,0,1.3333333333333333,0,5,0,0,200000000.0
3bed Apartment!!,3,4,Masha Surulere Lagos,6.4855737,3.3539907,12.645023012159903,12.856266720612217,Surulere,0,Flat,0,0,0,1.3333333333333333,0,4,0,0,120000000.0
5bed Detached+bq..,5,6,Osapa London Lekki Lagos,6.4711251,3.8147504,39.0638334712576,53.23478511464151,Lekki,1,Detached Duplex,0,1,0,1.2,0,4,5,0,750000000.0
5bed Detaches+bq,5,6,"Okupe Est, Maryland Lagos",6.5731894,3.3699482,17.11608804854042,3.764744899090711,Maryland,0,Other,0,1,0,1.2,0,4,0,0,500000000.0
5bed Detached +bq..,5,6,Old Ikoyi Ikoyi Lagos,6.4516268,3.4117815,5.595874965201447,17.89581566309951,Ikoyi,1,Detached Duplex,0,1,0,1.2,0,5,5,0,2500000000.0
5bed +bq...,5,6,Gbagada Lagos,6.558073,3.3836208,14.873848626382443,6.000235705174417,Gbagada,0,Other,0,1,0,1.2,0,4,0,0,550000000.0
Furnished 3bed+bq,3,4,"Behind Maryland Mall, Maryland Lagos",6.5731894,3.3699482,17.11608804854042,3.764744899090711,Maryland,0,Other,0,1,0,1.3333333333333333,0,4,0,0,250000000.0
5bed Detached+bq,5,6,Ikoyi Lagos,6.4516268,3.4117815,5.595874965201447,17.89581566309951,Ikoyi,1,Detached Duplex,0,1,0,1.2,0,5,5,0,3500000000.0
4bed Detached+2miniflat(bq),4,5,Magodo Gra Phase 2 Kosofe Ikosi Lagos,6.6180809,3.3777821,20.90484087396468,3.4188985746987237,Magodo,0,Detached Duplex,0,1,0,1.25,0,4,0,0,600000000.0
4 Units Of 3 Bedroom Flat,10,5,Ayobo Alimosho Lagos,6.5843882,3.2575876,27.144835989600622,10.56259673623399,Alimosho,0,Flat,0,0,0,0.5,0,4,0,0,85000000.0
5 Bedroom Terraced Duplex With Bq,5,0,Lekki Lagos,6.4711251,3.8147504,39.0638334712576,53.23478511464151,Lekki,1,Terrace,0,1,0,0.0,0,4,5,0,450000000.0
5 Bedroom Fully Detached Duplex With Bq,5,0,Ikeja Gra Ikeja Lagos,6.5974727,3.3432815,21.044803340125824,1.0271477798224158,Ikeja,0,Detached Duplex,0,1,0,0.0,0,5,0,0,600000000.0
5 Bedroom Semi Detached Duplex With Bq,5,0,Adeniyi Jones Ikeja Lagos,6.5974727,3.3432815,21.044803340125824,1.0271477798224158,Ikeja,0,Detached Duplex,0,1,0,0.0,0,5,0,0,320000000.0
2 Bedroom Apartment,2,0,Ikate Lekki Lagos,6.4711251,3.8147504,39.0638334712576,53.23478511464151,Lekki,1,Flat,0,0,0,0.0,0,4,2,0,120000000.0
5 Bedroom Fully Detached Duplex,5,0,Megamound Estate Lekki County Homes Ikota Lekki Lagos,6.4711251,3.8147504,39.0638334712576,53.23478511464151,Lekki,1,Detached Duplex,0,0,0,0.0,0,4,5,0,400000000.0
4 Bedroom Fully Detached Duplex,4,0,"Isheri, Magodo Phase 1 Kosofe Ikosi Lagos",6.6180809,3.3777821,20.90484087396468,3.4188985746987237,Magodo,0,Detached Duplex,0,0,0,0.0,0,4,0,0,150000000.0
3 Bedroom Semi Detached Duplex With Bq,3,0,Adeniyi Jones Ikeja Lagos,6.5974727,3.3432815,21.044803340125824,1.0271477798224158,Ikeja,0,Detached Duplex,0,1,0,0.0,0,5,0,0,230000000.0
4 Bedroom Terraced Duplex,4,0,Magodo Gra Phase 2 Kosofe Ikosi Lagos,6.6180809,3.3777821,20.90484087396468,3.4188985746987237,Magodo,0,Terrace,0,0,0,0.0,0,4,0,0,285000000.0
4 Bedroom Terraced Duplex,4,0,Opebi Ikeja Lagos,6.5974727,3.3432815,21.044803340125824,1.0271477798224158,Ikeja,0,Terrace,0,0,0,0.0,0,5,0,0,280000000.0
4 Bedroom Semi Detached Duplex,4,0,Ajah Lagos,6.4694716,3.5623861,11.300377211002502,27.53491907587076,Ajah,1,Detached Duplex,0,0,0,0.0,0,4,4,0,110000000.0
4 Bedroom Semi Detached Duplex Plus Bq,4,0,Magodo Phase 2 Kosofe Ikosi Lagos,6.6180809,3.3777821,20.90484087396468,3.4188985746987237,Magodo,0,Detached Duplex,0,1,0,0.0,0,4,0,0,300000000.0
5 Bedroom Fully Detached Duplex,5,0,Ikoyi Lagos,6.4516268,3.4117815,5.595874965201447,17.89581566309951,Ikoyi,1,Detached Duplex,0,0,0,0.0,0,5,5,0,3500000.0
5 Bedroom Bungalow,0,0,"Lawani Street, Off University Of Lagos Road Yaba Lagos",6.5114693,3.3699982,12.327418636428003,10.196897835571315,Yaba,0,Bungalow,0,0,0,0.0,0,4,0,0,170000000.0
4 Bedroom Fully Detached Duplex,4,0,Allen Avenue Ikeja Lagos,6.5974727,3.3432815,21.044803340125824,1.0271477798224158,Ikeja,0,Detached Duplex,0,0,0,0.0,0,5,0,0,280000000.0
5 Bedroom Fully Detached Duplex,5,0,Chevron Lekki Lagos,6.4711251,3.8147504,39.0638334712576,53.23478511464151,Lekki,1,Detached Duplex,0,0,0,0.0,0,4,5,0,400000000.0
Spacious Mini Flat,0,0,Ikota Lekki Lagos,6.4711251,3.8147504,39.0638334712576,53.23478511464151,Lekki,1,Flat,0,0,0,0.0,0,4,0,0,65000000.0
Luxurious Four Bedrooms Fully Detached Duplex,4,5,Orchid Lekki Lagos,6.4711251,3.8147504,39.0638334712576,53.23478511464151,Lekki,1,Detached Duplex,0,0,0,1.25,0,4,4,0,210000000.0
Newly Built Four Bedroom Semi Detached Duplex,4,5,Dpk Estate Orchid Lekki Lagos,6.4711251,3.8147504,39.0638334712576,53.23478511464151,Lekki,1,Detached Duplex,0,0,1,1.25,0,4,4,1,205000000.0
Furnished And Serviced Two Bedroom Terrace Duplex,2,3,Seagate Estate Lekki Phase 1 Lekki Lagos,6.4711251,3.8147504,39.0638334712576,53.23478511464151,Lekki,1,Terrace,0,0,0,1.5,1,4,2,1,160000000.0
Serviced Two Bedroom Apartment,2,3,Lekki Phase 1 Lekki Lagos,6.4711251,3.8147504,39.0638334712576,53.23478511464151,Lekki,1,Flat,0,0,0,1.5,1,4,2,1,280000000.0
Newly Built Four Bedroom Detached Duplex With Bq,4,5,Orchid Lekki Lagos,6.4711251,3.8147504,39.0638334712576,53.23478511464151,Lekki,1,Detached Duplex,0,1,1,1.25,0,4,4,1,150000000.0
Lovely Two Bedroom Apartment,2,3,Ikate Lekki Lagos,6.4711251,3.8147504,39.0638334712576,53.23478511464151,Lekki,1,Flat,0,0,0,1.5,0,4,2,0,190000000.0
Standard Four Bedroom Fully Detached Duplex,4,5,Orchid Lekki Lagos,6.4711251,3.8147504,39.0638334712576,53.23478511464151,Lekki,1,Detached Duplex,0,0,0,1.25,0,4,4,0,240000000.0
Fully Serviced Three Bedroom Terrace Duplex,3,4,Abraham Adesina Road Abraham Adesanya Estate Ajah Lagos,6.4694716,3.5623861,11.300377211002502,27.53491907587076,Ajah,1,Terrace,0,0,0,1.3333333333333333,1,4,3,1,90000000.0
Sharp Three Bedroom Apartment,3,4,Ikota Lekki Lagos,6.4711251,3.8147504,39.0638334712576,53.23478511464151,Lekki,1,Flat,0,0,0,1.3333333333333333,0,4,3,0,90000000.0
Sharp Four Bedroom Terrace Duplex,4,5,Phase 2 Lekki Gardens Estate Ajah Lagos,6.4711251,3.8147504,39.0638334712576,53.23478511464151,Lekki,1,Terrace,0,0,0,1.25,0,4,4,0,85000000.0
Sharp Four Bedroom Detached Duplex With Bq,4,5,Orchid Lekki Lagos,6.4711251,3.8147504,39.0638334712576,53.23478511464151,Lekki,1,Detached Duplex,0,1,0,1.25,0,4,4,0,270000000.0
Sharp Four Bedroom Semi Detached Duplex,4,5,Ikota Lekki Lagos,6.4711251,3.8147504,39.0638334712576,53.23478511464151,Lekki,1,Detached Duplex,0,0,0,1.25,0,4,4,0,200000000.0
Sharp Two Bedroom Apartment,2,3,Ikota Lekki Lagos,6.4711251,3.8147504,39.0638334712576,53.23478511464151,Lekki,1,Flat,0,0,0,1.5,0,4,2,0,80000000.0
Newly Built Three Bedroom Apartment In An Estate,3,4,Alpha Beach Road Lekki Lagos,6.4711251,3.8147504,39.0638334712576,53.23478511464151,Lekki,1,Flat,0,0,1,1.3333333333333333,1,4,3,2,90000000.0
5 Bedroom Fully Detached Duplex,5,5,Osapa London Lekki Lagos,6.4711251,3.8147504,39.0638334712576,53.23478511464151,Lekki,1,Detached Duplex,0,0,0,1.0,0,4,5,0,370000000.0
3 Bedroom Terrace Duplex With Bq,3,3,Ikota Lekki Lagos,6.4711251,3.8147504,39.0638334712576,53.23478511464151,Lekki,1,Terrace,0,1,0,1.0,0,4,3,0,99000000.0
Stunning 4 Bedroom Semi Detached Duplex,4,4,Orchid Lekki Lagos,6.4711251,3.8147504,39.0638334712576,53.23478511464151,Lekki,1,Detached Duplex,0,0,0,1.0,0,4,4,0,220000000.0
Lovely 2 Bedroom Apartment,2,2,Spg Road Ologolo Lekki Lagos,6.4711251,3.8147504,39.0638334712576,53.23478511464151,Lekki,1,Flat,0,0,0,1.0,0,4,2,0,120000000.0
2 Bedroom Duplex,2,2,Orchid Road Orchid Lekki Lagos,6.4711251,3.8147504,39.0638334712576,53.23478511464151,Lekki,1,Duplex,0,0,0,1.0,0,4,2,0,100000000.0
Luxury 5 Bedroom Semi Detached Duplex,5,5,Banana Island Ikoyi Lagos,6.4600581,3.4593152,1.2666850782568917,19.69523211516851,Banana Island,1,Detached Duplex,0,0,0,1.0,0,5,5,0,2300000000.0
4 Bedroom Fully Detached Duplex,4,4,Lekki Right Lekki Phase 1 Lekki Lagos,6.4711251,3.8147504,39.0638334712576,53.23478511464151,Lekki,1,Detached Duplex,0,0,0,1.0,0,4,4,0,300000000.0
4 Bedroom Semi Detached Duplex,4,4,Idado Lekki Lagos,6.4711251,3.8147504,39.0638334712576,53.23478511464151,Lekki,1,Detached Duplex,0,0,0,1.0,0,4,4,0,15000000.0
6 Bedroom Detached House,6,6,Lekki Phase 1 Lekki Lagos,6.4711251,3.8147504,39.0638334712576,53.23478511464151,Lekki,1,Detached Duplex,0,0,0,1.0,0,4,6,0,1300000000.0
4 Bedroom Fully Detached Duplex,4,4,Osapa London Lekki Lagos,6.4711251,3.8147504,39.0638334712576,53.23478511464151,Lekki,1,Detached Duplex,0,0,0,1.0,0,4,4,0,420000000.0
5 Bedroom Fully Detached Duplex,5,5,Osapa London Lekki Lagos,6.4711251,3.8147504,39.0638334712576,53.23478511464151,Lekki,1,Detached Duplex,0,0,0,1.0,0,4,5,0,400000000.0
4 Bedroom Massionette With Bq,4,4,Oniru Victoria Island Lagos,6.4300279,3.4259904,4.5315928067815925,20.705813048742375,Victoria Island,1,Other,0,1,0,1.0,0,5,4,0,450000000.0
Newly Built 5 Bedroom Fully Detached Duplex,5,5,Adeniyi Jones Ikeja Lagos,6.5974727,3.3432815,21.044803340125824,1.0271477798224158,Ikeja,0,Detached Duplex,0,0,1,1.0,0,5,0,1,490000000.0
Blocks Of Flats,0,0,Chevron Drive Chevron Lekki Lagos,6.4711251,3.8147504,39.0638334712576,53.23478511464151,Lekki,1,Flat,0,0,0,0.0,0,4,0,0,2000000000.0
3 Bedroom Flat,3,3,Ogba Lagos,6.632608,3.3407753,24.350383789462544,3.607540599553692,Ogba,0,Flat,0,0,0,1.0,0,4,0,0,130000000.0
5 Bedroom Semi Detached Duplex With Bq,5,5,Ikate Lekki Lagos,6.4711251,3.8147504,39.0638334712576,53.23478511464151,Lekki,1,Detached Duplex,0,1,0,1.0,0,4,5,0,980000000.0
2 Bedroom Apartment,2,2,Lekki Phase 1 Lekki Lagos,6.4711251,3.8147504,39.0638334712576,53.23478511464151,Lekki,1,Flat,0,0,0,1.0,0,4,2,0,180000000.0
Brand New 4 Bedroom Terrace Duplex With Bq,4,4,Freedom Way Lekki Phase 1 Lekki Lagos,6.4711251,3.8147504,39.0638334712576,53.23478511464151,Lekki,1,Terrace,0,1,1,1.0,0,4,4,1,300000000.0
5 Bedroom Semi Detached Duplex,5,5,Ikeja Gra Ikeja Lagos,6.5974727,3.3432815,21.044803340125824,1.0271477798224158,Ikeja,0,Detached Duplex,0,0,0,1.0,0,5,0,0,350000000.0
3 Bedroom Apartment,3,3,Lekki Phase 1 Lekki Lagos,6.4711251,3.8147504,39.0638334712576,53.23478511464151,Lekki,1,Flat,0,0,0,1.0,0,4,3,0,460000000.0
Nice 2 Bedroom Apartment,2,2,Ikate Lekki Lagos,6.4711251,3.8147504,39.0638334712576,53.23478511464151,Lekki,1,Flat,0,0,0,1.0,0,4,2,0,160000000.0
Newly Built 4 Bedroom Terraced Duplex With Bq,4,4,Banana Island Ikoyi Lagos,6.4600581,3.4593152,1.2666850782568917,19.69523211516851,Banana Island,1,Terrace,0,1,1,1.0,0,5,4,1,1200000.0
Neatly Finished 4 Bedroom Terrace Duplex,4,4,Lekki Gardens Estate Ajah Lagos,6.4711251,3.8147504,39.0638334712576,53.23478511464151,Lekki,1,Terrace,0,0,0,1.0,0,4,4,0,120000000.0
4 Bedroom Terrace Duplex With Bq,4,4,Ikota Lekki Lagos,6.4711251,3.8147504,39.0638334712576,53.23478511464151,Lekki,1,Terrace,0,1,0,1.0,0,4,4,0,160000000.0
4 Bedroom Semi Detached House,4,4,Chevron Drive Lekki Lagos,6.4711251,3.8147504,39.0638334712576,53.23478511464151,Lekki,1,Detached Duplex,0,0,0,1.0,0,4,4,0,200000000.0
4 Bedroom Fully Detached Duplex,4,4,Abraham Adesanya Estate Ajah Lagos,6.4694716,3.5623861,11.300377211002502,27.53491907587076,Ajah,1,Detached Duplex,0,0,0,1.0,0,4,4,0,170000000.0
4 Bedroom Fully Detached Duplex,4,4,Magodo Gra Phase 1 Ojodu Lagos,6.6180809,3.3777821,20.90484087396468,3.4188985746987237,Magodo,0,Detached Duplex,0,0,0,1.0,0,4,0,0,260000000.0
Studio Apartment,0,0,Orchid Lekki Lagos,6.4711251,3.8147504,39.0638334712576,53.23478511464151,Lekki,1,Flat,0,0,0,0.0,0,4,0,0,50000000.0
3 Bedroom Apartment,3,3,Lekki Phase 1 Lekki Lagos,6.4711251,3.8147504,39.0638334712576,53.23478511464151,Lekki,1,Flat,0,0,0,1.0,0,4,3,0,480000000.0
Fully Automated 5 Bedroom Duplex,5,5,Chevron Lekki Lagos,6.4711251,3.8147504,39.0638334712576,53.23478511464151,Lekki,1,Duplex,0,0,0,1.0,0,4,5,0,600000000.0
4 Bedroom Fully Detached Duplex,4,4,Orchid Lekki Lagos,6.4711251,3.8147504,39.0638334712576,53.23478511464151,Lekki,1,Detached Duplex,0,0,0,1.0,0,4,4,0,240000000.0
Newly Built 5 Bedroom Detached Duplex,5,5,Lekki Phase 1 Lekki Lagos,6.4711251,3.8147504,39.0638334712576,53.23478511464151,Lekki,1,Detached Duplex,0,0,1,1.0,0,4,5,1,1200000000.0
Luxury 5 Bedroom Fully Detached Duplex,5,5,Banana Island Ikoyi Lagos,6.4600581,3.4593152,1.2666850782568917,19.69523211516851,Banana Island,1,Detached Duplex,0,0,0,1.0,0,5,5,0,2000000000.0
4 Bedroom Semi Detached Duplex,4,4,Chevron Lekki Lagos,6.4711251,3.8147504,39.0638334712576,53.23478511464151,Lekki,1,Detached Duplex,0,0,0,1.0,0,4,4,0,160000000.0
2 Bedroom Apartment,0,0,Lekki Right Lekki Phase 1 Lekki Lagos,6.4711251,3.8147504,39.0638334712576,53.23478511464151,Lekki,1,Flat,0,0,0,0.0,0,4,0,0,330000000.0
Newly Built 4 Bedroom Duplex With Bq,4,4,Banana Island Ikoyi Lagos,6.4600581,3.4593152,1.2666850782568917,19.69523211516851,Banana Island,1,Duplex,0,1,1,1.0,0,5,4,1,2000000000.0
3 Bedroom Terrace Duplex,3,3,Ikoyi Lagos,6.4516268,3.4117815,5.595874965201447,17.89581566309951,Ikoyi,1,Terrace,0,0,0,1.0,0,5,3,0,900000000.0
4 Bedroom Terraced Duplex With Bq,4,4,Banana Island Ikoyi Lagos,6.4600581,3.4593152,1.2666850782568917,19.69523211516851,Banana Island,1,Terrace,0,1,0,1.0,0,5,4,0,1600000000.0
Newly Built 4 Bedroom Detached Duplex With Bq,4,4,Banana Island Ikoyi Lagos,6.4600581,3.4593152,1.2666850782568917,19.69523211516851,Banana Island,1,Detached Duplex,0,1,1,1.0,0,5,4,1,4200000.0
Exquisite 4 Bedroom Semi Detached Duplex,4,4,Orchid Lekki Lagos,6.4711251,3.8147504,39.0638334712576,53.23478511464151,Lekki,1,Detached Duplex,0,0,0,1.0,0,4,4,0,250000000.0
3 Bedroom Apartment,3,3,Victoria Island Victoria Island Lagos,6.4300279,3.4259904,4.5315928067815925,20.705813048742375,Victoria Island,1,Flat,0,0,0,1.0,0,5,3,0,620000000.0
4 Bedroom Semi Detached Duplex With Bq,4,4,Ikota Lekki Lagos,6.4711251,3.8147504,39.0638334712576,53.23478511464151,Lekki,1,Detached Duplex,0,1,0,1.0,0,4,4,0,250000000.0
Newly Built 4 Bedroom Semi Detached Duplex,4,4,Surulere Surulere Lagos,6.4855737,3.3539907,12.645023012159903,12.856266720612217,Surulere,0,Detached Duplex,0,0,1,1.0,0,4,0,1,260000000.0
2 Bedroom Apartment,2,2,Oniru Victoria Island Lagos,6.4300279,3.4259904,4.5315928067815925,20.705813048742375,Victoria Island,1,Flat,0,0,0,1.0,0,5,2,0,280000000.0
5 Bedroom Semi Detached Duplex,5,5,Richmond Gate Estate Lekki Lagos,6.4711251,3.8147504,39.0638334712576,53.23478511464151,Lekki,1,Detached Duplex,0,0,0,1.0,0,4,5,0,500000000.0
3 Bedroom Apartment,3,3,Chevron Lekki Lagos,6.4711251,3.8147504,39.0638334712576,53.23478511464151,Lekki,1,Flat,0,0,0,1.0,0,4,3,0,165000000.0
7 Units Of 3 Bedroom Flat With Warehouse,0,0,Ebute Metta Yaba Lagos,6.5114693,3.3699982,12.327418636428003,10.196897835571315,Yaba,0,Flat,0,0,0,0.0,0,4,0,0,250000000.0
6 Bedroom Fully Detached Duplex,6,6,Lekki Phase 1 Lekki Lagos,6.4711251,3.8147504,39.0638334712576,53.23478511464151,Lekki,1,Detached Duplex,0,0,0,1.0,0,4,6,0,850000000.0
3 Bedroom Flat With Bq,3,3,Banana Island Ikoyi Lagos,6.4600581,3.4593152,1.2666850782568917,19.69523211516851,Banana Island,1,Flat,0,1,0,1.0,0,5,3,0,1200000.0
3 Bedroom Terrace Duplex,3,3,Abraham Adesanya Estate Ajah Lagos,6.4694716,3.5623861,11.300377211002502,27.53491907587076,Ajah,1,Terrace,0,0,0,1.0,0,4,3,0,90000000.0
4 Bedroom Penthouse,4,4,Lekki Phase 1 Lekki Lagos,6.4711251,3.8147504,39.0638334712576,53.23478511464151,Lekki,1,Other,0,0,0,1.0,0,4,4,0,580000000.0
3 Bedroom Flat With Bq,3,3,Oniru Victoria Island Lagos,6.4300279,3.4259904,4.5315928067815925,20.705813048742375,Victoria Island,1,Flat,0,1,0,1.0,0,5,3,0,280000000.0
5 Bedroom Fully Detached Duplex,5,5,Lekki Phase 1 Lekki Lagos,6.4711251,3.8147504,39.0638334712576,53.23478511464151,Lekki,1,Detached Duplex,0,0,0,1.0,0,4,5,0,2000000000.0
2 Bedroom Terrace Duplex With Bq,3,3,Abijo G.r.a Abijo Ajah Lagos,6.4694716,3.5623861,11.300377211002502,27.53491907587076,Ajah,1,Terrace,0,1,0,1.0,0,4,3,0,75000000.0
2 Storey Building,0,0,Awolowo Way Ikeja Lagos,6.5974727,3.3432815,21.044803340125824,1.0271477798224158,Ikeja,0,Other,0,0,0,0.0,0,5,0,0,800000000.0
Luxury 4 Bedroom Terrace Duplex With Bq,4,4,Osborne Phase2 Osborne Foreshore Estate Ikoyi Lagos,6.4516268,3.4117815,5.595874965201447,17.89581566309951,Ikoyi,1,Terrace,0,1,0,1.0,0,5,4,0,350000000.0
5 Bedroom Semi Detached Duplex With Bq,5,5,Banana Island Ikoyi Lagos,6.4600581,3.4593152,1.2666850782568917,19.69523211516851,Banana Island,1,Detached Duplex,0,1,0,1.0,0,5,5,0,1600000000.0
3 Bedroom Apartment,3,3,Ikate Lekki Lagos,6.4711251,3.8147504,39.0638334712576,53.23478511464151,Lekki,1,Flat,0,0,0,1.0,0,4,3,0,140000000.0
1 Bedroom Apartment,0,0,Lekki Right Lekki Phase 1 Lekki Lagos,6.4711251,3.8147504,39.0638334712576,53.23478511464151,Lekki,1,Flat,0,0,0,0.0,0,4,0,0,230000000.0
Vacant/solid Block Of Flat,0,0,Kilo Marsha Surulere Lagos,6.4855737,3.3539907,12.645023012159903,12.856266720612217,Surulere,0,Flat,0,0,0,0.0,0,4,0,0,350000000.0
4 Flats Of 3 Bedroom,0,0,Adegoke Estate Ogunlana Surulere Lagos,6.4855737,3.3539907,12.645023012159903,12.856266720612217,Surulere,0,Flat,0,0,0,0.0,0,4,0,0,300000000.0
Detached House Open Plan Office Up/down,0,0,"Itire Rd By Ogunlana Junction, Ogunlana Surulere Lagos",6.4855737,3.3539907,12.645023012159903,12.856266720612217,Surulere,0,Detached Duplex,0,0,0,0.0,0,4,0,0,400000000.0
4 Bedroom Detached Bungalow,0,0,Adeniran Ogunsanya Surulere Lagos,6.4855737,3.3539907,12.645023012159903,12.856266720612217,Surulere,0,Detached Duplex,0,0,0,0.0,0,4,0,0,350000000.0
Bungalow,0,0,Modupe Johson Cresent Adeniran Ogunsanya Surulere Lagos,6.4855737,3.3539907,12.645023012159903,12.856266720612217,Surulere,0,Bungalow,0,0,0,0.0,0,4,0,0,260000000.0
2 Nos Of 5bedroom Detached House,5,4,Alaka Bus Stop Alaka Estate Surulere Lagos,6.4855737,3.3539907,12.645023012159903,12.856266720612217,Surulere,0,Detached Duplex,0,0,0,0.8,0,4,0,0,500000000.0
Newly Built 3 Bedroom Apartment With Bq,3,3,Off Awolowo Road Alausa Ikeja Lagos,6.5974727,3.3432815,21.044803340125824,1.0271477798224158,Ikeja,0,Flat,0,1,1,1.0,0,5,0,1,200000000.0
4 Bedroom Detached Duplex,4,4,"Glory Estate, Ifako Gbagada Gbagada Lagos",6.558073,3.3836208,14.873848626382443,6.000235705174417,Gbagada,0,Detached Duplex,0,0,0,1.0,0,4,0,0,250000000.0
Newly Built 3 Bedroom Flat,3,3,"Ayinde Sanni, Magodo Gra Phase 2 Kosofe Ikosi Lagos",6.6180809,3.3777821,20.90484087396468,3.4188985746987237,Magodo,0,Flat,0,0,1,1.0,0,4,0,1,200000000.0
Decent Bungalow On Half Plot,2,2,Kola Oladejo Street Odogunyan Ikorodu Lagos,6.6191233,3.5041271,19.37412223201939,16.98654075658537,Ikorodu,0,Bungalow,0,0,0,1.0,0,2,0,0,30000000.0
Newly Built 5 Bedroom Semi Detached House,5,5,Ocean Bay Estate Orchid Lekki Lagos,6.4711251,3.8147504,39.0638334712576,53.23478511464151,Lekki,1,Detached Duplex,0,0,1,1.0,0,4,5,1,250000000.0
Newly Built 2 Bedroom Flat,2,2,Adeleye Street Ifako Gbagada Gbagada Lagos,6.558073,3.3836208,14.873848626382443,6.000235705174417,Gbagada,0,Flat,0,0,1,1.0,0,4,0,1,90000000.0
Newly Built 4 Bedroom Terrace Duplex With A Bq,4,4,Magodo Gra Phase 2 Kosofe Ikosi Lagos,6.6180809,3.3777821,20.90484087396468,3.4188985746987237,Magodo,0,Terrace,0,1,1,1.0,0,4,0,1,320000000.0
5 Bedroom Detached Duplex,5,5,"Back Of Deeper Life Church, Soluyi Gbagada Lagos",6.5857286,3.975694,58.76256740901005,69.05125291773466,Epe,1,Detached Duplex,0,0,0,1.0,0,1,5,0,230000000.0
Blocks Of Flats,0,0,Ezekiel Street Off Toying Street Toyin Street Ikeja Lagos,6.5974727,3.3432815,21.044803340125824,1.0271477798224158,Ikeja,0,Flat,0,0,0,0.0,0,5,0,0,350000000.0
Blocks Of Flats,0,0,Off Ogombo Road Abraham Adesanya Estate Ajah Lagos,6.4694716,3.5623861,11.300377211002502,27.53491907587076,Ajah,1,Flat,0,0,0,0.0,0,4,0,0,140000000.0
Petrol Station,0,0,Yaba Lagos,6.5114693,3.3699982,12.327418636428003,10.196897835571315,Yaba,0,Other,0,0,0,0.0,0,4,0,0,2500000000.0
Petrol Station,0,0,Awoyaya Ibeju Lekki Lagos,6.4711251,3.8147504,39.0638334712576,53.23478511464151,Lekki,1,Other,0,0,0,0.0,0,4,0,0,2000000000.0
Blicks Of Flats,0,0,"Ita Meta,abuke Alaro, Gberigbe Ijede Ikorodu Lagos",6.6191233,3.5041271,19.37412223201939,16.98654075658537,Ikorodu,0,Flat,0,0,0,0.0,0,2,0,0,145000000.0
6 Units Of 2 Bedroom Flat,0,0,Allen Avenue Ikeja Lagos,6.5974727,3.3432815,21.044803340125824,1.0271477798224158,Ikeja,0,Flat,0,0,0,0.0,0,5,0,0,600000000.0
Office Complex,0,0,"Off Awolowo Way,close To Computer Village Awolowo Way Ikeja Lagos",6.5974727,3.3432815,21.044803340125824,1.0271477798224158,Ikeja,0,Other,0,0,0,0.0,0,5,0,0,350000000.0
Newly Built 8 Units Of 2 Bedroom Flats,0,0,"Igbe Road,oreyo Igbogbo Ikorodu Lagos",6.6191233,3.5041271,19.37412223201939,16.98654075658537,Ikorodu,0,Flat,0,0,1,0.0,0,2,0,1,170000000.0
Functional Hotel,0,0,Adeniyi Jones Ikeja Lagos,6.5974727,3.3432815,21.044803340125824,1.0271477798224158,Ikeja,0,Other,0,0,0,0.0,0,5,0,0,800000000.0
"4 Bedroom,2 Bedroom Bungalow",0,0,Ups Estate Igbogbo Ikorodu Lagos,6.6191233,3.5041271,19.37412223201939,16.98654075658537,Ikorodu,0,Bungalow,0,0,0,0.0,0,2,0,0,35000000.0
Block Of Flats,0,0,Eyita Ikorodu Lagos,6.6191233,3.5041271,19.37412223201939,16.98654075658537,Ikorodu,0,Flat,0,0,0,0.0,0,2,0,0,80000000.0
4 Units Of 3 Bedroom Flats,0,0,Opposite Igbogbo Health Care Center Igbogbo Ikorodu Lagos,6.6191233,3.5041271,19.37412223201939,16.98654075658537,Ikorodu,0,Flat,0,0,0,0.0,0,2,0,0,80000000.0
Newly Built 2 Bedroom Flat,2,2,Lagos State Housing Estate Ibeshe Ikorodu Lagos,6.6191233,3.5041271,19.37412223201939,16.98654075658537,Ikorodu,0,Flat,0,0,1,1.0,0,2,0,1,35000000.0
3 Bedroom Flat With Bq,3,3,"Elsie Femi Pearse, Victoria Island Lagos",6.4300279,3.4259904,4.5315928067815925,20.705813048742375,Victoria Island,1,Flat,0,1,0,1.0,0,5,3,0,550000000.0
4 Bedroom Bungalow,0,0,Abule Paul Linking Offin/oreta Road Igbogbo Ikorodu Lagos,6.6191233,3.5041271,19.37412223201939,16.98654075658537,Ikorodu,0,Bungalow,0,0,0,0.0,0,2,0,0,22000000.0
Blocks Of Flats,0,0,Oreyo Igbogbo Ikorodu Lagos,6.6191233,3.5041271,19.37412223201939,16.98654075658537,Ikorodu,0,Flat,0,0,0,0.0,0,2,0,0,50000000.0
5 Bedroom Duplex,0,0,Valley View Estate Ebute Ikorodu Lagos,6.6191233,3.5041271,19.37412223201939,16.98654075658537,Ikorodu,0,Duplex,0,0,0,0.0,0,2,0,0,170000000.0
5 Bedroom Duplex With Other Flats,0,0,Ori Okuta Junction Agric Ikorodu Lagos,6.6191233,3.5041271,19.37412223201939,16.98654075658537,Ikorodu,0,Flat,0,0,0,0.0,0,2,0,0,130000000.0
3 Bedroom Flat,0,0,"Gbopa,road L Igbogbo Ikorodu Lagos",6.6191233,3.5041271,19.37412223201939,16.98654075658537,Ikorodu,0,Flat,0,0,0,0.0,0,2,0,0,16000000.0
2 Bedroom Bungalow,0,0,"Wagbare ,offin Igbogbo Ikorodu Lagos",6.6191233,3.5041271,19.37412223201939,16.98654075658537,Ikorodu,0,Bungalow,0,0,0,0.0,0,2,0,0,14000000.0
50 Rooms Hotel,0,0,Solebo Estate Ebute Ikorodu Lagos,6.6191233,3.5041271,19.37412223201939,16.98654075658537,Ikorodu,0,Other,0,0,0,0.0,0,2,0,0,250000000.0
20 Units Of 2 Bedroom Flat,0,0,Amore Street Toyin Street Ikeja Lagos,6.5974727,3.3432815,21.044803340125824,1.0271477798224158,Ikeja,0,Flat,0,0,0,0.0,0,5,0,0,1700000000.0
Storey Building Facing Expressway,0,0,Bus Stop Odogunyan Ikorodu Lagos,6.6191233,3.5041271,19.37412223201939,16.98654075658537,Ikorodu,0,Other,0,0,0,0.0,0,2,0,0,180000000.0
Detached Bungalow With Shops,0,0,"Npa Estate,maya Maya Ikorodu Lagos",6.6191233,3.5041271,19.37412223201939,16.98654075658537,Ikorodu,0,Detached Duplex,0,0,0,0.0,0,2,0,0,45000000.0
Warehouse,0,0,Oregon Industrial Area Oregun Ikeja Lagos,6.5974727,3.3432815,21.044803340125824,1.0271477798224158,Ikeja,0,Other,0,0,0,0.0,0,5,0,0,18000000000.0
8 Bedroom Fully Detached Duplex With Bq,0,0,Opebi Ikeja Lagos,6.5974727,3.3432815,21.044803340125824,1.0271477798224158,Ikeja,0,Detached Duplex,0,1,0,0.0,0,5,0,0,1000000000.0
4 Bedroom Duplex,0,0,"River View Estate,oluodo Ebute Ikorodu Lagos",6.6191233,3.5041271,19.37412223201939,16.98654075658537,Ikorodu,0,Duplex,0,0,0,0.0,0,2,0,0,90000000.0
5 Bedroom Duplex With Bq,0,0,Adeniyi Jones Ikeja Lagos,6.5974727,3.3432815,21.044803340125824,1.0271477798224158,Ikeja,0,Duplex,0,1,0,0.0,0,5,0,0,550000000.0
8 Units Of Rooms With Uncompleted Building,0,0,"Lantan, Agunfoye Last Bus Stop, Igbogbo Ikorodu Lagos",6.6191233,3.5041271,19.37412223201939,16.98654075658537,Ikorodu,0,Other,0,0,0,0.0,0,2,0,0,20000000.0
4 Units Of 3 Bedroom Flat,0,0,Cbd Alausa Ikeja Lagos,6.5974727,3.3432815,21.044803340125824,1.0271477798224158,Ikeja,0,Flat,0,0,0,0.0,0,5,0,0,320000000.0
Blocks Of Flats,0,0,Offin Road Igbogbo Ikorodu Lagos,6.6191233,3.5041271,19.37412223201939,16.98654075658537,Ikorodu,0,Flat,0,0,0,0.0,0,2,0,0,23000000.0
Functional Hotel,0,0,Ijede Axis Ikorodu Lagos,6.6191233,3.5041271,19.37412223201939,16.98654075658537,Ikorodu,0,Other,0,0,0,0.0,0,2,0,0,130000000.0
"4 Bay Warehouse Measuring 6,000 Sqm",0,0,Off Billings Way Oregun Ikeja Lagos,6.5974727,3.3432815,21.044803340125824,1.0271477798224158,Ikeja,0,Other,0,0,0,0.0,0,5,0,0,2500000000.0
5 Bedroom Duplex,0,0,Awobo Estate Igbogbo Ikorodu Lagos,6.6191233,3.5041271,19.37412223201939,16.98654075658537,Ikorodu,0,Duplex,0,0,0,0.0,0,2,0,0,63000000.0
Commercial Property,0,0,Awolowo Way Ikeja Lagos,6.5974727,3.3432815,21.044803340125824,1.0271477798224158,Ikeja,0,Other,0,0,0,0.0,0,5,0,0,200000000.0
Blocks Of Flats,0,0,Nasfat Street Before Agunfoye Sawmill Igbogbo Ikorodu Lagos,6.6191233,3.5041271,19.37412223201939,16.98654075658537,Ikorodu,0,Flat,0,0,0,0.0,0,2,0,0,25000000.0
6 Blocks Of Flat,0,0,Ajao Estate Anthony Village Maryland Lagos,6.5731894,3.3699482,17.11608804854042,3.764744899090711,Maryland,0,Flat,0,0,0,0.0,0,4,0,0,350000000.0
28 Rooms Hotel,0,0,Awobo Igbogbo Ikorodu Lagos,6.6191233,3.5041271,19.37412223201939,16.98654075658537,Ikorodu,0,Other,0,0,0,0.0,0,2,0,0,550000000.0
8 Bedroom Duplex,8,8,"Intel Estate, Ikorodu Garage Ikorodu Lagos",6.6191233,3.5041271,19.37412223201939,16.98654075658537,Ikorodu,0,Duplex,0,0,0,1.0,0,2,0,0,110000000.0
4 Bedroom Bungalow,4,4,"Ire 2, Agunfoye Igbogbo Ikorodu Lagos",6.6191233,3.5041271,19.37412223201939,16.98654075658537,Ikorodu,0,Bungalow,0,0,0,1.0,0,2,0,0,25000000.0
Blocks Of Flats,10,10,Ebute Ikorodu Lagos,6.6191233,3.5041271,19.37412223201939,16.98654075658537,Ikorodu,0,Flat,0,0,0,1.0,0,2,0,0,100000000.0
3 Bedroom Flat With Bq,3,3,"Oba Dosunmu Street, Ikeja Gra Ikeja Lagos",6.5974727,3.3432815,21.044803340125824,1.0271477798224158,Ikeja,0,Flat,0,1,0,1.0,0,5,0,0,650000000.0
3 Bedroom Flat,3,3,Ikeja Gra Ikeja Lagos,6.5974727,3.3432815,21.044803340125824,1.0271477798224158,Ikeja,0,Flat,0,0,0,1.0,0,5,0,0,220000000.0
Club House,0,0,Ogunnusi Road Ogba Bus Stop Ogba Lagos,6.632608,3.3407753,24.350383789462544,3.607540599553692,Ogba,0,Other,0,0,0,0.0,0,4,0,0,850000000.0
Detached 3 Bedroom Bungalow,0,0,Agunfoye Igbogbo Ikorodu Lagos,6.6191233,3.5041271,19.37412223201939,16.98654075658537,Ikorodu,0,Detached Duplex,0,0,0,0.0,0,2,0,0,30000000.0
9 Units Of Room And Parlour Self Contain,0,0,Igbe Laara Igbogbo Ikorodu Lagos,6.6191233,3.5041271,19.37412223201939,16.98654075658537,Ikorodu,0,Other,0,0,0,0.0,0,2,0,0,45000000.0
Blocks Of Flats,0,0,Morekete Off Agunfoye Junction Igbogbo Ikorodu Lagos,6.6191233,3.5041271,19.37412223201939,16.98654075658537,Ikorodu,0,Flat,0,0,0,0.0,0,2,0,0,25000000.0
Blocks Of Flats,0,0,Grammar School Ikorodu Garage Ikorodu Lagos,6.6191233,3.5041271,19.37412223201939,16.98654075658537,Ikorodu,0,Flat,0,0,0,0.0,0,2,0,0,200000000.0
Blocks Of Flats,0,0,"Close To Mandela B/stop,itele Maya Ikorodu Lagos",6.6191233,3.5041271,19.37412223201939,16.98654075658537,Ikorodu,0,Flat,0,0,0,0.0,0,2,0,0,30000000.0
Bungalow,0,0,"Abule Afa,agric Agric Ikorodu Lagos",6.6191233,3.5041271,19.37412223201939,16.98654075658537,Ikorodu,0,Bungalow,0,0,0,0.0,0,2,0,0,35000000.0
4 Units Of 3 Bedroom Flats,0,0,Ebute Ebute Ikorodu Lagos,6.6191233,3.5041271,19.37412223201939,16.98654075658537,Ikorodu,0,Flat,0,0,0,0.0,0,2,0,0,150000000.0
Blocks Of Flats,0,0,Valley View Estate Ebute Ikorodu Lagos,6.6191233,3.5041271,19.37412223201939,16.98654075658537,Ikorodu,0,Flat,0,0,0,0.0,0,2,0,0,150000000.0
Functional Shopping Complex,0,0,Oriyomi Street Ikeja Lagos,6.5974727,3.3432815,21.044803340125824,1.0271477798224158,Ikeja,0,Other,0,0,0,0.0,0,5,0,0,520000000.0
Shopping Complex/offices,0,0,Olowu Street Ikeja Lagos,6.5974727,3.3432815,21.044803340125824,1.0271477798224158,Ikeja,0,Other,0,0,0,0.0,0,5,0,0,1000000000.0
16 Units Of 3 Bedroom Flat,0,0,Akin Olugbade Victoria Island Lagos,6.4300279,3.4259904,4.5315928067815925,20.705813048742375,Victoria Island,1,Flat,0,0,0,0.0,0,5,0,0,4500000000.0
6 Units Of 3 Bedroom Flat,0,0,Anifowoshe Street Ikeja Lagos,6.5974727,3.3432815,21.044803340125824,1.0271477798224158,Ikeja,0,Flat,0,0,0,0.0,0,5,0,0,350000000.0
Massive Hotel And Suite,0,0,Westwood Hotel Old Ikoyi Ikoyi Lagos,6.4516268,3.4117815,5.595874965201447,17.89581566309951,Ikoyi,1,Other,0,0,0,0.0,0,5,0,0,21000000000.0
6 Units Of 3 Bedroom Flat,0,0,Ajayi Road Ogba Lagos,6.632608,3.3407753,24.350383789462544,3.607540599553692,Ogba,0,Flat,0,0,0,0.0,0,4,0,0,400000000.0
Blocks Of Flats,0,0,Offin Igbogbo Ikorodu Lagos,6.6191233,3.5041271,19.37412223201939,16.98654075658537,Ikorodu,0,Flat,0,0,0,0.0,0,2,0,0,30000000.0
4 Bedroom Duplex,0,0,Springview Estate Ebute Ikorodu Lagos,6.6191233,3.5041271,19.37412223201939,16.98654075658537,Ikorodu,0,Duplex,0,0,0,0.0,0,2,0,0,80000000.0
Blocks Of Flats,0,0,Magodo Gra Phase 1 Ojodu Lagos,6.6180809,3.3777821,20.90484087396468,3.4188985746987237,Magodo,0,Flat,0,0,0,0.0,0,4,0,0,250000000.0
3 Bedroom Bungalow,0,0,Wagbare Igbogbo Ikorodu Lagos,6.6191233,3.5041271,19.37412223201939,16.98654075658537,Ikorodu,0,Bungalow,0,0,0,0.0,0,2,0,0,40000000.0
Uncompleted 2 Units Of 2 Bedroom Flat,0,0,Awobo Behind Fadfar School Igbogbo Ikorodu Lagos,6.6191233,3.5041271,19.37412223201939,16.98654075658537,Ikorodu,0,Flat,0,0,0,0.0,0,2,0,0,25000000.0
Uncompleted 5 Bedroom Duplex,0,0,Valley View Estate Ebute Ikorodu Lagos,6.6191233,3.5041271,19.37412223201939,16.98654075658537,Ikorodu,0,Duplex,0,0,0,0.0,0,2,0,0,90000000.0
2 Units Of Semi Detached Duplex,0,0,Valley View Ebute Ikorodu Lagos,6.6191233,3.5041271,19.37412223201939,16.98654075658537,Ikorodu,0,Detached Duplex,0,0,0,0.0,0,2,0,0,150000000.0
8 Units Of 3 Bedroom Flat,0,0,"Off Yaya Abatan Street, Ogba Lagos",6.632608,3.3407753,24.350383789462544,3.607540599553692,Ogba,0,Flat,0,0,0,0.0,0,4,0,0,650000000.0
6 Units Of 3 Bedroom Flat,0,0,Off Okunola Road Egbeda Alimosho Lagos,6.5843882,3.2575876,27.144835989600622,10.56259673623399,Alimosho,0,Flat,0,0,0,0.0,0,4,0,0,130000000.0
Detached Bungalow,0,0,Macaulay Igbogbo Ikorodu Lagos,6.6191233,3.5041271,19.37412223201939,16.98654075658537,Ikorodu,0,Detached Duplex,0,0,0,0.0,0,2,0,0,35000000.0
Blocks Of Flats,0,0,"Elepe Road,ijede Ijede Ikorodu Lagos",6.5857286,3.975694,58.76256740901005,69.05125291773466,Epe,1,Flat,0,0,0,0.0,0,1,0,0,35000000.0
Two Units Of 2 Bedroom Flats,0,0,Shagari Estate Ipaja Ipaja Lagos,6.6072725,3.2842771,26.344770640138854,7.458481118377319,Ipaja,0,Flat,0,0,0,0.0,0,2,0,0,60000000.0
Bungalow,0,0,"Lewusu,offin Road Igbogbo Ikorodu Lagos",6.6191233,3.5041271,19.37412223201939,16.98654075658537,Ikorodu,0,Bungalow,0,0,0,0.0,0,2,0,0,20000000.0
Block Of Flats,0,0,Ishaga Street Itire Surulere Lagos,6.4855737,3.3539907,12.645023012159903,12.856266720612217,Surulere,0,Flat,0,0,0,0.0,0,4,0,0,250000000.0
Blocks Of Flats,0,0,"Ori Ajetu,off Ifesowapo Estate Ebute Ikorodu Lagos",6.6191233,3.5041271,19.37412223201939,16.98654075658537,Ikorodu,0,Flat,0,0,0,0.0,0,2,0,0,250000000.0
Functional Petrol Station,0,0,Eleko Ibeju Lekki Lagos,6.4711251,3.8147504,39.0638334712576,53.23478511464151,Lekki,1,Other,0,0,0,0.0,0,4,0,0,1200000000.0
Carcass Of 4 Bedroom Duplex,0,0,Morekete Igbogbo Ikorodu Lagos,6.6191233,3.5041271,19.37412223201939,16.98654075658537,Ikorodu,0,Duplex,0,0,0,0.0,0,2,0,0,27000000.0
6 Bedroom Duplex,0,0,First Gate Odogunyan Ikorodu Lagos,6.6191233,3.5041271,19.37412223201939,16.98654075658537,Ikorodu,0,Duplex,0,0,0,0.0,0,2,0,0,140000000.0
"Warehouse On 14,300 Sqm",0,0,Along Ikorodu Road Ojota Ojota Lagos,6.6191233,3.5041271,19.37412223201939,16.98654075658537,Ikorodu,0,Other,0,0,0,0.0,0,2,0,0,7000000000.0
"Warehouse On 12,048 Sqm",0,0,Acme Road Ogba Lagos,6.632608,3.3407753,24.350383789462544,3.607540599553692,Ogba,0,Other,0,0,0,0.0,0,4,0,0,5000000000.0
Hotel,0,0,Besides Shoprite Alausa Ikeja Lagos,6.5974727,3.3432815,21.044803340125824,1.0271477798224158,Ikeja,0,Other,0,0,0,0.0,0,5,0,0,450000000.0
Commercial Property,0,0,Lateefah Jakande Road Agidingbi Ikeja Lagos,6.5974727,3.3432815,21.044803340125824,1.0271477798224158,Ikeja,0,Other,0,0,0,0.0,0,5,0,0,1000000000.0
Block Of Flats,0,0,"Unity Estate, Eyita Ikorodu Lagos",6.6191233,3.5041271,19.37412223201939,16.98654075658537,Ikorodu,0,Flat,0,0,0,0.0,0,2,0,0,120000000.0
Demolishable Structure,0,0,"Opposite Oriwu College, Igbogbo Ikorodu Lagos",6.6191233,3.5041271,19.37412223201939,16.98654075658537,Ikorodu,0,Other,0,0,0,0.0,0,2,0,0,60000000.0
5 Bedroom Detached Duplex,5,5,Ikate Lekki Lagos,6.4711251,3.8147504,39.0638334712576,53.23478511464151,Lekki,1,Detached Duplex,0,0,0,1.0,0,4,5,0,320000000.0
5 Bedroom Semi Detached Duplex With Bq,0,0,Akora Villa Estate Adeniyi Jones Ikeja Lagos,6.5974727,3.3432815,21.044803340125824,1.0271477798224158,Ikeja,0,Detached Duplex,0,1,0,0.0,0,5,0,0,300000000.0
Uncompleted 3 Bedroom Duplex,0,0,Greenleaf Estate Ebute Ikorodu Lagos,6.6191233,3.5041271,19.37412223201939,16.98654075658537,Ikorodu,0,Duplex,0,0,0,0.0,0,2,0,0,45000000.0
6 Units Of 2 Bedroom Flat,0,0,Behind Jendol Supermarket Odogunyan Ikorodu Lagos,6.6191233,3.5041271,19.37412223201939,16.98654075658537,Ikorodu,0,Flat,0,0,0,0.0,0,2,0,0,90000000.0
Commercial Property,0,0,Opebi/allen Allen Avenue Ikeja Lagos,6.5974727,3.3432815,21.044803340125824,1.0271477798224158,Ikeja,0,Other,0,0,0,0.0,0,5,0,0,1700000000.0
Commercial Building,0,0,Fola Osibo Road Lekki Phase 1 Lekki Lagos,6.4711251,3.8147504,39.0638334712576,53.23478511464151,Lekki,1,Other,0,0,0,0.0,0,4,0,0,3500000000.0
3 Units Of 4 Bedroom Terrace Duplexes,0,0,"Valley View Estate,ebute Ebute Ikorodu Lagos",6.6191233,3.5041271,19.37412223201939,16.98654075658537,Ikorodu,0,Terrace,0,0,0,0.0,0,2,0,0,160000000.0
Hitel And Event Center,0,0,Cbd Alausa Alausa Ikeja Lagos,6.5974727,3.3432815,21.044803340125824,1.0271477798224158,Ikeja,0,Other,0,0,0,0.0,0,5,0,0,3300000000.0
Functional Hotel,0,0,"Joel Ogunnaike, Ikeja Gra Ikeja Lagos",6.5974727,3.3432815,21.044803340125824,1.0271477798224158,Ikeja,0,Other,0,0,0,0.0,0,5,0,0,6000000000.0
Block Of Flats,0,0,Allen Avenue Ikeja Lagos,6.5974727,3.3432815,21.044803340125824,1.0271477798224158,Ikeja,0,Flat,0,0,0,0.0,0,5,0,0,1700000000.0
Blocks Of Flats,0,0,Emily Avenue Behind Dikram Petrol Station Igbogbo Ikorodu Lagos,6.6191233,3.5041271,19.37412223201939,16.98654075658537,Ikorodu,0,Flat,0,0,0,0.0,0,2,0,0,90000000.0
4 Bedroom Duplex,4,4,"Oshota Bus Stop, Ijede Ikorodu Lagos",6.6191233,3.5041271,19.37412223201939,16.98654075658537,Ikorodu,0,Duplex,0,0,0,1.0,0,2,0,0,140000000.0
4 Bedroom Detached Duplex,4,4,"Idi Orog O, Agunfoye Igbogbo Ikorodu Lagos",6.6191233,3.5041271,19.37412223201939,16.98654075658537,Ikorodu,0,Detached Duplex,0,0,0,1.0,0,2,0,0,20000000.0
5 Bedroom Duplex,0,0,"Crystal View Estate,oluodo Ebute Ikorodu Lagos",6.6191233,3.5041271,19.37412223201939,16.98654075658537,Ikorodu,0,Duplex,0,0,0,0.0,0,2,0,0,150000000.0
Blocks Of Flats,0,0,"Sagamu Road,behind Grocery Store Ikorodu Garage Ikorodu Lagos",6.6191233,3.5041271,19.37412223201939,16.98654075658537,Ikorodu,0,Flat,0,0,0,0.0,0,2,0,0,80000000.0
Space,0,0,Pako Bus Stop Aguda Surulere Lagos,6.4855737,3.3539907,12.645023012159903,12.856266720612217,Surulere,0,Other,0,0,0,0.0,0,4,0,0,200000000.0
Commercial Property,0,0,Majidun Bus Stop Ikorodu Garage Ikorodu Lagos,6.6191233,3.5041271,19.37412223201939,16.98654075658537,Ikorodu,0,Other,0,0,0,0.0,0,2,0,0,300000000.0
6 Units Of 3 Bedroom Apartment With Bq,0,0,Patrick Harbour Mojisola Onikoyi Estate Ikoyi Lagos,6.4516268,3.4117815,5.595874965201447,17.89581566309951,Ikoyi,1,Flat,0,1,0,0.0,0,5,0,0,3500000000.0
Functional Petrol Station,0,0,Awoyaya Ibeju Lekki Lagos,6.4711251,3.8147504,39.0638334712576,53.23478511464151,Lekki,1,Other,0,0,0,0.0,0,4,0,0,1700000000.0
Functional Petrol Station,0,0,"Along Lagos Abeokuta Rd,ikeja Along Oshodi Expressway Oshodi Lagos",6.5974727,3.3432815,21.044803340125824,1.0271477798224158,Ikeja,0,Other,0,0,0,0.0,0,5,0,0,1000000000.0
Commercial Office Building,0,0,Opebi Ikeja Lagos,6.5974727,3.3432815,21.044803340125824,1.0271477798224158,Ikeja,0,Other,0,0,0,0.0,0,5,0,0,2800000000.0
4 Units Of Mini Flat,0,0,Morekete Igbogbo Ikorodu Lagos,6.6191233,3.5041271,19.37412223201939,16.98654075658537,Ikorodu,0,Flat,0,0,0,0.0,0,2,0,0,7500000.0
4 Units Of 3 Bedroom Flats,0,0,Off Yaya Abatan Street Ogba Lagos,6.632608,3.3407753,24.350383789462544,3.607540599553692,Ogba,0,Flat,0,0,0,0.0,0,4,0,0,150000000.0
3 Bedroom Detached Duplex With Bq,0,0,Behind Taramed Petrol Station Ijede Ikorodu Lagos,6.6191233,3.5041271,19.37412223201939,16.98654075658537,Ikorodu,0,Detached Duplex,0,1,0,0.0,0,2,0,0,70000000.0
Newly Built 3 Bedroom Flat,3,3,Fashola Estate Ibeshe Ikorodu Lagos,6.6191233,3.5041271,19.37412223201939,16.98654075658537,Ikorodu,0,Flat,0,0,1,1.0,0,2,0,1,50000000.0
2 Units Of 3 Bedroom Flat,0,0,Akin Ogunlewe Igbogbo Ikorodu Lagos,6.6191233,3.5041271,19.37412223201939,16.98654075658537,Ikorodu,0,Flat,0,0,0,0.0,0,2,0,0,35000000.0
4 Units Of 3 Bedroom Flats,0,0,Erunwen Ikorodu Garage Ikorodu Lagos,6.6191233,3.5041271,19.37412223201939,16.98654075658537,Ikorodu,0,Flat,0,0,0,0.0,0,2,0,0,100000000.0
4 Bedroom Terraced Duplex,4,4,"Akinwunni Estate, Mende Maryland Lagos",6.5731894,3.3699482,17.11608804854042,3.764744899090711,Maryland,0,Terrace,0,0,0,1.0,0,4,0,0,120000000.0
4 Bedroom Bungalow,4,4,Macaulay Igbogbo Ikorodu Lagos,6.6191233,3.5041271,19.37412223201939,16.98654075658537,Ikorodu,0,Bungalow,0,0,0,1.0,0,2,0,0,40000000.0
Blocks Of Flats,0,0,"Ayo Block Bus Stop, Gberigbe Ijede Ikorodu Lagos",6.6191233,3.5041271,19.37412223201939,16.98654075658537,Ikorodu,0,Flat,0,0,0,0.0,0,2,0,0,40000000.0
7 Units Of 2 Bedroom Flat,0,0,"Radio Estate, Ikorodu Garage Ikorodu Lagos",6.6191233,3.5041271,19.37412223201939,16.98654075658537,Ikorodu,0,Flat,0,0,0,0.0,0,2,0,0,170000000.0
Residential Estate,0,0,Sangotedo Ajah Lagos,6.4694716,3.5623861,11.300377211002502,27.53491907587076,Ajah,1,Other,0,0,0,0.0,1,4,0,1,2500000000.0
Blocks Of Flats,0,0,Oreta Igbogbo Ikorodu Lagos,6.6191233,3.5041271,19.37412223201939,16.98654075658537,Ikorodu,0,Flat,0,0,0,0.0,0,2,0,0,9000000.0
4 Bedroom Duplex,4,4,"Unity Estate, Offin Igbogbo Ikorodu Lagos",6.6191233,3.5041271,19.37412223201939,16.98654075658537,Ikorodu,0,Duplex,0,0,0,1.0,0,2,0,0,90000000.0
4 Bedroom Detached Duplex,0,0,Off Adeniyi Jones Adeniyi Jones Ikeja Lagos,6.5974727,3.3432815,21.044803340125824,1.0271477798224158,Ikeja,0,Detached Duplex,0,0,0,0.0,0,5,0,0,250000000.0
4 Bedroom Fully Detached Duplex,4,4,Magodo Gra Phase 1 Ojodu Lagos,6.6180809,3.3777821,20.90484087396468,3.4188985746987237,Magodo,0,Detached Duplex,0,0,0,1.0,0,4,0,0,150000000.0
3 Bedroom Detached Duplex,3,3,Ikorodu Road Shomolu Lagos,6.6191233,3.5041271,19.37412223201939,16.98654075658537,Ikorodu,0,Detached Duplex,0,0,0,1.0,0,2,0,0,250000000.0
4 Bedroom Detached Duplex,4,4,Fagba Ajayi Road Ogba Lagos,6.632608,3.3407753,24.350383789462544,3.607540599553692,Ogba,0,Detached Duplex,0,0,0,1.0,0,4,0,0,130000000.0
Decent 4 Bedroom Semi Detached Duplex,4,4,Oregun Ikeja Lagos,6.5974727,3.3432815,21.044803340125824,1.0271477798224158,Ikeja,0,Detached Duplex,0,0,0,1.0,0,5,0,0,200000000.0
3 Bedroom Detached Duplex,3,3,Ifako Gbagada Gbagada Lagos,6.558073,3.3836208,14.873848626382443,6.000235705174417,Gbagada,0,Detached Duplex,0,0,0,1.0,0,4,0,0,190000000.0
Block Of 6 Units Of 2 Bedroom Flat,10,10,Mende Maryland Lagos,6.5731894,3.3699482,17.11608804854042,3.764744899090711,Maryland,0,Flat,0,0,0,1.0,0,4,0,0,250000000.0
4 Bedroom Flat,4,4,Ifako Gbagada Gbagada Lagos,6.558073,3.3836208,14.873848626382443,6.000235705174417,Gbagada,0,Flat,0,0,0,1.0,0,4,0,0,60000000.0
Brand New 3 Bedroom Flat,3,3,Ogba Gra Ogba Lagos,6.632608,3.3407753,24.350383789462544,3.607540599553692,Ogba,0,Flat,0,0,1,1.0,0,4,0,1,85000000.0
3 Bedroom Flat,3,3,Mende Maryland Lagos,6.5731894,3.3699482,17.11608804854042,3.764744899090711,Maryland,0,Flat,0,0,0,1.0,0,4,0,0,90000000.0
Newly Built 4 Bedroom Semi Detached Duplex With Bq,4,4,Millenuim Ups Gbagada Lagos,6.558073,3.3836208,14.873848626382443,6.000235705174417,Gbagada,0,Detached Duplex,0,1,1,1.0,0,4,0,1,230000000.0
Brand New 3bed Semi Detached Duplex,3,3,Ifako Gbagada Gbagada Lagos,6.558073,3.3836208,14.873848626382443,6.000235705174417,Gbagada,0,Detached Duplex,0,0,1,1.0,0,4,0,1,85000000.0
Brand New 2 Bedroom Flat,2,2,Precisely Sawmill New Garage Gbagada Lagos,6.558073,3.3836208,14.873848626382443,6.000235705174417,Gbagada,0,Flat,0,0,1,1.0,0,4,0,1,90000000.0
3 Bedroom Terrace Duplex,3,3,Lekki Phase 1 Lekki Lagos,6.4711251,3.8147504,39.0638334712576,53.23478511464151,Lekki,1,Terrace,0,0,0,1.0,0,4,3,0,280000000.0
5 Bedroom Fully Detached Duplex,5,5,Chevron Lekki Lagos,6.4711251,3.8147504,39.0638334712576,53.23478511464151,Lekki,1,Detached Duplex,0,0,0,1.0,0,4,5,0,250000000.0
3 Bedroom Terrace Duplex,3,3,Ajah Lagos,6.4694716,3.5623861,11.300377211002502,27.53491907587076,Ajah,1,Terrace,0,0,0,1.0,0,4,3,0,70000000.0
3 Bedroom Terraced Duplex With Bq,3,3,Ikota Lekki Lagos,6.4711251,3.8147504,39.0638334712576,53.23478511464151,Lekki,1,Terrace,0,1,0,1.0,0,4,3,0,120000000.0
4 Bedroom Semi Detached Duplex With Bq.,4,5,"Magodo Brooks Estate, Magodo Phase 2 Magodo Gra Phase 2 Kosofe/ikosi Lagos",6.6180809,3.3777821,20.90484087396468,3.4188985746987237,Magodo,0,Detached Duplex,0,1,0,1.25,0,4,0,0,12000000.0
Newly Built 5 Bedroom Fully Detached Duplex,5,5,Orchid Lekki Lagos,6.4711251,3.8147504,39.0638334712576,53.23478511464151,Lekki,1,Detached Duplex,0,0,1,1.0,0,4,5,1,500000000.0
3 Bedroom Flat,3,3,Orchid Lekki Lagos,6.4711251,3.8147504,39.0638334712576,53.23478511464151,Lekki,1,Flat,0,0,0,1.0,0,4,3,0,68000000.0
5 Bedroom Fully Detached Duplex With Bq,5,5,Ajah Lagos,6.4694716,3.5623861,11.300377211002502,27.53491907587076,Ajah,1,Detached Duplex,0,1,0,1.0,0,4,5,0,275000000.0
Serviced 3 Bedroom Semi Detached With 1 Bq,3,3,Ikate Lekki Lagos,6.4711251,3.8147504,39.0638334712576,53.23478511464151,Lekki,1,Detached Duplex,0,1,0,1.0,1,4,3,1,170000000.0
4 Bedroom Semi Detached Duplex,4,4,Ajah Lagos,6.4694716,3.5623861,11.300377211002502,27.53491907587076,Ajah,1,Detached Duplex,0,0,0,1.0,0,4,4,0,130000000.0
4 Bedroom Fully Detached Duplex,4,4,Orchid Lekki Lagos,6.4711251,3.8147504,39.0638334712576,53.23478511464151,Lekki,1,Detached Duplex,0,0,0,1.0,0,4,4,0,230000000.0
Executive 4 Bedroom Semi Detached Duplex,4,4,Ikota Lekki Lagos,6.4711251,3.8147504,39.0638334712576,53.23478511464151,Lekki,1,Detached Duplex,0,0,0,1.0,0,4,4,0,160000000.0
3 Bedroom Service Apartment,3,3,Lekki Phase 1 Lekki Lagos,6.4711251,3.8147504,39.0638334712576,53.23478511464151,Lekki,1,Flat,0,0,0,1.0,0,4,3,0,150000000.0
Newly Built 4 Bedroom Fully Detached Duplex,4,4,Ajah Lagos,6.4694716,3.5623861,11.300377211002502,27.53491907587076,Ajah,1,Detached Duplex,0,0,1,1.0,0,4,4,1,145000000.0
4 Bedroom Terrace Duplex,4,4,Ikota Lekki Lagos,6.4711251,3.8147504,39.0638334712576,53.23478511464151,Lekki,1,Terrace,0,0,0,1.0,0,4,4,0,120000000.0
3 Bedroom Semi Detached Duplex,3,3,Ajah Lagos,6.4694716,3.5623861,11.300377211002502,27.53491907587076,Ajah,1,Detached Duplex,0,0,0,1.0,0,4,3,0,65000000.0
Brand New 3 Bedroom Terrace,3,3,Ikota Lekki Lagos,6.4711251,3.8147504,39.0638334712576,53.23478511464151,Lekki,1,Terrace,0,0,1,1.0,0,4,3,1,110000000.0
Serviced 3 Bedroom Apartment,3,3,Lekki Phase 1 Lekki Lagos,6.4711251,3.8147504,39.0638334712576,53.23478511464151,Lekki,1,Flat,0,0,0,1.0,1,4,3,1,500000000.0
4 Bedroom Semi Detached Duplex,4,4,Orchid Lekki Lagos,6.4711251,3.8147504,39.0638334712576,53.23478511464151,Lekki,1,Detached Duplex,0,0,0,1.0,0,4,4,0,140000000.0
4 Bedroom Semi Detached Duplex With Bq,4,4,Chevron Lekki Lagos,6.4711251,3.8147504,39.0638334712576,53.23478511464151,Lekki,1,Detached Duplex,0,1,0,1.0,0,4,4,0,230000000.0
4 Bedroom Semi Detached Duplex With Bq,4,4,Orchid Lekki Lagos,6.4711251,3.8147504,39.0638334712576,53.23478511464151,Lekki,1,Detached Duplex,0,1,0,1.0,0,4,4,0,190000000.0
Tastefully 4 Bedroom Semi Detached Duplex,4,4,Orchid Lekki Lagos,6.4711251,3.8147504,39.0638334712576,53.23478511464151,Lekki,1,Detached Duplex,0,0,0,1.0,0,4,4,0,190000000.0
4 Bedroom Terrace Duplex,4,4,Orchid Lekki Lagos,6.4711251,3.8147504,39.0638334712576,53.23478511464151,Lekki,1,Terrace,0,0,0,1.0,0,4,4,0,115000000.0
Fantastic 4 Bedroom Semi Detached Duplex With Bq,4,4,Orchid Lekki Lagos,6.4711251,3.8147504,39.0638334712576,53.23478511464151,Lekki,1,Detached Duplex,0,1,0,1.0,0,4,4,0,190000000.0
4 Bedroom Semi Detached Duplex House,4,4,Orchid Lekki Lagos,6.4711251,3.8147504,39.0638334712576,53.23478511464151,Lekki,1,Detached Duplex,0,0,0,1.0,0,4,4,0,170000000.0
4 Bedroom Semi Detached Duplex,4,4,Vgc Lekki Lagos,6.4711251,3.8147504,39.0638334712576,53.23478511464151,Lekki,1,Detached Duplex,0,0,0,1.0,0,4,4,0,190000000.0
Luxury Serviced 4 Bedroom Maisonette,4,4,Lekki Phase 1 Lekki Lagos,6.4711251,3.8147504,39.0638334712576,53.23478511464151,Lekki,1,Other,0,0,0,1.0,1,4,4,1,380000000.0
2 Bedroom Flat,2,2,Chevron Lekki Lagos,6.4711251,3.8147504,39.0638334712576,53.23478511464151,Lekki,1,Flat,0,0,0,1.0,0,4,2,0,83000000.0
3 Bedroom Apartment,3,3,Ikota Lekki Lagos,6.4711251,3.8147504,39.0638334712576,53.23478511464151,Lekki,1,Flat,0,0,0,1.0,0,4,3,0,47000000.0
Luxury Brand New 3 Bedroom House,3,3,Ikate Lekki Lagos,6.4711251,3.8147504,39.0638334712576,53.23478511464151,Lekki,1,Other,0,0,1,1.0,0,4,3,1,145000000.0
Standard 3 Bedroom Duplex,3,3,Awoyaya Ajah Lagos,6.4694716,3.5623861,11.300377211002502,27.53491907587076,Ajah,1,Duplex,0,0,0,1.0,0,4,3,0,45000000.0
5 Bedroom Fully Detached Duplex,5,5,Jakande Lekki Lagos,6.4711251,3.8147504,39.0638334712576,53.23478511464151,Lekki,1,Detached Duplex,0,0,0,1.0,0,4,5,0,550000000.0
3 Bedroom Bungalow,3,3,Ibeju Lekki Lagos,6.4711251,3.8147504,39.0638334712576,53.23478511464151,Lekki,1,Bungalow,0,0,0,1.0,0,4,3,0,40000000.0
Newly Built 4 Bedroom Semi Detached Duplex,4,4,Ikota Lekki Lagos,6.4711251,3.8147504,39.0638334712576,53.23478511464151,Lekki,1,Detached Duplex,0,0,1,1.0,0,4,4,1,190000000.0
Contemporary Built 5 Bedroom Fully Detached Duplex,5,5,Orchid Lekki Lagos,6.4711251,3.8147504,39.0638334712576,53.23478511464151,Lekki,1,Detached Duplex,0,0,0,1.0,0,4,5,0,400000000.0
Contemporary 4 Bedroom Fully Detached Duplex,4,4,Ajah Lagos,6.4694716,3.5623861,11.300377211002502,27.53491907587076,Ajah,1,Detached Duplex,0,0,0,1.0,0,4,4,0,140000000.0
2 Bedroom Flat,2,2,Osapa London Lekki Lagos,6.4711251,3.8147504,39.0638334712576,53.23478511464151,Lekki,1,Flat,0,0,0,1.0,0,4,2,0,70000000.0
3 Bedroom Flat,3,3,Orchid Lekki Lagos,6.4711251,3.8147504,39.0638334712576,53.23478511464151,Lekki,1,Flat,0,0,0,1.0,0,4,3,0,75000000.0
4 Bedroom Semi Detached Duplex,4,4,Orchid Lekki Lagos,6.4711251,3.8147504,39.0638334712576,53.23478511464151,Lekki,1,Detached Duplex,0,0,0,1.0,0,4,4,0,170000000.0
Brand New 4 Bedroom Fully Detached Duplex,4,4,Ajah Lagos,6.4694716,3.5623861,11.300377211002502,27.53491907587076,Ajah,1,Detached Duplex,0,0,1,1.0,0,4,4,1,155000000.0
Brand New 4 Bedroom Semi Detached Duplex,4,4,Chevron Lekki Lagos,6.4711251,3.8147504,39.0638334712576,53.23478511464151,Lekki,1,Detached Duplex,0,0,1,1.0,0,4,4,1,240000000.0
5 Bedroom Detached Duplex,5,5,Chevron Lekki Lagos,6.4711251,3.8147504,39.0638334712576,53.23478511464151,Lekki,1,Detached Duplex,0,0,0,1.0,0,4,5,0,325000000.0
4 Bedroom Semi Detached Duplex,4,4,Ajah Lagos,6.4694716,3.5623861,11.300377211002502,27.53491907587076,Ajah,1,Detached Duplex,0,0,0,1.0,0,4,4,0,93000000.0
3 Bedroom Bungalow,3,3,Lakowe Ajah Lagos,6.4694716,3.5623861,11.300377211002502,27.53491907587076,Ajah,1,Bungalow,0,0,0,1.0,0,4,3,0,44000000.0
4 Bedroom Terrace Duplex,4,4,Chevron Lekki Lagos,6.4711251,3.8147504,39.0638334712576,53.23478511464151,Lekki,1,Terrace,0,0,0,1.0,0,4,4,0,130000000.0
4 Bedroom Terrace Duplex,4,4,Vgc Lekki Lagos,6.4711251,3.8147504,39.0638334712576,53.23478511464151,Lekki,1,Terrace,0,0,0,1.0,0,4,4,0,100000000.0
3 Bedroom Terrace Duplex With Bq,3,3,Ajah Lagos,6.4694716,3.5623861,11.300377211002502,27.53491907587076,Ajah,1,Terrace,0,1,0,1.0,0,4,3,0,80000000.0
Magnificent 5 Bedroom Fully Detached Duplex With Bq,5,5,Jakande Lekki Lagos,6.4711251,3.8147504,39.0638334712576,53.23478511464151,Lekki,1,Detached Duplex,0,1,0,1.0,0,4,5,0,350000000.0
6 Bedroom Detached Duplex With Bq,6,6,Chevron Lekki Lagos,6.4711251,3.8147504,39.0638334712576,53.23478511464151,Lekki,1,Detached Duplex,0,1,0,1.0,0,4,6,0,390000000.0
2 Bedroom Flat,2,2,Ikoyi Lagos,6.4516268,3.4117815,5.595874965201447,17.89581566309951,Ikoyi,1,Flat,0,0,0,1.0,0,5,2,0,260000000.0
Luxury 6 Bedroom Fully Detached Duplex,6,6,Lekki Phase 1 Lekki Lagos,6.4711251,3.8147504,39.0638334712576,53.23478511464151,Lekki,1,Detached Duplex,0,0,0,1.0,0,4,6,0,1200000000.0
Newly Built 2 Bedroom Flat,2,2,Ikate Lekki Lagos,6.4711251,3.8147504,39.0638334712576,53.23478511464151,Lekki,1,Flat,0,0,1,1.0,0,4,2,1,130000000.0
4 Bedroom Semi Detached Duplex With Bq,4,4,Ikota Lekki Lagos,6.4711251,3.8147504,39.0638334712576,53.23478511464151,Lekki,1,Detached Duplex,0,1,0,1.0,0,4,4,0,170000000.0
4 Bedroom Detached Duplex House,4,4,Ajah Lagos,6.4694716,3.5623861,11.300377211002502,27.53491907587076,Ajah,1,Detached Duplex,0,0,0,1.0,0,4,4,0,150000000.0
Luxury 5 Bedroom Fully Detached Duplex With Bq,5,5,Idado Lekki Lagos,6.4711251,3.8147504,39.0638334712576,53.23478511464151,Lekki,1,Detached Duplex,0,1,0,1.0,0,4,5,0,250000000.0
2 Bedroom Terrace Duplex,2,2,Ajah Lagos,6.4694716,3.5623861,11.300377211002502,27.53491907587076,Ajah,1,Terrace,0,0,0,1.0,0,4,2,0,55000000.0
4 Bedroom Terrace Duplex,4,4,Orchid Lekki Lagos,6.4711251,3.8147504,39.0638334712576,53.23478511464151,Lekki,1,Terrace,0,0,0,1.0,0,4,4,0,90000000.0
Brand New 4 Bedroom Semi Detached Duplex House,4,4,Ikota Lekki Lagos,6.4711251,3.8147504,39.0638334712576,53.23478511464151,Lekki,1,Detached Duplex,0,0,1,1.0,0,4,4,1,140000000.0
Newly Built Furnished Mini Flat Apartment,1,1,Ajah Lagos,6.4694716,3.5623861,11.300377211002502,27.53491907587076,Ajah,1,Flat,0,0,1,1.0,0,4,1,1,65000000.0
2 Bedroom Apartment,2,2,Chevron Lekki Lagos,6.4711251,3.8147504,39.0638334712576,53.23478511464151,Lekki,1,Flat,0,0,0,1.0,0,4,2,0,55000000.0
4 Bedroom Terrace Duplex,4,4,Ikota Chevron Toll Gate Lekki Lagos,6.4711251,3.8147504,39.0638334712576,53.23478511464151,Lekki,1,Terrace,0,0,0,1.0,0,4,4,0,140000000.0
Brand New 4 Units Of 5 Bedroom Terrace Duplex With Bq,5,5,Lekki Phase 1 Lekki Lagos,6.4711251,3.8147504,39.0638334712576,53.23478511464151,Lekki,1,Terrace,0,1,1,1.0,0,4,5,1,3200000000.0
5 Bedroom Semi Detached Duplex,5,5,Osapa London Lekki Lagos,6.4711251,3.8147504,39.0638334712576,53.23478511464151,Lekki,1,Detached Duplex,0,0,0,1.0,0,4,5,0,390000000.0
5 Bedroom Detached Duplex With Bq,5,6,Chevron Lekki Lagos,6.4711251,3.8147504,39.0638334712576,53.23478511464151,Lekki,1,Detached Duplex,0,1,0,1.2,0,4,5,0,290000000.0
3 Bedroom Flat,3,4,Bishop Street Surulere Lagos,6.4855737,3.3539907,12.645023012159903,12.856266720612217,Surulere,0,Flat,0,0,0,1.3333333333333333,0,4,0,0,95000000.0
4 Bedroom Semi Detached Duplex,4,5,Ikeja Gra Ikeja Lagos,6.5974727,3.3432815,21.044803340125824,1.0271477798224158,Ikeja,0,Detached Duplex,0,0,0,1.25,0,5,0,0,550000000.0
Blocks Of Flats,2,3,Ayobo Ipaja Lagos,6.6072725,3.2842771,26.344770640138854,7.458481118377319,Ipaja,0,Flat,0,0,0,1.5,0,2,0,0,75000000.0
Block Of Flats,3,4,Ishefun Ayobo Ipaja Lagos,6.6072725,3.2842771,26.344770640138854,7.458481118377319,Ipaja,0,Flat,0,0,0,1.3333333333333333,0,2,0,0,35000000.0
5 Bedroom Detached Duplex,5,6,Magodo Kosofe Ikosi Lagos,6.6180809,3.3777821,20.90484087396468,3.4188985746987237,Magodo,0,Detached Duplex,0,0,0,1.2,0,4,0,0,250000000.0
Block Of Flats,2,3,Shagari Estate Egbeda Alimosho Lagos,6.5843882,3.2575876,27.144835989600622,10.56259673623399,Alimosho,0,Flat,0,0,0,1.5,0,4,0,0,170000000.0
Blocks Of Flats,2,3,Akowonjo Shasha Alimosho Lagos,6.5843882,3.2575876,27.144835989600622,10.56259673623399,Alimosho,0,Flat,0,0,0,1.5,0,4,0,0,110000000.0
School,5,5,Shagari Estate Egbeda Alimosho Lagos,6.5843882,3.2575876,27.144835989600622,10.56259673623399,Alimosho,0,Other,0,0,0,1.0,0,4,0,0,600000000.0
3 Bedroom Bungalow,3,4,Ayobo Ipaja Lagos,6.6072725,3.2842771,26.344770640138854,7.458481118377319,Ipaja,0,Bungalow,0,0,0,1.3333333333333333,0,2,0,0,45000000.0
Newly Built 3 Bedroom Duplex,3,4,Egbeda Alimosho Lagos,6.5843882,3.2575876,27.144835989600622,10.56259673623399,Alimosho,0,Duplex,0,0,1,1.3333333333333333,0,4,0,1,95000000.0
4 Bedroom Flat,4,5,Ayetoro Ayobo Ipaja Lagos,6.6072725,3.2842771,26.344770640138854,7.458481118377319,Ipaja,0,Flat,0,0,0,1.25,0,2,0,0,42000000.0
3 Bedroo Block Of Flats,3,4,Ashipa Ayobo Ipaja Lagos,6.6072725,3.2842771,26.344770640138854,7.458481118377319,Ipaja,0,Flat,0,0,0,1.3333333333333333,0,2,0,0,65000000.0
5 Bedroom Duplex,5,6,Magodo Gra Phase 2 Kosofe Ikosi Lagos,6.6180809,3.3777821,20.90484087396468,3.4188985746987237,Magodo,0,Duplex,0,0,0,1.2,0,4,0,0,580000000.0
5 Bedroom Semi Detached Duplex,5,6,Ikeja Gra Ikeja Lagos,6.5974727,3.3432815,21.044803340125824,1.0271477798224158,Ikeja,0,Detached Duplex,0,0,0,1.2,0,5,0,0,370000000.0
Blocks Of Flats,3,4,Amule Ayobo Ipaja Lagos,6.6072725,3.2842771,26.344770640138854,7.458481118377319,Ipaja,0,Flat,0,0,0,1.3333333333333333,0,2,0,0,90000000.0
Blocks Of 6 Flats,2,3,Command Road Ipaja Lagos,6.6072725,3.2842771,26.344770640138854,7.458481118377319,Ipaja,0,Flat,0,0,0,1.5,0,2,0,0,300000000.0
Newlybuilt 6bedroom Detched Duplex,6,7,Ikeja Gra Ikeja Lagos,6.5974727,3.3432815,21.044803340125824,1.0271477798224158,Ikeja,0,Duplex,0,0,0,1.1666666666666667,0,5,0,0,1200000000.0
Block Of Flats,2,3,Amule Ayobo Ipaja Lagos,6.6072725,3.2842771,26.344770640138854,7.458481118377319,Ipaja,0,Flat,0,0,0,1.5,0,2,0,0,37000000.0
4 Bedroom Bungalow,4,5,Happy Way Estate Baruwa Ipaja Lagos,6.6072725,3.2842771,26.344770640138854,7.458481118377319,Ipaja,0,Bungalow,0,0,0,1.25,0,2,0,0,54000000.0
Blocks Of Flat,3,4,"Ashipa, Amule Ayobo Ipaja Lagos",6.6072725,3.2842771,26.344770640138854,7.458481118377319,Ipaja,0,Flat,0,0,0,1.3333333333333333,0,2,0,0,65000000.0
3 Bedroom Blocks Of Flat,3,4,New London Estate Baruwa Ipaja Lagos,6.6072725,3.2842771,26.344770640138854,7.458481118377319,Ipaja,0,Flat,0,0,0,1.3333333333333333,0,2,0,0,75000000.0
Blocks Of Flats,2,3,Oniru Estate Oniru Victoria Island Lagos,6.4300279,3.4259904,4.5315928067815925,20.705813048742375,Victoria Island,1,Flat,0,0,0,1.5,0,5,2,0,4000000000.0
Waterfront 5 Bedroom Duplex,5,6,Banana Island Ikoyi Lagos,6.4600581,3.4593152,1.2666850782568917,19.69523211516851,Banana Island,1,Duplex,0,0,0,1.2,0,5,5,0,10000000.0
Block Of Flats,2,3,Ogba Ikeja Lagos,6.5974727,3.3432815,21.044803340125824,1.0271477798224158,Ikeja,0,Flat,0,0,0,1.5,0,5,0,0,87000000.0
2 Units Of 2 Bedroom Flat,3,3,Itele Ayobo Ipaja Lagos,6.6072725,3.2842771,26.344770640138854,7.458481118377319,Ipaja,0,Flat,0,0,0,1.0,0,2,0,0,17000000.0
3 Bedroom Duplex,3,4,"Fence Bus/stop, Ayetoro Ayobo Ipaja Lagos",6.6072725,3.2842771,26.344770640138854,7.458481118377319,Ipaja,0,Duplex,0,0,0,1.3333333333333333,0,2,0,0,12000000.0
4 Bedroom Detached Duplex With Bq,4,5,Ikeja Lagos,6.5974727,3.3432815,21.044803340125824,1.0271477798224158,Ikeja,0,Detached Duplex,0,1,0,1.25,0,5,0,0,250000000.0
2 Bedroom Bungalow,3,4,"Fence Bus/stop, Ayetoro Ayobo Ipaja Lagos",6.6072725,3.2842771,26.344770640138854,7.458481118377319,Ipaja,0,Bungalow,0,0,0,1.3333333333333333,0,2,0,0,15000000.0
4 Bedroom Duplex,4,5,Gowon Estate Egbeda Alimosho Lagos,6.5843882,3.2575876,27.144835989600622,10.56259673623399,Alimosho,0,Duplex,0,0,0,1.25,0,4,0,0,160000000.0
Specious 3bedroom Bungalow,3,4,Shagari Estate Egbeda Alimosho Lagos,6.5843882,3.2575876,27.144835989600622,10.56259673623399,Alimosho,0,Bungalow,0,0,0,1.3333333333333333,0,4,0,0,65000000.0
Event Hall,4,5,Ayobo Ipaja Lagos,6.6072725,3.2842771,26.344770640138854,7.458481118377319,Ipaja,0,Other,0,0,0,1.25,0,2,0,0,140000000.0
5 Bedroom Detached Duplex With Bq,5,6,"Ikola, Command Ipaja Road Ipaja Lagos",6.6072725,3.2842771,26.344770640138854,7.458481118377319,Ipaja,0,Detached Duplex,0,1,0,1.2,0,2,0,0,130000000.0
5 Bedroom Fully Detached Duplex With Bq,5,5,Orchid Lekki Lagos,6.4711251,3.8147504,39.0638334712576,53.23478511464151,Lekki,1,Detached Duplex,0,1,0,1.0,0,4,5,0,450000000.0
2 Bedroom Terrace Duplex,0,0,Abijo Gra Abijo Ajah Lagos,6.4694716,3.5623861,11.300377211002502,27.53491907587076,Ajah,1,Terrace,0,0,0,0.0,0,4,0,0,85000000.0
3bedroom Duplex,0,0,Abijo Gra Abijo Ajah Lagos,6.4694716,3.5623861,11.300377211002502,27.53491907587076,Ajah,1,Duplex,0,0,0,0.0,0,4,0,0,110000000.0
3bedroom Bungalow,3,4,Elerangbe Eleranigbe Ibeju Lekki Lagos,6.4711251,3.8147504,39.0638334712576,53.23478511464151,Lekki,1,Bungalow,0,0,0,1.3333333333333333,0,4,3,0,75000000.0
Luxury Villa Omole,0,0,Omole Kosofe Local Government Ikeja Lagos,6.5974727,3.3432815,21.044803340125824,1.0271477798224158,Ikeja,0,Other,0,0,0,0.0,0,5,0,0,300000000.0
Luxury Bungalow,0,0,Igando Eleko Ibeju Lekki Lagos,6.4711251,3.8147504,39.0638334712576,53.23478511464151,Lekki,1,Bungalow,0,0,0,0.0,0,4,0,0,70000000.0
5 Bedroom Flat,5,5,Ajah Lagos,6.4694716,3.5623861,11.300377211002502,27.53491907587076,Ajah,1,Flat,0,0,0,1.0,0,4,5,0,360000000.0
5 Bedroom Fully Detached Duplex,5,5,Ikota Lekki Lagos,6.4711251,3.8147504,39.0638334712576,53.23478511464151,Lekki,1,Detached Duplex,0,0,0,1.0,0,4,5,0,400000000.0
5 Bedroom Terrace Duplex,5,5,Banana Island Ikoyi Lagos,6.4600581,3.4593152,1.2666850782568917,19.69523211516851,Banana Island,1,Terrace,0,0,0,1.0,0,5,5,0,2700000000.0
2 Bedroom Flats For Sale,2,3,Ikate Ikate Lekki Lagos,6.4711251,3.8147504,39.0638334712576,53.23478511464151,Lekki,1,Flat,0,0,0,1.5,0,4,2,0,150000000.0
Epe Lagos,0,0,Ketu Epe Epe Road Epe Lagos,6.5857286,3.975694,58.76256740901005,69.05125291773466,Epe,1,Other,0,0,0,0.0,0,1,0,0,5000000.0
4bedroom Fully Detached,4,5,Elerangbe Eleranigbe Ibeju Lekki Lagos,6.4711251,3.8147504,39.0638334712576,53.23478511464151,Lekki,1,Detached Duplex,0,0,0,1.25,0,4,4,0,80000000.0
Bungalows Available,4,5,Aiyetoro Eleko Ibeju Lekki Lagos,6.4711251,3.8147504,39.0638334712576,53.23478511464151,Lekki,1,Bungalow,0,0,0,1.25,0,4,4,0,75000000.0
Elerangbe Lekki Epe Expressway,0,0,Elerangbe Epe Lagos,6.5857286,3.975694,58.76256740901005,69.05125291773466,Epe,1,Other,0,0,0,0.0,0,1,0,0,25000000.0
Flats For Sale,1,2,Ikate Ikate Lekki Lagos,6.4711251,3.8147504,39.0638334712576,53.23478511464151,Lekki,1,Flat,0,0,0,2.0,0,4,1,0,100000000.0
4bedroom Duplex,0,0,Abijo Gra Abijo Ajah Lagos,6.4694716,3.5623861,11.300377211002502,27.53491907587076,Ajah,1,Duplex,0,0,0,0.0,0,4,0,0,150000000.0
5bedroom Fully Detached,0,0,Abijo Gra Abijo Ajah Lagos,6.4694716,3.5623861,11.300377211002502,27.53491907587076,Ajah,1,Detached Duplex,0,0,0,0.0,0,4,0,0,200000000.0
5 Bedroom Terraced Duplex,5,5,Banana Island Ikoyi Lagos,6.4600581,3.4593152,1.2666850782568917,19.69523211516851,Banana Island,1,Terrace,0,0,0,1.0,0,5,5,0,2700000000.0
Lokewe Ajah,0,0,Lakowe Golf School Gate Lakowe Ajah Lagos,6.4694716,3.5623861,11.300377211002502,27.53491907587076,Ajah,1,Other,0,0,0,0.0,0,4,0,0,15000000.0
5 Bedroom Fully Detached Duplex,5,5,Ajah Lagos,6.4694716,3.5623861,11.300377211002502,27.53491907587076,Ajah,1,Detached Duplex,0,0,0,1.0,0,4,5,0,360000000.0
A Carcass Of 2 Bedroom Bungalow With Self Contain,2,2,Igbogbo Ikorodu Lagos,6.6191233,3.5041271,19.37412223201939,16.98654075658537,Ikorodu,0,Bungalow,0,0,0,1.0,0,2,0,0,3500000.0
A Brand New 4 Bedroom Semi Detached Duplex With Bq,4,4,Lekki Phase 1 Lekki Lagos,6.4711251,3.8147504,39.0638334712576,53.23478511464151,Lekki,1,Detached Duplex,0,1,1,1.0,0,4,4,1,650000000.0
A Lovely 2 Bedroom Semi Detached Bungalow,2,3,Abraham Adesanya Ajah Abraham Adesanya Estate Ajah Lagos,6.4694716,3.5623861,11.300377211002502,27.53491907587076,Ajah,1,Detached Duplex,0,0,0,1.5,0,4,2,0,100000000.0
5 Bedroom Semi Detached Duplex With Cinema,5,5,Ikate Lekki Lagos,6.4711251,3.8147504,39.0638334712576,53.23478511464151,Lekki,1,Detached Duplex,0,0,0,1.0,0,4,5,0,895000000.0
5 Bedroom Detached Duplex With Cinema + Pool,5,5,"Chevy View Estate, Chevron Lekki Lagos",6.4711251,3.8147504,39.0638334712576,53.23478511464151,Lekki,1,Detached Duplex,1,0,0,1.0,0,4,5,1,500000000.0
Newly Built 2 Bedroom Apartment,2,2,Freedom Way Lekki Phase 1 Lekki Lagos,6.4711251,3.8147504,39.0638334712576,53.23478511464151,Lekki,1,Flat,0,0,1,1.0,0,4,2,1,290000000.0
5 Bedroom Semi Detached Duplex With Cinema,5,5,Cowrie Creek Estate Ikate Lekki Lagos,6.4711251,3.8147504,39.0638334712576,53.23478511464151,Lekki,1,Detached Duplex,0,0,0,1.0,0,4,5,0,980000000.0
Newly Built 4 Bedroom Apartment With Bq,4,4,Old Ikoyi Ikoyi Lagos,6.4516268,3.4117815,5.595874965201447,17.89581566309951,Ikoyi,1,Flat,0,1,1,1.0,0,5,4,1,950000000.0
4 Bedroom Terrace Duplex,4,4,Off Freedom Way Lekki Phase 1 Lekki Lagos,6.4711251,3.8147504,39.0638334712576,53.23478511464151,Lekki,1,Terrace,0,0,0,1.0,0,4,4,0,350000000.0
4 Bedroom Terrace Duplex With Swimmingpool,4,4,Meadow Hall Ikate Lekki Lagos,6.4711251,3.8147504,39.0638334712576,53.23478511464151,Lekki,1,Terrace,1,0,0,1.0,0,4,4,1,350000000.0
5 Bedroom Terrace Duplex,4,4,Parkview Estate Ikoyi Lagos,6.4516268,3.4117815,5.595874965201447,17.89581566309951,Ikoyi,1,Terrace,0,0,0,1.0,0,5,4,0,1200000000.0
3 Bedroom Apartment With Elevator + Pool+ Gym,3,3,Mobolaji Johnson Lekki Phase 1 Lekki Lagos,6.4711251,3.8147504,39.0638334712576,53.23478511464151,Lekki,1,Flat,1,0,0,1.0,0,4,3,1,600000000.0
Luxury 4 Bedroom Semi Detached Duplex With Bq,4,4,Dpkay Estate Orchid Lekki Lagos,6.4711251,3.8147504,39.0638334712576,53.23478511464151,Lekki,1,Detached Duplex,0,1,0,1.0,0,4,4,0,195000000.0
4 Bedroom Detached Duplex With Bq,4,4,"Orchid Hotel Road, Chevron Lekki Lagos",6.4711251,3.8147504,39.0638334712576,53.23478511464151,Lekki,1,Detached Duplex,0,1,0,1.0,0,4,4,0,280000000.0
4 Bedroom Detached Duplex,4,4,Platinum Way Jakande Jakande Lekki Lagos,6.4711251,3.8147504,39.0638334712576,53.23478511464151,Lekki,1,Detached Duplex,0,0,0,1.0,0,4,4,0,400000000.0
4 Bedroom Semi Detached Duplex,4,4,"Lekki Palms Estate, Ado Ajah Lagos",6.4711251,3.8147504,39.0638334712576,53.23478511464151,Lekki,1,Detached Duplex,0,0,0,1.0,0,4,4,0,180000000.0
5 Bedroom Semi Detached Duplex With Cinema,5,5,Cowrie Creek Estate Ikate Lekki Lagos,6.4711251,3.8147504,39.0638334712576,53.23478511464151,Lekki,1,Detached Duplex,0,0,0,1.0,0,4,5,0,950000000.0
Newly Built 3 Bedroom Apartment,3,3,Ikate Lekki Lagos,6.4711251,3.8147504,39.0638334712576,53.23478511464151,Lekki,1,Flat,0,0,1,1.0,0,4,3,1,310000000.0
5 Bedroom Detached Duplex With Cinema,5,5,Lekki County Homes Estate Ikota Lekki Lagos,6.4711251,3.8147504,39.0638334712576,53.23478511464151,Lekki,1,Detached Duplex,0,0,0,1.0,0,4,5,0,480000000.0
Newly Built 4 Bedroom Terrace Duplex,4,4,Freedom Way Lekki Phase 1 Lekki Lagos,6.4711251,3.8147504,39.0638334712576,53.23478511464151,Lekki,1,Terrace,0,0,1,1.0,0,4,4,1,350000000.0
5 Bedroom Detached Duplex With Cinema,5,5,Northernforesure Estate Chevron Lekki Lagos,6.4711251,3.8147504,39.0638334712576,53.23478511464151,Lekki,1,Detached Duplex,0,0,0,1.0,0,4,5,0,1500000000.0
5 Bedroom Detached Duplex With Cinema + Swimming Pool,5,5,Palm Residence Osapa London Lekki Lagos,6.4711251,3.8147504,39.0638334712576,53.23478511464151,Lekki,1,Detached Duplex,1,0,0,1.0,0,4,5,1,1200000000.0
5 Bedroom Detached Duplex With Cinema + Pool,5,5,Mayrose Park Estate By Vgc Vgc Lekki Lagos,6.4711251,3.8147504,39.0638334712576,53.23478511464151,Lekki,1,Detached Duplex,1,0,0,1.0,0,4,5,1,590000000.0
5 Bedroom Detached Duplex With Swimming Pool,5,5,Lakeview Phase 2 Estate Orchid Hotel Road Lekki Lagos,6.4711251,3.8147504,39.0638334712576,53.23478511464151,Lekki,1,Detached Duplex,1,0,0,1.0,0,4,5,1,550000000.0
2 Bedroom Apartment With Swimming Pool,2,2,Spar Road Ikate Lekki Lagos,6.4711251,3.8147504,39.0638334712576,53.23478511464151,Lekki,1,Flat,1,0,0,1.0,0,4,2,1,215000000.0
Newly Built 3 Bedroom Apartment With Bq,3,3,Lekki Phase 1 Lekki Lagos,6.4711251,3.8147504,39.0638334712576,53.23478511464151,Lekki,1,Flat,0,1,1,1.0,0,4,3,1,235000000.0
5 Bedroom Detached Duplex With Pool + Cinema,5,5,Lekki Phase 1 Lekki Lagos,6.4711251,3.8147504,39.0638334712576,53.23478511464151,Lekki,1,Detached Duplex,1,0,0,1.0,0,4,5,1,1300000000.0
Luxury 2 Bedroom Apartment With Swimming Pool,2,2,Off Ligali Ayorinde Victoria Island Lagos,6.4300279,3.4259904,4.5315928067815925,20.705813048742375,Victoria Island,1,Flat,1,0,0,1.0,0,5,2,1,380000000.0
5 Bedroom Detached Duplex With Swimming Pool,5,5,Lekki County Homes Estate ( Megamond) Ikota Lekki Lagos,6.4711251,3.8147504,39.0638334712576,53.23478511464151,Lekki,1,Detached Duplex,1,0,0,1.0,0,4,5,1,600000000.0
3 Bedroom Apartment With Swimming Pool,3,3,Off Admiralty Road Lekki Phase 1 Lekki Lagos,6.4711251,3.8147504,39.0638334712576,53.23478511464151,Lekki,1,Flat,1,0,0,1.0,0,4,3,1,500000000.0
5 Bedroom Detached Duplex With Elevator + Cinema,5,5,Hampton Bay Estate Ikate Lekki Lagos,6.4711251,3.8147504,39.0638334712576,53.23478511464151,Lekki,1,Detached Duplex,0,0,0,1.0,0,4,5,0,800000000.0
5 Bedroom Detached Duplex With Elevator + Cinema,5,5,Lekki Phase 1 Lekki Lagos,6.4711251,3.8147504,39.0638334712576,53.23478511464151,Lekki,1,Detached Duplex,0,0,0,1.0,0,4,5,0,1500000000.0
5 Bedroom Semi Detached Duplex,5,5,Victory Park Estate Osapa London Lekki Lagos,6.4711251,3.8147504,39.0638334712576,53.23478511464151,Lekki,1,Detached Duplex,0,0,0,1.0,0,4,5,0,650000000.0
5 Bedroom Semi Detached Duplex With Swimming Pool,5,5,Cowrie Creek Estate Ikate Lekki Lagos,6.4711251,3.8147504,39.0638334712576,53.23478511464151,Lekki,1,Detached Duplex,1,0,0,1.0,0,4,5,1,950000000.0
5 Bedroom Detached Duplex With Cinema + Pool,6,6,Pinnock Beach Estate Osapa London Lekki Lagos,6.4711251,3.8147504,39.0638334712576,53.23478511464151,Lekki,1,Detached Duplex,1,0,0,1.0,0,4,6,1,1900000000.0
4 Bedroom Terraced Duplex,4,4,Ikate Lekki Lagos,6.4711251,3.8147504,39.0638334712576,53.23478511464151,Lekki,1,Terrace,0,0,0,1.0,0,4,4,0,240000000.0
4 Bedroom Penthouse With Elevator + Swimming Pool,4,4,Meadow Hall Ikate Lekki Lagos,6.4711251,3.8147504,39.0638334712576,53.23478511464151,Lekki,1,Other,1,0,0,1.0,0,4,4,1,450000000.0
4 Bedroom Terraced Duplex With Swimming Pool,4,4,"Off Kunsela Road, Ikate Lekki Lagos",6.4711251,3.8147504,39.0638334712576,53.23478511464151,Lekki,1,Terrace,1,0,0,1.0,0,4,4,1,350000000.0
Luxury 5 Bedroom Detached Duplex,5,5,"Pinnock Beach Estate, Osapa London Lekki Lagos",6.4711251,3.8147504,39.0638334712576,53.23478511464151,Lekki,1,Detached Duplex,0,0,0,1.0,0,4,5,0,1600000000.0
5 Bedroom Detached Duplex With Elevator + Cinema,2,2,"Lekki County Homes Estate ( Megamond), Chevron Lekki Lagos",6.4711251,3.8147504,39.0638334712576,53.23478511464151,Lekki,1,Detached Duplex,0,0,0,1.0,0,4,2,0,700000000.0
Newly Built 2 Bedroom Apartment With Elevator,2,2,Ikate Lekki Lagos,6.4711251,3.8147504,39.0638334712576,53.23478511464151,Lekki,1,Flat,0,0,1,1.0,0,4,2,1,200000000.0
5 Bedroom Detached Duplex With Swimming Pool,6,6,Royal Garden Estate Ajiwe Ajah Lagos,6.4694716,3.5623861,11.300377211002502,27.53491907587076,Ajah,1,Detached Duplex,1,0,0,1.0,0,4,6,1,550000000.0
5 Bedroom Detached Duplex With Cinema,5,5,Palm Residence Osapa London Lekki Lagos,6.4711251,3.8147504,39.0638334712576,53.23478511464151,Lekki,1,Detached Duplex,0,0,0,1.0,0,4,5,0,900000000.0
5 Bedroom Detached Duplex,5,5,Off Freedom Way Lekki Phase 1 Lekki Lagos,6.4711251,3.8147504,39.0638334712576,53.23478511464151,Lekki,1,Detached Duplex,0,0,0,1.0,0,4,5,0,800000000.0
Newly Built 3 Bedroom Apartment,3,3,Chevron Lekki Lagos,6.4711251,3.8147504,39.0638334712576,53.23478511464151,Lekki,1,Flat,0,0,1,1.0,0,4,3,1,160000000.0
5 Bedroom Detached Duplex With Cinema + Pool,5,5,Vintage Park Estate Ikate Lekki Lagos,6.4711251,3.8147504,39.0638334712576,53.23478511464151,Lekki,1,Detached Duplex,1,0,0,1.0,0,4,5,1,1600000000.0
5 Bedroom Detached Duplex With Cinema + Pool,5,5,Royal Garden Estate Ajiwe Ajah Lagos,6.4694716,3.5623861,11.300377211002502,27.53491907587076,Ajah,1,Detached Duplex,1,0,0,1.0,0,4,5,1,700000000.0
4 Bedroom Terrace Duplex With Bq,4,4,Ikate Lekki Lagos,6.4711251,3.8147504,39.0638334712576,53.23478511464151,Lekki,1,Terrace,0,1,0,1.0,0,4,4,0,225000000.0
5 Bedroom Detached Duplex With Cinema + Swimming Pool,5,5,Osapa London Lekki Lagos,6.4711251,3.8147504,39.0638334712576,53.23478511464151,Lekki,1,Detached Duplex,1,0,0,1.0,0,4,5,1,500000000.0
5 Bedroom Detached Duplex With Bq,5,5,Ologolo Lekki Lagos,6.4711251,3.8147504,39.0638334712576,53.23478511464151,Lekki,1,Detached Duplex,0,1,0,1.0,0,4,5,0,350000000.0
Newly Built 4 Bedroom Semi Detached Duplex With Bq,4,4,Orchid Hotel Road Chevron Lekki Lagos,6.4711251,3.8147504,39.0638334712576,53.23478511464151,Lekki,1,Detached Duplex,0,1,1,1.0,0,4,4,1,260000000.0
5 Bedroom Detached Duplex With Cinema + Swimming Pool,5,5,"Lekki County Homes Estate ( Megamond), Chevron Lekki Lagos",6.4711251,3.8147504,39.0638334712576,53.23478511464151,Lekki,1,Detached Duplex,1,0,0,1.0,0,4,5,1,650000000.0
5 Bedroom Detached Duplex With Cinema,5,5,Pinnock Beach Estate Osapa London Lekki Lagos,6.4711251,3.8147504,39.0638334712576,53.23478511464151,Lekki,1,Detached Duplex,0,0,0,1.0,0,4,5,0,850000000.0
5 Bedroom Detached Duplex With Swimming Pool,5,5,Osapa London Lekki Lagos,6.4711251,3.8147504,39.0638334712576,53.23478511464151,Lekki,1,Detached Duplex,1,0,0,1.0,0,4,5,1,600000000.0
5 Bedroom Detached Duplex With Cinema + Pool,5,5,Osapa London Lekki Lagos,6.4711251,3.8147504,39.0638334712576,53.23478511464151,Lekki,1,Detached Duplex,1,0,0,1.0,0,4,5,1,1300000000.0
Newly Built 2 Bedroom Apartment,2,2,Ikate Lekki Lagos,6.4711251,3.8147504,39.0638334712576,53.23478511464151,Lekki,1,Flat,0,0,1,1.0,0,4,2,1,210000000.0
Massive 6 Bedroom Detached Duplex (water Front),6,6,Banana Island Ikoyi Lagos,6.4600581,3.4593152,1.2666850782568917,19.69523211516851,Banana Island,1,Detached Duplex,0,0,0,1.0,0,5,6,0,7600000000.0
1 Bedroom Apartment,1,1,Whitesand School Lekki Phase 1 Lekki Lagos,6.4711251,3.8147504,39.0638334712576,53.23478511464151,Lekki,1,Flat,0,0,0,1.0,0,4,1,0,120000000.0
5 Bedroom Detached Duplex With Swimming Pool + Cinema,5,5,Osapa London Lekki Lagos,6.4711251,3.8147504,39.0638334712576,53.23478511464151,Lekki,1,Detached Duplex,1,0,0,1.0,0,4,5,1,650000000.0
Massive 4 Bedroom Semi Detached Duplex,4,4,County Homes Estate Ikota Lekki Lagos,6.4711251,3.8147504,39.0638334712576,53.23478511464151,Lekki,1,Detached Duplex,0,0,0,1.0,0,4,4,0,300000000.0
Newly Built 2 Bedroom Apartment,2,2,Ikate Lekki Lagos,6.4711251,3.8147504,39.0638334712576,53.23478511464151,Lekki,1,Flat,0,0,1,1.0,0,4,2,1,250000000.0
5 Bedroom Detached Duplex,5,5,"Victory Park Estate, Osapa London Lekki Lagos",6.4711251,3.8147504,39.0638334712576,53.23478511464151,Lekki,1,Detached Duplex,0,0,0,1.0,0,4,5,0,650000000.0
4 Bedroom Semi Detached Duplex With Bq,4,4,Lekki Scheme 2 Ajah Lagos,6.4711251,3.8147504,39.0638334712576,53.23478511464151,Lekki,1,Detached Duplex,0,1,0,1.0,0,4,4,0,140000000.0
2 Bedroom Apartment With Swimming Pool,2,2,Lekki Phase 1 Lekki Lagos,6.4711251,3.8147504,39.0638334712576,53.23478511464151,Lekki,1,Flat,1,0,0,1.0,0,4,2,1,400000000.0
3 Bedroom Terrace Duplex,3,3,Abraham Adesanya Estate Ajah Lagos,6.4694716,3.5623861,11.300377211002502,27.53491907587076,Ajah,1,Terrace,0,0,0,1.0,0,4,3,0,85000000.0
2 Bedroom Apartment With Swimming Pool,2,2,Spar Road Ikate Lekki Lagos,6.4711251,3.8147504,39.0638334712576,53.23478511464151,Lekki,1,Flat,1,0,0,1.0,0,4,2,1,230000000.0
5 Bedroom Detached Duplex With Cinema + Elevator,5,5,Victory Park Estate Osapa London Lekki Lagos,6.4711251,3.8147504,39.0638334712576,53.23478511464151,Lekki,1,Detached Duplex,0,0,0,1.0,0,4,5,0,850000000.0
3 Bedroom Apartment With Swimming Pool,3,3,Lekki Phase 1 Lekki Lagos,6.4711251,3.8147504,39.0638334712576,53.23478511464151,Lekki,1,Flat,1,0,0,1.0,0,4,3,1,400000000.0
5 Bedroom Detached Duplex With Swimming Pool,5,5,"Discovery Estate, Chevron Lekki Lagos",6.4711251,3.8147504,39.0638334712576,53.23478511464151,Lekki,1,Detached Duplex,1,0,0,1.0,0,4,5,1,450000000.0
4 Bedroom Semi Detached Duplex With Bq,4,4,Creek Haven Estate Vgc Lekki Lagos,6.4711251,3.8147504,39.0638334712576,53.23478511464151,Lekki,1,Detached Duplex,0,1,0,1.0,0,4,4,0,200000000.0
5 Bedroom Detached Duplex With Swimming Pool,5,5,Lekki Phase 1 Lekki Lagos,6.4711251,3.8147504,39.0638334712576,53.23478511464151,Lekki,1,Detached Duplex,1,0,0,1.0,0,4,5,1,800000000.0
5 Bedroom Detached Duplex,5,5,"Lekki Palms Estate, Ado Ajah Lagos",6.4711251,3.8147504,39.0638334712576,53.23478511464151,Lekki,1,Detached Duplex,0,0,0,1.0,0,4,5,0,250000000.0
Newly Built 3 Bedroom Apartment With Elevator,3,3,Ikate Lekki Lagos,6.4711251,3.8147504,39.0638334712576,53.23478511464151,Lekki,1,Flat,0,0,1,1.0,0,4,3,1,350000000.0
5 Bedroom Detached Duplex,5,5,Vgc Lekki Lagos,6.4711251,3.8147504,39.0638334712576,53.23478511464151,Lekki,1,Detached Duplex,0,0,0,1.0,0,4,5,0,550000000.0
2 Bedroom Apartment With Swimming Pool,2,2,Ikate Lekki Lagos,6.4711251,3.8147504,39.0638334712576,53.23478511464151,Lekki,1,Flat,1,0,0,1.0,0,4,2,1,200000000.0
Primed 981sqm & 1515sqm & 2117sqm,0,0,Twin Lake Estate Chevron Lekki Lagos,6.4711251,3.8147504,39.0638334712576,53.23478511464151,Lekki,1,Other,0,0,0,0.0,0,4,0,0,450000000.0
4 Bedroom Terraced Duplex,4,4,Old Ikoyi Ikoyi Lagos,6.4516268,3.4117815,5.595874965201447,17.89581566309951,Ikoyi,1,Terrace,0,0,0,1.0,0,5,4,0,1400000000.0
5 Bedroom Maisonette Penthouse,5,5,Old Ikoyi Ikoyi Lagos,6.4516268,3.4117815,5.595874965201447,17.89581566309951,Ikoyi,1,Other,0,0,0,1.0,0,5,5,0,3800000000.0
Luxury 4 Bedroom Semi Detached Duplex,4,4,"Maiyegun Beach Estate Jakande, Lekki Phase 1 Lekki Lagos",6.4711251,3.8147504,39.0638334712576,53.23478511464151,Lekki,1,Detached Duplex,0,0,0,1.0,0,4,4,0,600000000.0
5 Bedroom Detached Duplex With Elevator + Cinema,5,5,Royal Garden Estate Ajiwe Ajah Lagos,6.4694716,3.5623861,11.300377211002502,27.53491907587076,Ajah,1,Detached Duplex,0,0,0,1.0,0,4,5,0,750000000.0
4 Bedroom Detached Duplex With Cinema + Swimming Pool,4,4,Northernforesure Estate Chevron Lekki Lagos,6.4711251,3.8147504,39.0638334712576,53.23478511464151,Lekki,1,Detached Duplex,1,0,0,1.0,0,4,4,1,800000000.0
Luxury 5 Bedroom Detached Duplex With Pool,5,5,Old Ikoyi Ikoyi Lagos,6.4516268,3.4117815,5.595874965201447,17.89581566309951,Ikoyi,1,Detached Duplex,1,0,0,1.0,0,5,5,1,2700000000.0
5 Bedroom Detached Duplex With Cinema + Elevator,5,5,Osapa London Lekki Lekki Phase 1 Lekki Lagos,6.4711251,3.8147504,39.0638334712576,53.23478511464151,Lekki,1,Detached Duplex,0,0,0,1.0,0,4,5,0,1500000000.0
Newly Built 3 Bedroom Apartment,3,3,Lekki Phase 1 Lekki Lagos,6.4711251,3.8147504,39.0638334712576,53.23478511464151,Lekki,1,Flat,0,0,1,1.0,0,4,3,1,300000000.0
5 Bedroom Detached Duplex With Pool + Cinema,5,5,"Lekki County Homes Estate ( Megamond), Ikota Lekki Lagos",6.4711251,3.8147504,39.0638334712576,53.23478511464151,Lekki,1,Detached Duplex,1,0,0,1.0,0,4,5,1,400000000.0
4 Bedroom Detached Duplex With Cinema,4,4,Victory Park Estate Osapa London Lekki Lagos,6.4711251,3.8147504,39.0638334712576,53.23478511464151,Lekki,1,Detached Duplex,0,0,0,1.0,0,4,4,0,780000000.0
5 Bedroom Detached Duplex With Bq,5,5,Creek Haven Estate Vgc Lekki Lagos,6.4711251,3.8147504,39.0638334712576,53.23478511464151,Lekki,1,Detached Duplex,0,1,0,1.0,0,4,5,0,310000000.0
5 Bedroom Detached Duplex With Swimming Pool,5,5,Ologolo Lekki Lagos,6.4711251,3.8147504,39.0638334712576,53.23478511464151,Lekki,1,Detached Duplex,1,0,0,1.0,0,4,5,1,400000000.0
Massive 3 Bedroom Apartment With Swimming Pool,3,3,Off Admiralty Way Lekki Phase 1 Lekki Lagos,6.4711251,3.8147504,39.0638334712576,53.23478511464151,Lekki,1,Flat,1,0,0,1.0,0,4,3,1,365000000.0
Newly Built 2 Bedroom Apartment,2,2,Lekki Phase 1 Lekki Lagos,6.4711251,3.8147504,39.0638334712576,53.23478511464151,Lekki,1,Flat,0,0,1,1.0,0,4,2,1,270000000.0
Newly Built 5 Bedroom Detached Duplex,5,5,Royal Garden Estate Ajiwe Ajah Lagos,6.4694716,3.5623861,11.300377211002502,27.53491907587076,Ajah,1,Detached Duplex,0,0,1,1.0,0,4,5,1,550000000.0
5 Bedroom Detached Duplex With Cinema + Pool,5,5,Lekki County Homes Estate ( Megamond) Ikota Lekki Lagos,6.4711251,3.8147504,39.0638334712576,53.23478511464151,Lekki,1,Detached Duplex,1,0,0,1.0,0,4,5,1,650000000.0
Luxury 4 Bedroom Terrace Duplex With Swimming Pool,4,4,Ikate Lekki Lagos,6.4711251,3.8147504,39.0638334712576,53.23478511464151,Lekki,1,Terrace,1,0,0,1.0,0,4,4,1,250000000.0
2 Bedroom Apartment,2,2,Whitesand School Lekki Phase 1 Lekki Lagos,6.4711251,3.8147504,39.0638334712576,53.23478511464151,Lekki,1,Flat,0,0,0,1.0,0,4,2,0,250000000.0
Luxury 5 Bedroom Detached Duplex With Bq,5,5,Royal Garden Estate Ajiwe Ajah Lagos,6.4694716,3.5623861,11.300377211002502,27.53491907587076,Ajah,1,Detached Duplex,0,1,0,1.0,0,4,5,0,600000000.0
5 Bedroom Detached Duplex With Cinema + Elevator,5,5,Lekki Phase 1 Lekki Lagos,6.4711251,3.8147504,39.0638334712576,53.23478511464151,Lekki,1,Detached Duplex,0,0,0,1.0,0,4,5,0,1300000000.0
5 Bedroom Detached Duplex With Bq,5,5,Osapa London Lekki Lagos,6.4711251,3.8147504,39.0638334712576,53.23478511464151,Lekki,1,Detached Duplex,0,1,0,1.0,0,4,5,0,400000000.0
Newly Built 1 Bedroom Apartment,1,1,Chevron Lekki Lagos,6.4711251,3.8147504,39.0638334712576,53.23478511464151,Lekki,1,Flat,0,0,1,1.0,0,4,1,1,85000000.0
4 Bedroom Detached Duplex L,4,4,Banana Island Ikoyi Lagos,6.4600581,3.4593152,1.2666850782568917,19.69523211516851,Banana Island,1,Detached Duplex,0,0,0,1.0,0,5,4,0,3000000000.0
2 Bedroom Apartment With Swimming Pool,2,2,Ikate Lekki Lagos,6.4711251,3.8147504,39.0638334712576,53.23478511464151,Lekki,1,Flat,1,0,0,1.0,0,4,2,1,150000000.0
Newly Built 4 Bedroom Terrace Duplex,4,4,Ikate Lekki Lagos,6.4711251,3.8147504,39.0638334712576,53.23478511464151,Lekki,1,Terrace,0,0,1,1.0,0,4,4,1,250000000.0
4 Bedroom Terrace Duplex,4,4,Ologolo Lekki Lagos,6.4711251,3.8147504,39.0638334712576,53.23478511464151,Lekki,1,Terrace,0,0,0,1.0,0,4,4,0,220000000.0
4 Bedroom Terrace Duplex With Private Swimming Pool,4,4,Ikate Lekki Lagos,6.4711251,3.8147504,39.0638334712576,53.23478511464151,Lekki,1,Terrace,1,0,0,1.0,0,4,4,1,450000000.0
4 Bedroom Terrace Duplex,4,4,Ologolo Lekki Lagos,6.4711251,3.8147504,39.0638334712576,53.23478511464151,Lekki,1,Terrace,0,0,0,1.0,0,4,4,0,175000000.0
4 Bedroom Terraced Duplex,4,4,Alpha Beach Road Igbo Efon Lekki Lagos,6.4711251,3.8147504,39.0638334712576,53.23478511464151,Lekki,1,Terrace,0,0,0,1.0,0,4,4,0,145000000.0
5 Bedroom Penthouse,5,5,Old Ikoyi Ikoyi Lagos,6.4516268,3.4117815,5.595874965201447,17.89581566309951,Ikoyi,1,Other,0,0,0,1.0,0,5,5,0,3000000000.0
Newly Built 5 Bedroom Detached Duplex,5,5,Ologolo Lekki Lagos,6.4711251,3.8147504,39.0638334712576,53.23478511464151,Lekki,1,Detached Duplex,0,0,1,1.0,0,4,5,1,250000000.0
4 Bedroom Detached Duplex With Swimming Pool,4,4,Lekki County Homes Estate ( Megamond) Chevron Lekki Lagos,6.4711251,3.8147504,39.0638334712576,53.23478511464151,Lekki,1,Detached Duplex,1,0,0,1.0,0,4,4,1,325000000.0
4 Bedroom Semi Detached Duplex With Bq,4,4,"Orchid Hotel Road, Chevron Lekki Lagos",6.4711251,3.8147504,39.0638334712576,53.23478511464151,Lekki,1,Detached Duplex,0,1,0,1.0,0,4,4,0,200000000.0
5 Bedroom Detached Duplex With Cinema + Pool,4,4,Lekki Phase 1 Lekki Lagos,6.4711251,3.8147504,39.0638334712576,53.23478511464151,Lekki,1,Detached Duplex,1,0,0,1.0,0,4,4,1,1200000000.0
3 Bedroom Apartment With Swimming Pool,3,3,Spar Road Ikate Lekki Lagos,6.4711251,3.8147504,39.0638334712576,53.23478511464151,Lekki,1,Flat,1,0,0,1.0,0,4,3,1,250000000.0
5 Bedroom Semi Detached Duplex With Cinema + Pool,5,5,Cowrie Creek Estate Lekki Phase 1 Lekki Lagos,6.4711251,3.8147504,39.0638334712576,53.23478511464151,Lekki,1,Detached Duplex,1,0,0,1.0,0,4,5,1,850000000.0
5 Bedroom Semi Detached Duplex,5,5,"Cowrie Creek Estate Ikate, Lekki Phase 1 Lekki Lagos",6.4711251,3.8147504,39.0638334712576,53.23478511464151,Lekki,1,Detached Duplex,0,0,0,1.0,0,4,5,0,650000000.0
5 Bedroom Detached Duplex With Cinema + Pool,5,5,"Nike Art Gallary, Lekki Phase 1 Lekki Lagos",6.4711251,3.8147504,39.0638334712576,53.23478511464151,Lekki,1,Detached Duplex,1,0,0,1.0,0,4,5,1,800000000.0
Newly Built 3 Bedroom Apartment With Bq,3,3,Lekki Phase 1 Lekki Lagos,6.4711251,3.8147504,39.0638334712576,53.23478511464151,Lekki,1,Flat,0,1,1,1.0,0,4,3,1,430000000.0
5 Bedroom Detached Duplex With Swimming Pool,5,5,Idado Lekki Lagos,6.4711251,3.8147504,39.0638334712576,53.23478511464151,Lekki,1,Detached Duplex,1,0,0,1.0,0,4,5,1,550000000.0
5 Bedroom Detached Duplex With Cinema + Swimming Pool,5,5,Lekki County Homes Estate ( Megamond) Lekki Phase 1 Lekki Lagos,6.4711251,3.8147504,39.0638334712576,53.23478511464151,Lekki,1,Detached Duplex,1,0,0,1.0,0,4,5,1,500000000.0
5 Bedroom Detached Duplex With Swimming Pool + Cinema,5,5,Chevron Lekki Lagos,6.4711251,3.8147504,39.0638334712576,53.23478511464151,Lekki,1,Detached Duplex,1,0,0,1.0,0,4,5,1,720000000.0
Semi Finished 4 Bedroom Semi Detached Duplex(,4,4,Vintage Park Estate Osapa London Lekki Lagos,6.4711251,3.8147504,39.0638334712576,53.23478511464151,Lekki,1,Detached Duplex,0,0,0,1.0,0,4,4,0,230000000.0
5 Bedroom Detached Duplex With Cinema,5,5,Off Freedom Way Lekki Phase 1 Lekki Lagos,6.4711251,3.8147504,39.0638334712576,53.23478511464151,Lekki,1,Detached Duplex,0,0,0,1.0,0,4,5,0,1500000000.0
3 Bedroom Apartment With Swimming Pool,3,3,Freedom Way Lekki Phase 1 Lekki Lagos,6.4711251,3.8147504,39.0638334712576,53.23478511464151,Lekki,1,Flat,1,0,0,1.0,0,4,3,1,300000000.0
2 Bedroom Apartment,2,2,Seagate Estate Ikate Lekki Lagos,6.4711251,3.8147504,39.0638334712576,53.23478511464151,Lekki,1,Flat,0,0,0,1.0,0,4,2,0,150000000.0
5 Bedroom Detached Duplex With Elevator + Cinema,5,5,Hampton Island Lekki Phase 1 Lekki Lagos,6.4711251,3.8147504,39.0638334712576,53.23478511464151,Lekki,1,Detached Duplex,0,0,0,1.0,0,4,5,0,1500000000.0
4 Bedroom Semi Detached Duplex With Elevator,4,4,Parkview Estate Ikoyi Lagos,6.4516268,3.4117815,5.595874965201447,17.89581566309951,Ikoyi,1,Detached Duplex,0,0,0,1.0,0,5,4,0,1000000000.0
5 Bedroom Detached Duplex With Swimming Pool,5,5,Orchid Hotel Road Chevron Lekki Lagos,6.4711251,3.8147504,39.0638334712576,53.23478511464151,Lekki,1,Detached Duplex,1,0,0,1.0,0,4,5,1,450000000.0
5 Bedroom Detached Duplex With Elevator + Cinema,5,5,Cowrie Creek Estate Lekki Phase 1 Lekki Lagos,6.4711251,3.8147504,39.0638334712576,53.23478511464151,Lekki,1,Detached Duplex,0,0,0,1.0,0,4,5,0,2500000000.0
Newly Built 5 Bedroom Detached Duplex With Pool,5,5,Lekki Palms Estate Ado Ajah Lagos,6.4711251,3.8147504,39.0638334712576,53.23478511464151,Lekki,1,Detached Duplex,1,0,1,1.0,0,4,5,2,250000000.0
5 Bedroom Detached Duplex With Cinema + Pool,5,5,Lekki County Homes Estate ( Megamond) Ikota Lekki Lagos,6.4711251,3.8147504,39.0638334712576,53.23478511464151,Lekki,1,Detached Duplex,1,0,0,1.0,0,4,5,1,420000000.0
2 Bedroom Apartment Off Plan Sale,2,2,Adeola Hopewell Victoria Island Lagos,6.4300279,3.4259904,4.5315928067815925,20.705813048742375,Victoria Island,1,Flat,0,0,0,1.0,0,5,2,0,420000000.0
Massive 5 Bedroom Semi Detached Duplex With Bq,5,5,Royal Garden Estate Ajiwe Ajah Lagos,6.4694716,3.5623861,11.300377211002502,27.53491907587076,Ajah,1,Detached Duplex,0,1,0,1.0,0,4,5,0,500000000.0
5 Bedroom Detached Duplex With Swimming Pool,5,5,Lekki County Homes Estate ( Megamond) Chevron Lekki Lagos,6.4711251,3.8147504,39.0638334712576,53.23478511464151,Lekki,1,Detached Duplex,1,0,0,1.0,0,4,5,1,330000000.0
5 Bedroom Terraced Duplex With Swimming Pool,5,5,"Off Gbangbala Street, Lekki Phase 1 Lekki Lagos",6.4711251,3.8147504,39.0638334712576,53.23478511464151,Lekki,1,Terrace,1,0,0,1.0,0,4,5,1,350000000.0
5 Bedroom Detached Duplex With Cinema + Pool,5,5,Pinnock Beach Estate Osapa London Lekki Lagos,6.4711251,3.8147504,39.0638334712576,53.23478511464151,Lekki,1,Detached Duplex,1,0,0,1.0,0,4,5,1,1200000000.0
5 Bedroom Detached Duplex,5,5,Ologolo Lekki Lagos,6.4711251,3.8147504,39.0638334712576,53.23478511464151,Lekki,1,Detached Duplex,0,0,0,1.0,0,4,5,0,300000000.0
Luxury 4 Bedroom Apartment With Swimming Pool,4,4,Banana Island Road Ikoyi Lagos,6.4600581,3.4593152,1.2666850782568917,19.69523211516851,Banana Island,1,Flat,1,0,0,1.0,0,5,4,1,845000000.0
5 Bedroom Detached Duplex With Swimming Pool + Cinema,5,5,Lakeview Phase 2 Estate Orchid Lekki Lagos,6.4711251,3.8147504,39.0638334712576,53.23478511464151,Lekki,1,Detached Duplex,1,0,0,1.0,0,4,5,1,750000000.0
4 Bedroom Semi Detached Duplex,4,4,"Orchid Hotel Road, Chevron Lekki Lagos",6.4711251,3.8147504,39.0638334712576,53.23478511464151,Lekki,1,Detached Duplex,0,0,0,1.0,0,4,4,0,190000000.0
20sqm & 30sqm & 40sqm Office Space,0,0,Mobil Road Off Lekki Epe Expressway Ajah Lagos,6.4711251,3.8147504,39.0638334712576,53.23478511464151,Lekki,1,Other,0,0,0,0.0,0,4,0,0,40000000.0
Primed 1000sqm & 650sqm Residential Plot,0,0,Orange Island Lekki Phase 1 Lekki Lagos,6.4711251,3.8147504,39.0638334712576,53.23478511464151,Lekki,1,Other,0,0,0,0.0,0,4,0,0,600000000.0
4 Bedroom Terraced Duplex With Bq,4,4,Lekki Phase 1 Lekki Lagos,6.4711251,3.8147504,39.0638334712576,53.23478511464151,Lekki,1,Terrace,0,1,0,1.0,0,4,4,0,400000000.0
5 Bedroom Detached Duplex With Bq,4,4,Idado Lekki Lagos,6.4711251,3.8147504,39.0638334712576,53.23478511464151,Lekki,1,Detached Duplex,0,1,0,1.0,0,4,4,0,260000000.0
5 Bedroom Detached Duplex With Elevator + Cinema,5,5,Hampton Bay Estate Lekki Phase 1 Lekki Lagos,6.4711251,3.8147504,39.0638334712576,53.23478511464151,Lekki,1,Detached Duplex,0,0,0,1.0,0,4,5,0,750000000.0
3 Bedroom Apartment With Bq Off Plan Sale,3,3,Adeola Hopewell Victoria Island Lagos,6.4300279,3.4259904,4.5315928067815925,20.705813048742375,Victoria Island,1,Flat,0,1,0,1.0,0,5,3,0,450000000.0
4 Bedroom Terrace Duplex With Swimming Pool,4,4,Osapa London Lekki Lagos,6.4711251,3.8147504,39.0638334712576,53.23478511464151,Lekki,1,Terrace,1,0,0,1.0,0,4,4,1,350000000.0
5 Bedroom Detached Duplex With Cinema + Swimming Pool,5,5,Royal Garden Estate Ajiwe Ajah Lagos,6.4694716,3.5623861,11.300377211002502,27.53491907587076,Ajah,1,Detached Duplex,1,0,0,1.0,0,4,5,1,650000000.0
4 Bedroom Semi Detached Duplex,4,4,Parkview Estate Ikoyi Lagos,6.4516268,3.4117815,5.595874965201447,17.89581566309951,Ikoyi,1,Detached Duplex,0,0,0,1.0,0,5,4,0,900000000.0
4 Bedroom Terrace Duplex,4,4,Lekki Phase 1 Lekki Lagos,6.4711251,3.8147504,39.0638334712576,53.23478511464151,Lekki,1,Terrace,0,0,0,1.0,0,4,4,0,500000000.0
5 Bedroom Maisonette,5,5,Ikoyi Lagos,6.4516268,3.4117815,5.595874965201447,17.89581566309951,Ikoyi,1,Other,0,0,0,1.0,0,5,5,0,3000000000.0
4 Bedroom Penthouse,4,4,Lekki Phase 1 Lekki Lagos,6.4711251,3.8147504,39.0638334712576,53.23478511464151,Lekki,1,Other,0,0,0,1.0,0,4,4,0,600000000.0
Luxury 2 Bedroom Apartment With Swimming Pool,2,2,Off Admiralty Way Lekki Phase 1 Lekki Lagos,6.4711251,3.8147504,39.0638334712576,53.23478511464151,Lekki,1,Flat,1,0,0,1.0,0,4,2,1,270000000.0
5 Bedroom Detached Duplex With Swimming Pool,5,5,"Oral Estate, Chevron Lekki Lagos",6.4711251,3.8147504,39.0638334712576,53.23478511464151,Lekki,1,Detached Duplex,1,0,0,1.0,0,4,5,1,420000000.0
Newly Built 3 Bedroom Apartment,3,3,Lekki Phase 1 Lekki Lagos,6.4711251,3.8147504,39.0638334712576,53.23478511464151,Lekki,1,Flat,0,0,1,1.0,0,4,3,1,380000000.0
2 Bedroom Apartment,2,2,Orange Island Lekki Phase 1 Lekki Lagos,6.4711251,3.8147504,39.0638334712576,53.23478511464151,Lekki,1,Flat,0,0,0,1.0,0,4,2,0,270000000.0
Newly Built 3 Bedroom Apartment,3,3,Freedom Way Lekki Phase 1 Lekki Lagos,6.4711251,3.8147504,39.0638334712576,53.23478511464151,Lekki,1,Flat,0,0,1,1.0,0,4,3,1,250000000.0
6 Bedroom Detached Duplex With Bq,5,5,"Eleko Junction, Eleko Ibeju Lekki Lagos",6.4711251,3.8147504,39.0638334712576,53.23478511464151,Lekki,1,Detached Duplex,0,1,0,1.0,0,4,5,0,350000000.0
5 Bedroom Detached Duplex,5,5,Off Mobil Road Ilaje Ajah Lagos,6.4694716,3.5623861,11.300377211002502,27.53491907587076,Ajah,1,Detached Duplex,0,0,0,1.0,0,4,5,0,290000000.0
5 Bedroom Detached Duplex With Cinema + Swimming Pool,5,5,"Lekki County Homes Estate, Chevron Lekki Lagos",6.4711251,3.8147504,39.0638334712576,53.23478511464151,Lekki,1,Detached Duplex,1,0,0,1.0,0,4,5,1,600000000.0
5 Bedroom Detached Duplex With Swimming Pool,5,5,Royal Garden Estate Ajiwe Ajah Lagos,6.4694716,3.5623861,11.300377211002502,27.53491907587076,Ajah,1,Detached Duplex,1,0,0,1.0,0,4,5,1,1000000000.0
5 Bedroom Detached Duplex With Cinema + Pool,5,5,Arcadia Groove Estate Osapa London Lekki Lagos,6.4711251,3.8147504,39.0638334712576,53.23478511464151,Lekki,1,Detached Duplex,1,0,0,1.0,0,4,5,1,2300000000.0
5 Bedroom Detached Duplex With Cinema + Pool,5,5,Vintage Park Estate Ikate Lekki Lagos,6.4711251,3.8147504,39.0638334712576,53.23478511464151,Lekki,1,Detached Duplex,1,0,0,1.0,0,4,5,1,935000000.0
5 Bedroom Semi Detached Duplex,5,5,Ikate Lekki Lagos,6.4711251,3.8147504,39.0638334712576,53.23478511464151,Lekki,1,Detached Duplex,0,0,0,1.0,0,4,5,0,455000000.0
Luxury 2 Bedroom Apartment,2,2,African Lane Lekki Phase 1 Lekki Lagos,6.4711251,3.8147504,39.0638334712576,53.23478511464151,Lekki,1,Flat,0,0,0,1.0,0,4,2,0,330000000.0
5 Bedroom Detached Duplex With Swimming Pool,5,5,Orchid Hotel Road 2nd Toll Gate Lekki Lagos,6.4711251,3.8147504,39.0638334712576,53.23478511464151,Lekki,1,Detached Duplex,1,0,0,1.0,0,4,5,1,700000000.0
5 Bedroom Detached Duplex With Swimming Pool,5,5,Ocean Breeze Estate Ologolo Lekki Lagos,6.4711251,3.8147504,39.0638334712576,53.23478511464151,Lekki,1,Detached Duplex,1,0,0,1.0,0,4,5,1,500000000.0
5 Bedroom Detached Duplex With Elevator + Cinema,5,5,Mayrose Park Estate By Vgc Vgc Lekki Lagos,6.4711251,3.8147504,39.0638334712576,53.23478511464151,Lekki,1,Detached Duplex,0,0,0,1.0,0,4,5,0,850000000.0
5 Bedroom Detached Duplex With Swimming Pool,5,5,Old Ikoyi Ikoyi Lagos,6.4516268,3.4117815,5.595874965201447,17.89581566309951,Ikoyi,1,Detached Duplex,1,0,0,1.0,0,5,5,1,2400000000.0
5 Bedroom Detached Duplex With Swimming Pool + Cinema,5,5,Royal Garden Estate Ajiwe Ajah Lagos,6.4694716,3.5623861,11.300377211002502,27.53491907587076,Ajah,1,Detached Duplex,1,0,0,1.0,0,4,5,1,650000000.0
4 Bedroom Apartment With Cinema + Lounge,4,4,Old Ikoyi Ikoyi Lagos,6.4516268,3.4117815,5.595874965201447,17.89581566309951,Ikoyi,1,Flat,0,0,0,1.0,0,5,4,0,1900000000.0
5 Bedroom Detached Duplex,5,5,Ikota Villa Estate Ikota Lekki Lagos,6.4711251,3.8147504,39.0638334712576,53.23478511464151,Lekki,1,Detached Duplex,0,0,0,1.0,0,4,5,0,650000000.0
6 Bedroom Detached Duplex With Elevator + Cinema,5,5,Banana Island Ikoyi Lagos,6.4600581,3.4593152,1.2666850782568917,19.69523211516851,Banana Island,1,Detached Duplex,0,0,0,1.0,0,5,5,0,4000000000.0
5 Bedroom Fully Detached Duplex With Swimming Pool,5,5,Orchid Lekki Lagos,6.4711251,3.8147504,39.0638334712576,53.23478511464151,Lekki,1,Detached Duplex,1,0,0,1.0,0,4,5,1,320000000.0
5 Bedroom Detached Duplex With Swimming Pool,5,5,Osapa London Lekki Lagos,6.4711251,3.8147504,39.0638334712576,53.23478511464151,Lekki,1,Detached Duplex,1,0,0,1.0,0,4,5,1,370000000.0
2 Bedroom Apartment,2,2,Oniru Victoria Island Lagos,6.4300279,3.4259904,4.5315928067815925,20.705813048742375,Victoria Island,1,Flat,0,0,0,1.0,0,5,2,0,350000000.0
Office Complex,0,0,Adeniyi Jones Ikeja Lagos,6.5974727,3.3432815,21.044803340125824,1.0271477798224158,Ikeja,0,Other,0,0,0,0.0,0,5,0,0,1500000000.0
House,0,0,Agege Lagos,6.6252516,3.3112096,25.67415712845598,5.155317650569243,Agege,0,Other,0,0,0,0.0,0,4,0,0,350000000.0
Newly Built 4 Storey Commercial Building,0,0,Lekki Phase 1 Lekki Lagos,6.4711251,3.8147504,39.0638334712576,53.23478511464151,Lekki,1,Other,0,0,1,0.0,0,4,0,1,3500000000.0
9 Floors Office Complex,0,0,Victoria Island Lagos,6.4300279,3.4259904,4.5315928067815925,20.705813048742375,Victoria Island,1,Other,0,0,0,0.0,0,5,0,0,35000000.0
4 Bedroom Fully Detached Duplex With Bq,4,0,Ajah Lagos,6.4694716,3.5623861,11.300377211002502,27.53491907587076,Ajah,1,Detached Duplex,0,1,0,0.0,0,4,4,0,150000000.0
10 Floors Building,0,0,Ozumba Mbadiwe Victoria Island Lagos,6.4300279,3.4259904,4.5315928067815925,20.705813048742375,Victoria Island,1,Other,0,0,0,0.0,0,5,0,0,25000000000.0
Newly Built 5 Bedroom Mansion With 2 Bq,5,5,Harmony Estate Abraham Adesanya Estate Ajah Lagos,6.4694716,3.5623861,11.300377211002502,27.53491907587076,Ajah,1,Other,0,1,1,1.0,0,4,5,1,180000000.0
2 Bedroom Apartment,2,0,Orchid Lekki Lagos,6.4711251,3.8147504,39.0638334712576,53.23478511464151,Lekki,1,Flat,0,0,0,0.0,0,4,2,0,85000000.0
4 Bedroom Terrace Duplex,4,0,Vgc Lekki Lagos,6.4711251,3.8147504,39.0638334712576,53.23478511464151,Lekki,1,Terrace,0,0,0,0.0,0,4,4,0,135000000.0
5 Bedroom Semi Detached Duplex,5,0,Chevron Lekki Lagos,6.4711251,3.8147504,39.0638334712576,53.23478511464151,Lekki,1,Detached Duplex,0,0,0,0.0,0,4,5,0,720000000.0
5 Bedroom Semi Detached Duplex,5,0,Gbagada Lagos,6.558073,3.3836208,14.873848626382443,6.000235705174417,Gbagada,0,Detached Duplex,0,0,0,0.0,0,4,0,0,230000000.0
5 Bedroom Home,5,0,Ikoyi Lagos,6.4516268,3.4117815,5.595874965201447,17.89581566309951,Ikoyi,1,Other,0,0,0,0.0,0,5,5,0,2500000000.0
Newly Built 5 Bedroom Fully Detached Duplex With Bq,5,0,Ikeja Lagos,6.5974727,3.3432815,21.044803340125824,1.0271477798224158,Ikeja,0,Detached Duplex,0,1,1,0.0,0,5,0,1,490000000.0
Newly Built 4 Bedroom Terraced Duplex With Bq,4,0,Ifako Gbagada Gbagada Lagos,6.558073,3.3836208,14.873848626382443,6.000235705174417,Gbagada,0,Terrace,0,1,1,0.0,0,4,0,1,210000000.0
4 Units Of 5 Bedroom Terraced House,5,0,Opebi Ikeja Lagos,6.5974727,3.3432815,21.044803340125824,1.0271477798224158,Ikeja,0,Terrace,0,0,0,0.0,0,5,0,0,320000000.0
24 Room Hotel,0,0,Apapa Lagos,6.445187,3.3683732,10.398751645290774,17.419869629100226,Apapa,0,Other,0,0,0,0.0,0,5,0,0,900000000.0
3 Bedroom Apartment,3,0,Lekki Lagos,6.4711251,3.8147504,39.0638334712576,53.23478511464151,Lekki,1,Flat,0,0,0,0.0,0,4,3,0,135000000.0
5 Bedroom Fully Detached Duplex With Bq,5,0,Ikoyi Lagos,6.4516268,3.4117815,5.595874965201447,17.89581566309951,Ikoyi,1,Detached Duplex,0,1,0,0.0,0,5,5,0,2500000000.0
4 Bedroom Terrace Duplex,4,0,Lekki Conservation Centre Lekki Lagos,6.4711251,3.8147504,39.0638334712576,53.23478511464151,Lekki,1,Terrace,0,0,0,0.0,0,4,4,0,170000000.0
Newly Built Estate,0,0,Sangotedo Ajah Lagos,6.4694716,3.5623861,11.300377211002502,27.53491907587076,Ajah,1,Other,0,0,1,0.0,1,4,0,2,2500000000.0
Newly Built Water Front 6 Bedroom Billionaire Mantion,6,6,Banana Island Banana Island Ikoyi Lagos,6.4600581,3.4593152,1.2666850782568917,19.69523211516851,Banana Island,1,Other,0,0,1,1.0,0,5,6,1,22000000000.0
Newly Built 4 Bedroom Duplex,4,0,Gbagada Lagos,6.558073,3.3836208,14.873848626382443,6.000235705174417,Gbagada,0,Duplex,0,0,1,0.0,0,4,0,1,250000000.0
5 Bedroom Fully Detached Duplex With Bq,5,0,Adeniyi Jones Ikeja Lagos,6.5974727,3.3432815,21.044803340125824,1.0271477798224158,Ikeja,0,Detached Duplex,0,1,0,0.0,0,5,0,0,670000000.0
Newly Built 3 Bedroom Flat,3,0,Gbagada Lagos,6.558073,3.3836208,14.873848626382443,6.000235705174417,Gbagada,0,Flat,0,0,1,0.0,0,4,0,1,170000000.0
2 Units Of 4 Bedroom Semi Detached Duplex With Bq,4,0,Ikeja Lagos,6.5974727,3.3432815,21.044803340125824,1.0271477798224158,Ikeja,0,Detached Duplex,0,1,0,0.0,0,5,0,0,450000000.0
Newly Built 4 Bedroom Terrace Duplex,4,4,Santos Estate Dopemu Cement Ikeja Akowonjo Alimosho Lagos,6.5974727,3.3432815,21.044803340125824,1.0271477798224158,Ikeja,0,Terrace,0,0,1,1.0,0,5,0,1,180000000.0
4 Bedroom Semi Detached Duplex With Bq,4,0,Chevron Lekki Lagos,6.4711251,3.8147504,39.0638334712576,53.23478511464151,Lekki,1,Detached Duplex,0,1,0,0.0,0,4,4,0,150000000.0
Newly Built Block Of 8 Flats,0,0,"Agunfoye Bayeku Road, Igbogbo, Ikorodu Lagos",6.6191233,3.5041271,19.37412223201939,16.98654075658537,Ikorodu,0,Flat,0,0,1,0.0,0,2,0,1,70000000.0
4 Bedroom Terraced Duplex,4,0,Chevron Lekki Lagos,6.4711251,3.8147504,39.0638334712576,53.23478511464151,Lekki,1,Terrace,0,0,0,0.0,0,4,4,0,185000000.0
32 Rooms Hotel,0,0,Ikeja Gra Ikeja Lagos,6.5974727,3.3432815,21.044803340125824,1.0271477798224158,Ikeja,0,Other,0,0,0,0.0,0,5,0,0,7500000000.0
5 Bedroom Fully Detached Duplex,5,0,Maryland Lagos,6.5731894,3.3699482,17.11608804854042,3.764744899090711,Maryland,0,Detached Duplex,0,0,0,0.0,0,4,0,0,540000000.0
Plaza,0,0,Ikeja Lagos,6.5974727,3.3432815,21.044803340125824,1.0271477798224158,Ikeja,0,Other,0,0,0,0.0,0,5,0,0,1200000000.0
House,0,0,"Gowon Estate, Egbeda Alimosho Lagos",6.5843882,3.2575876,27.144835989600622,10.56259673623399,Alimosho,0,Other,0,0,0,0.0,0,4,0,0,260000000.0
Newly Built 4 Bedroom Maisonette,4,0,Ikoyi Lagos,6.4516268,3.4117815,5.595874965201447,17.89581566309951,Ikoyi,1,Other,0,0,1,0.0,0,5,4,1,3500000000.0
3 Bedroom Flat,3,0,Chevron Lekki Lagos,6.4711251,3.8147504,39.0638334712576,53.23478511464151,Lekki,1,Flat,0,0,0,0.0,0,4,3,0,90000000.0
4 Bedroom Terraced Duplex,4,0,Ikoyi Lagos,6.4516268,3.4117815,5.595874965201447,17.89581566309951,Ikoyi,1,Terrace,0,0,0,0.0,0,5,4,0,330000000.0
Block Of 10 Flat,0,0,Ibeju Lekki Lagos,6.4711251,3.8147504,39.0638334712576,53.23478511464151,Lekki,1,Flat,0,0,0,0.0,0,4,0,0,90000000.0
Filling Station,0,0,Yaba Lagos,6.5114693,3.3699982,12.327418636428003,10.196897835571315,Yaba,0,Other,0,0,0,0.0,0,4,0,0,2000000000.0
Pharmacy Building,0,0,Ikeja Lagos,6.5974727,3.3432815,21.044803340125824,1.0271477798224158,Ikeja,0,Other,0,0,0,0.0,0,5,0,0,1600000000.0
Newly Built 4 Bedroom Fully Detached Duplex,0,0,Adeniyi Jones Ikeja Lagos,6.5974727,3.3432815,21.044803340125824,1.0271477798224158,Ikeja,0,Detached Duplex,0,0,1,0.0,0,5,0,1,500000000.0
4 Bedroom Detached Duplex With A Bq,4,0,Ikota Lekki Lagos,6.4711251,3.8147504,39.0638334712576,53.23478511464151,Lekki,1,Detached Duplex,0,1,0,0.0,0,4,4,0,180000000.0
2 Bedroom Apartment,2,0,Oniru Victoria Island Lagos,6.4300279,3.4259904,4.5315928067815925,20.705813048742375,Victoria Island,1,Flat,0,0,0,0.0,0,5,2,0,680000000.0
Block Of 10 Flats,0,0,Onikanga Area Off Koloba Road Ayobo Ipaja Lagos,6.6072725,3.2842771,26.344770640138854,7.458481118377319,Ipaja,0,Flat,0,0,0,0.0,0,2,0,0,165000000.0
Newly Built 5 Bedroom Detached House With Bq,5,0,"Off Oduduwa Way, Ikeja Gra Ikeja Lagos",6.5974727,3.3432815,21.044803340125824,1.0271477798224158,Ikeja,0,Detached Duplex,0,1,1,0.0,0,5,0,1,950000000.0
3 Storey Structure,0,0,Opebi Ikeja Lagos,6.5974727,3.3432815,21.044803340125824,1.0271477798224158,Ikeja,0,Other,0,0,0,0.0,0,5,0,0,900000000.0
3 Bedroom Apartment,3,0,Opebi Ikeja Lagos,6.5974727,3.3432815,21.044803340125824,1.0271477798224158,Ikeja,0,Flat,0,0,0,0.0,0,5,0,0,140000000.0
4 Bedroom Fully Detached Duplex,4,0,Ogba Lagos,6.632608,3.3407753,24.350383789462544,3.607540599553692,Ogba,0,Detached Duplex,0,0,0,0.0,0,4,0,0,400000000.0
3 Bedroom Semi Detached Duplex With Bq,3,0,Opebi Ikeja Lagos,6.5974727,3.3432815,21.044803340125824,1.0271477798224158,Ikeja,0,Detached Duplex,0,1,0,0.0,0,5,0,0,200000000.0
2 Bedroom Terrace Duplex,0,0,Orchid Lekki Lagos,6.4711251,3.8147504,39.0638334712576,53.23478511464151,Lekki,1,Terrace,0,0,0,0.0,0,4,0,0,107000000.0
4 Bedroom Flat + Bq,4,0,Adeniyi Jones Ikeja Lagos,6.5974727,3.3432815,21.044803340125824,1.0271477798224158,Ikeja,0,Flat,0,1,0,0.0,0,5,0,0,300000000.0
3 Bedroom Apartment With Bq,3,0,Lekki Phase 1 Lekki Lagos,6.4711251,3.8147504,39.0638334712576,53.23478511464151,Lekki,1,Flat,0,1,0,0.0,0,4,3,0,320000000.0
8 Bedroom Fully Detached Castle,0,0,Ikoyi Lagos,6.4516268,3.4117815,5.595874965201447,17.89581566309951,Ikoyi,1,Detached Duplex,0,0,0,0.0,0,5,0,0,13000000.0
Storey Building,0,0,Alausa Ikeja Lagos,6.5974727,3.3432815,21.044803340125824,1.0271477798224158,Ikeja,0,Other,0,0,0,0.0,0,5,0,0,850000000.0
Commercial Building,0,0,Victoria Island Lagos,6.4300279,3.4259904,4.5315928067815925,20.705813048742375,Victoria Island,1,Other,0,0,0,0.0,0,5,0,0,17000000.0
Newly Built 2 Bedroom Apartment,0,0,Awolowo Way Ikeja Lagos,6.5974727,3.3432815,21.044803340125824,1.0271477798224158,Ikeja,0,Flat,0,0,1,0.0,0,5,0,1,140000000.0
3 Bedroom Terrace Duplex,3,0,Ikota Lekki Lagos,6.4711251,3.8147504,39.0638334712576,53.23478511464151,Lekki,1,Terrace,0,0,0,0.0,0,4,3,0,115000000.0
4 Bedroom Bungalow,0,0,Sangotedo Ajah Lagos,6.4694716,3.5623861,11.300377211002502,27.53491907587076,Ajah,1,Bungalow,0,0,0,0.0,0,4,0,0,65000000.0
Newly Built Miniflat,0,0,Adeniyi Jones Ikeja Lagos,6.5974727,3.3432815,21.044803340125824,1.0271477798224158,Ikeja,0,Flat,0,0,1,0.0,0,5,0,1,140000000.0
2 Bedroom Apartment,2,0,Agungi Lekki Lagos,6.4711251,3.8147504,39.0638334712576,53.23478511464151,Lekki,1,Flat,0,0,0,0.0,0,4,2,0,75000000.0
6 Flats,0,0,Ikeja Lagos,6.5974727,3.3432815,21.044803340125824,1.0271477798224158,Ikeja,0,Flat,0,0,0,0.0,0,5,0,0,1200000000.0
3 & 4 Bedroom Terrace Duplex,3,0,Ikota Lekki Lagos,6.4711251,3.8147504,39.0638334712576,53.23478511464151,Lekki,1,Terrace,0,0,0,0.0,0,4,3,0,90000000.0
Newly Built 6 Units Of Flat House,3,3,Santos Estate Dopemu Cement Ikeja Akowonjo Alimosho Lagos,6.5974727,3.3432815,21.044803340125824,1.0271477798224158,Ikeja,0,Flat,0,0,1,1.0,0,5,0,1,250000000.0
3 Bedroom Flats With Bq,0,0,Maryland Lagos,6.5731894,3.3699482,17.11608804854042,3.764744899090711,Maryland,0,Flat,0,1,0,0.0,0,4,0,0,220000000.0
3 Bedroom Terrace Duplex,0,0,Orisunbare Alimosho Lagos,6.5843882,3.2575876,27.144835989600622,10.56259673623399,Alimosho,0,Terrace,0,0,0,0.0,0,4,0,0,180000000.0
4 Bedroom Detached House With A Bq,4,0,"Shonibare Estate, Ikeja Lagos",6.5974727,3.3432815,21.044803340125824,1.0271477798224158,Ikeja,0,Detached Duplex,0,1,0,0.0,0,5,0,0,500000000.0
Newly Built 196 Rooms Hotel,0,0,Old Ikoyi Ikoyi Lagos,6.4516268,3.4117815,5.595874965201447,17.89581566309951,Ikoyi,1,Other,0,0,1,0.0,0,5,0,1,250000000.0
Lovely 4 Bedroom Semi Detached Duplex,4,5,Osapa Osapa London Lekki Lagos,6.4711251,3.8147504,39.0638334712576,53.23478511464151,Lekki,1,Detached Duplex,0,0,0,1.25,0,4,4,0,250000000.0
3 Bedroom Flat,3,4,Megamond Estate Ikota Lekki Lagos,6.4711251,3.8147504,39.0638334712576,53.23478511464151,Lekki,1,Flat,0,0,0,1.3333333333333333,0,4,3,0,90000000.0
Newly Built 4 Bedroom Semi Detached Duplex,4,5,Parkview Parkview Estate Ikoyi Lagos,6.4516268,3.4117815,5.595874965201447,17.89581566309951,Ikoyi,1,Detached Duplex,0,0,1,1.25,0,5,4,1,1200000000.0
3 Bedroom Flat,3,4,Off Spg Road Igbo Efon Lekki Lagos,6.4711251,3.8147504,39.0638334712576,53.23478511464151,Lekki,1,Flat,0,0,0,1.3333333333333333,0,4,3,0,75000000.0
4 Bedroom Terrace Duplex,4,5,Orchid Road Orchid Lekki Lagos,6.4711251,3.8147504,39.0638334712576,53.23478511464151,Lekki,1,Terrace,0,0,0,1.25,0,4,4,0,100000000.0
4 Bedroom Terrace Duplex,4,5,Orchid Road Orchid Lekki Lagos,6.4711251,3.8147504,39.0638334712576,53.23478511464151,Lekki,1,Terrace,0,0,0,1.25,0,4,4,0,120000000.0
4 Bedroom Semi Detached Duplex,4,5,Ikota Ikota Lekki Lagos,6.4711251,3.8147504,39.0638334712576,53.23478511464151,Lekki,1,Detached Duplex,0,0,0,1.25,0,4,4,0,115000000.0
3 Bedroom Flat,3,4,Oniru Oniru Victoria Island Lagos,6.4300279,3.4259904,4.5315928067815925,20.705813048742375,Victoria Island,1,Flat,0,0,0,1.3333333333333333,0,5,3,0,320000000.0
4 Bedroom Terrace Duplex,4,5,G.r.a Ikota Lekki Lagos,6.4711251,3.8147504,39.0638334712576,53.23478511464151,Lekki,1,Terrace,0,0,0,1.25,0,4,4,0,120000000.0
Furnished 2 Bedroom Flat,2,3,Off Freedom Way Freedom Way Lekki Lagos,6.4711251,3.8147504,39.0638334712576,53.23478511464151,Lekki,1,Flat,0,0,0,1.5,0,4,2,0,175000000.0
3 Bedroom Terrace Duplex,3,4,Cluster One Ikota Lekki Lagos,6.4711251,3.8147504,39.0638334712576,53.23478511464151,Lekki,1,Terrace,0,0,0,1.3333333333333333,0,4,3,0,95000000.0
Lovely 4 Bedroom Semi Detached Duplex,4,5,"Mobolaji Johnson, Lekki Phase 1 Lekki Lagos",6.4711251,3.8147504,39.0638334712576,53.23478511464151,Lekki,1,Detached Duplex,0,0,0,1.25,0,4,4,0,350000000.0
4 Bedroom Terrace Duplex,4,5,Chevron Conservation 2nd Toll Gate Lekki Lagos,6.4711251,3.8147504,39.0638334712576,53.23478511464151,Lekki,1,Terrace,0,0,0,1.25,0,4,4,0,110000000.0
3 Bedroom Terrace Duplex,3,4,Victoria Bay Ikate Lekki Lagos,6.4711251,3.8147504,39.0638334712576,53.23478511464151,Lekki,1,Terrace,0,0,0,1.3333333333333333,0,4,3,0,250000000.0
Warehouse,0,0,Billings Way Ikeja Lagos,6.5974727,3.3432815,21.044803340125824,1.0271477798224158,Ikeja,0,Other,0,0,0,0.0,0,5,0,0,12000000000.0
4 Bedroom Semi Detached Duplex,4,0,Ajah Lagos,6.4694716,3.5623861,11.300377211002502,27.53491907587076,Ajah,1,Detached Duplex,0,0,0,0.0,0,4,4,0,95000000.0
3 Bedroom Maisonette Apartment With Bq,0,0,Victoria Island Lagos,6.4300279,3.4259904,4.5315928067815925,20.705813048742375,Victoria Island,1,Flat,0,1,0,0.0,0,5,0,0,500000000.0
Block Of Flats,0,0,Alaka Surulere Lagos,6.4855737,3.3539907,12.645023012159903,12.856266720612217,Surulere,0,Flat,0,0,0,0.0,0,4,0,0,450000000.0
Newly Built Mini Flat,0,0,Ikate Surulere Lagos,6.4855737,3.3539907,12.645023012159903,12.856266720612217,Surulere,0,Flat,0,0,1,0.0,0,4,0,1,50000000.0
Newly Built 4 Bedroom Fully Detached Duplex With Bq,4,0,"Royal Pine Estate, Orchid Lekki Lagos",6.4711251,3.8147504,39.0638334712576,53.23478511464151,Lekki,1,Detached Duplex,0,1,1,0.0,0,4,4,1,170000000.0
5 Bedroom Semi Detached Duplex,5,0,Old Ikoyi Ikoyi Lagos,6.4516268,3.4117815,5.595874965201447,17.89581566309951,Ikoyi,1,Detached Duplex,0,0,0,0.0,0,5,5,0,1500000000.0
3 Bedroom Detached Dungalow,3,3,"Bode Thomas Off Ogunlana Adebola Sabiu Ajose Eric Manuel, Adeniran Ogunsanya Surulere Lagos",6.4855737,3.3539907,12.645023012159903,12.856266720612217,Surulere,0,Detached Duplex,0,0,0,1.0,0,4,0,0,350000000.0
4 Bedroom Apartment,4,0,Ikoyi Lagos,6.4516268,3.4117815,5.595874965201447,17.89581566309951,Ikoyi,1,Flat,0,0,0,0.0,0,5,4,0,850000000.0
Block Of Flats,0,0,Bode Thomas Surulere Lagos,6.4855737,3.3539907,12.645023012159903,12.856266720612217,Surulere,0,Flat,0,0,0,0.0,0,4,0,0,240000000.0
Commercial Detached Property,0,0,Ogunlana Surulere Lagos,6.4855737,3.3539907,12.645023012159903,12.856266720612217,Surulere,0,Detached Duplex,0,0,0,0.0,0,4,0,0,200000000.0
2 Bedroom Apartment,2,0,Oniru Victoria Island Lagos,6.4300279,3.4259904,4.5315928067815925,20.705813048742375,Victoria Island,1,Flat,0,0,0,0.0,0,5,2,0,260000000.0
5 Bedroom Detached Duplex+bq,5,0,Magodo Phase 1 Ojodu Lagos,6.6180809,3.3777821,20.90484087396468,3.4188985746987237,Magodo,0,Detached Duplex,0,1,0,0.0,0,4,0,0,160000000.0
2/3 Bedroom Apartment,0,0,"Off Chief Natufe Street, Bode Thomas, Surulere Lagos",6.4855737,3.3539907,12.645023012159903,12.856266720612217,Surulere,0,Flat,0,0,0,0.0,0,4,0,0,105000000.0
4 Bedroom Terrace Duplex,4,0,Surulere Lagos,6.4855737,3.3539907,12.645023012159903,12.856266720612217,Surulere,0,Terrace,0,0,0,0.0,0,4,0,0,170000000.0
Block Of 3 Flats,0,0,Baruwa Ipaja Lagos,6.6072725,3.2842771,26.344770640138854,7.458481118377319,Ipaja,0,Flat,0,0,0,0.0,0,2,0,0,75000000.0
3 Bedroom Apartment,3,0,Yaba Lagos,6.5114693,3.3699982,12.327418636428003,10.196897835571315,Yaba,0,Flat,0,0,0,0.0,0,4,0,0,145000000.0
4 Bedroom Terrace Duplex With Bq,4,0,Ikoyi Lagos,6.4516268,3.4117815,5.595874965201447,17.89581566309951,Ikoyi,1,Terrace,0,1,0,0.0,0,5,4,0,1000000000.0
2 Bedroom Apartment,2,0,Ikeja Lagos,6.5974727,3.3432815,21.044803340125824,1.0271477798224158,Ikeja,0,Flat,0,0,0,0.0,0,5,0,0,290000000.0
Block Of Flats,0,0,Adelabu Surulere Lagos,6.4855737,3.3539907,12.645023012159903,12.856266720612217,Surulere,0,Flat,0,0,0,0.0,0,4,0,0,240000000.0
Newly Built 4 Bedroom Terraced Duplex With Bq,4,0,Akowonjo Alimosho Lagos,6.5843882,3.2575876,27.144835989600622,10.56259673623399,Alimosho,0,Terrace,0,1,1,0.0,0,4,0,1,180000000.0
3 Bedroom Apartment,3,0,Surulere Lagos,6.4855737,3.3539907,12.645023012159903,12.856266720612217,Surulere,0,Flat,0,0,0,0.0,0,4,0,0,120000000.0
4 Bedroom Semi Detached Duplex With A Bq,4,0,Gbagada Lagos,6.558073,3.3836208,14.873848626382443,6.000235705174417,Gbagada,0,Detached Duplex,0,1,0,0.0,0,4,0,0,300000000.0
4 Bedroom Semi Detached Duplex,4,0,Orchid Lekki Lagos,6.4711251,3.8147504,39.0638334712576,53.23478511464151,Lekki,1,Detached Duplex,0,0,0,0.0,0,4,4,0,120000000.0
4 Bedroom Fully Detached Duplex With Bq,4,0,"Pg Estate Glory Estate Ifako, Gbagada Lagos",6.558073,3.3836208,14.873848626382443,6.000235705174417,Gbagada,0,Detached Duplex,0,1,0,0.0,0,4,0,0,250000000.0
3 Bedroom Apartment With Bq,0,0,Ikoyi Lagos,6.4516268,3.4117815,5.595874965201447,17.89581566309951,Ikoyi,1,Flat,0,1,0,0.0,0,5,0,0,850000000.0
Newly Built 5 Bedroom Semi Detached Duplex With Bq,5,0,Anthony Maryland Lagos,6.5731894,3.3699482,17.11608804854042,3.764744899090711,Maryland,0,Detached Duplex,0,1,1,0.0,0,4,0,1,470000000.0
Storey Building,0,0,Ebute Metta Yaba Lagos,6.5114693,3.3699982,12.327418636428003,10.196897835571315,Yaba,0,Other,0,0,0,0.0,0,4,0,0,200000000.0
3 Bedroom Luxury Apartment,3,0,Ikate Lekki Lagos,6.4711251,3.8147504,39.0638334712576,53.23478511464151,Lekki,1,Flat,0,0,0,0.0,0,4,3,0,190000000.0
Fully Furnished 3 Bedroom Apartment,3,0,Chevron Lekki Lagos,6.4711251,3.8147504,39.0638334712576,53.23478511464151,Lekki,1,Flat,0,0,0,0.0,0,4,3,0,135000000.0
4 Bedroom Maisonette With Bq,4,0,Opebi Ikeja Lagos,6.5974727,3.3432815,21.044803340125824,1.0271477798224158,Ikeja,0,Other,0,1,0,0.0,0,5,0,0,300000000.0
4 Bedroom Terrace Duplex,4,0,Shonibare Estate Maryland Lagos,6.5731894,3.3699482,17.11608804854042,3.764744899090711,Maryland,0,Terrace,0,0,0,0.0,0,4,0,0,400000000.0
4 Bedroom Terrace Duplex,4,0,Magodo Olowora Ojodu Lagos,6.6180809,3.3777821,20.90484087396468,3.4188985746987237,Magodo,0,Terrace,0,0,0,0.0,0,4,0,0,150000000.0
Storey Building,0,0,Aguda Surulere Lagos,6.4855737,3.3539907,12.645023012159903,12.856266720612217,Surulere,0,Other,0,0,0,0.0,0,4,0,0,170000000.0
Newly Built 4 Bedroom Semi Detached Duplex With Bq,4,0,Orchid Lekki Lagos,6.4711251,3.8147504,39.0638334712576,53.23478511464151,Lekki,1,Detached Duplex,0,1,1,0.0,0,4,4,1,260000000.0
3 Bedroom Duplex,3,0,Old Ikoyi Ikoyi Lagos,6.4516268,3.4117815,5.595874965201447,17.89581566309951,Ikoyi,1,Duplex,0,0,0,0.0,0,5,3,0,1400000000.0
3 Bedroom Flat,0,0,Awuse Estate Opebi Ikeja Lagos,6.5974727,3.3432815,21.044803340125824,1.0271477798224158,Ikeja,0,Flat,0,0,0,0.0,0,5,0,0,150000000.0
4 Bedroom Terrace Duplex,0,0,Parkview Estate Ikoyi Lagos,6.4516268,3.4117815,5.595874965201447,17.89581566309951,Ikoyi,1,Terrace,0,0,0,0.0,0,5,0,0,600000000.0
Newly Built 4 Bedroom Semi Detached Duplex With Bq,4,0,Surulere Lagos,6.4855737,3.3539907,12.645023012159903,12.856266720612217,Surulere,0,Detached Duplex,0,1,1,0.0,0,4,0,1,250000000.0
3 Bedroom Apartment,0,0,Awolowo Road Ikoyi Lagos,6.4516268,3.4117815,5.595874965201447,17.89581566309951,Ikoyi,1,Flat,0,0,0,0.0,0,5,0,0,280000000.0
4 Bedroom Terrace Apartment,4,0,"Opebi, Ikeja Lekki Lagos",6.4711251,3.8147504,39.0638334712576,53.23478511464151,Lekki,1,Terrace,0,0,0,0.0,0,4,4,0,300000000.0
3 Bedroom Apartment With Bq,3,0,Ikoyi Lagos,6.4516268,3.4117815,5.595874965201447,17.89581566309951,Ikoyi,1,Flat,0,1,0,0.0,0,5,3,0,600000000.0
Newly Built 4 Bedroom Semi Detached Duplex,4,0,Ogba Lagos,6.632608,3.3407753,24.350383789462544,3.607540599553692,Ogba,0,Detached Duplex,0,0,1,0.0,0,4,0,1,200000000.0
5 Bedroom Detached Duplex,5,0,"Lekki Palm City, Addo Road, Ajah Lagos",6.4711251,3.8147504,39.0638334712576,53.23478511464151,Lekki,1,Detached Duplex,0,0,0,0.0,0,4,5,0,200000000.0
New 4 Bedroom Semi Detached Duplex With Bq,4,0,Ikota Lekki Lagos,6.4711251,3.8147504,39.0638334712576,53.23478511464151,Lekki,1,Detached Duplex,0,1,0,0.0,0,4,4,0,170000000.0
Brand New 3 Bedroom Terrace Duplex With Bq,3,0,Victoria Island Lagos,6.4300279,3.4259904,4.5315928067815925,20.705813048742375,Victoria Island,1,Terrace,0,1,1,0.0,0,5,3,1,600000000.0
4 Units Of 3 Bedroom Flats,0,0,Gbagada Lagos,6.558073,3.3836208,14.873848626382443,6.000235705174417,Gbagada,0,Flat,0,0,0,0.0,0,4,0,0,200000000.0
Brand New Bungalow,0,0,Ajah Lagos,6.4694716,3.5623861,11.300377211002502,27.53491907587076,Ajah,1,Bungalow,0,0,1,0.0,0,4,0,1,100000000.0
4 Bedroom Terrace Duplex,4,0,Old Ikoyi Ikoyi Lagos,6.4516268,3.4117815,5.595874965201447,17.89581566309951,Ikoyi,1,Terrace,0,0,0,0.0,0,5,4,0,1100000000.0
Old Bungalow,0,0,Adeniran Ogunsanya Surulere Lagos,6.4855737,3.3539907,12.645023012159903,12.856266720612217,Surulere,0,Bungalow,0,0,0,0.0,0,4,0,0,350000000.0
Newly Built 4 Bedroom Terraced Duplex,4,0,Magodo Phase 2 Kosofe Ikosi Lagos,6.6180809,3.3777821,20.90484087396468,3.4188985746987237,Magodo,0,Terrace,0,0,1,0.0,0,4,0,1,300000000.0
Furnished 3 Bedroom Apartment With Bq,3,0,Ikate Lekki Lagos,6.4711251,3.8147504,39.0638334712576,53.23478511464151,Lekki,1,Flat,0,1,0,0.0,0,4,3,0,170000000.0
Block Of 6 Flats,0,0,Mende Maryland Lagos,6.5731894,3.3699482,17.11608804854042,3.764744899090711,Maryland,0,Flat,0,0,0,0.0,0,4,0,0,250000000.0
Bungalow Of 8 Mini Flat,0,0,Gbagada Lagos,6.558073,3.3836208,14.873848626382443,6.000235705174417,Gbagada,0,Flat,0,0,0,0.0,0,4,0,0,120000000.0
4 Bedroom Semi Detached Duplex With Bq,4,0,Banana Island Ikoyi Lagos,6.4600581,3.4593152,1.2666850782568917,19.69523211516851,Banana Island,1,Detached Duplex,0,1,0,0.0,0,5,4,0,950000000.0
3 Bedroom Apartment With Bq,3,0,2nd Avenue Extension Ikoyi Lagos,6.4516268,3.4117815,5.595874965201447,17.89581566309951,Ikoyi,1,Flat,0,1,0,0.0,0,5,3,0,800000000.0
3 Bedroom Penthouse With Bq,3,0,Bourdillon Ikoyi Lagos,6.4516268,3.4117815,5.595874965201447,17.89581566309951,Ikoyi,1,Other,0,1,0,0.0,0,5,3,0,700000000.0
Block Of Flats,0,0,Ajose Mende Maryland Lagos,6.5731894,3.3699482,17.11608804854042,3.764744899090711,Maryland,0,Flat,0,0,0,0.0,0,4,0,0,500000000.0
3 Bedroom Apartment,3,0,Allen Avenue Ikeja Lagos,6.5974727,3.3432815,21.044803340125824,1.0271477798224158,Ikeja,0,Flat,0,0,0,0.0,0,5,0,0,150000000.0
5 Units Of 4 Bedroom Newly Built Terrace Duplex,4,0,Ikoyi Lagos,6.4516268,3.4117815,5.595874965201447,17.89581566309951,Ikoyi,1,Terrace,0,0,1,0.0,0,5,4,1,1300000000.0
2 Bedroom Apartment,2,0,Lekki Scheme 2 Ajah Lagos,6.4711251,3.8147504,39.0638334712576,53.23478511464151,Lekki,1,Flat,0,0,0,0.0,0,4,2,0,78000000.0
Warehouse,0,0,Surulere Lagos,6.4855737,3.3539907,12.645023012159903,12.856266720612217,Surulere,0,Other,0,0,0,0.0,0,4,0,0,500000000.0
4 Units Of 3 Bedroom Apartment,0,0,Ogunlana Surulere Lagos,6.4855737,3.3539907,12.645023012159903,12.856266720612217,Surulere,0,Flat,0,0,0,0.0,0,4,0,0,300000000.0
3 Bedroom Terrace Duplex,3,0,Ajah Lagos,6.4694716,3.5623861,11.300377211002502,27.53491907587076,Ajah,1,Terrace,0,0,0,0.0,0,4,3,0,120000000.0
Newly Built 2 Bedroom Flat,2,0,Ikate Surulere Lagos,6.4855737,3.3539907,12.645023012159903,12.856266720612217,Surulere,0,Flat,0,0,1,0.0,0,4,0,1,65000000.0
4 Bedroom Semi Detached Duplex,4,0,Ikoyi Lagos,6.4516268,3.4117815,5.595874965201447,17.89581566309951,Ikoyi,1,Detached Duplex,0,0,0,0.0,0,5,4,0,1100000000.0
3 Bedroom Apartment,3,0,Old Ikoyi Ikoyi Lagos,6.4516268,3.4117815,5.595874965201447,17.89581566309951,Ikoyi,1,Flat,0,0,0,0.0,0,5,3,0,480000000.0
2 Bedroom Serviced Apartment,3,0,Lekki Lagos,6.4711251,3.8147504,39.0638334712576,53.23478511464151,Lekki,1,Flat,0,0,0,0.0,1,4,3,1,85000000.0
House,0,0,Luciana Joseph Off Ogunsanya Surulere Surulere Lagos,6.4855737,3.3539907,12.645023012159903,12.856266720612217,Surulere,0,Other,0,0,0,0.0,0,4,0,0,350000000.0
Newly Built 4 Bedroom Fully Detached Duplex With Bq,4,0,Magodo Ojodu Lagos,6.6180809,3.3777821,20.90484087396468,3.4188985746987237,Magodo,0,Detached Duplex,0,1,1,0.0,0,4,0,1,240000000.0
4 Bedroom Furnished Duplex,4,4,Lekki Conservation Lekki Ph2 Lekki Phase 2 Lekki Lagos,6.4711251,3.8147504,39.0638334712576,53.23478511464151,Lekki,1,Duplex,0,0,0,1.0,0,4,4,0,600000000.0
2 Units Of 4 Bedroom Fully Detached Duplex,4,0,Off College Road Ogba Lagos,6.632608,3.3407753,24.350383789462544,3.607540599553692,Ogba,0,Detached Duplex,0,0,0,0.0,0,4,0,0,300000000.0
4 Bedroom Detached Duplex With Bq,4,0,Ifako Ijaiye Ogba Lagos,6.632608,3.3407753,24.350383789462544,3.607540599553692,Ogba,0,Detached Duplex,0,1,0,0.0,0,4,0,0,260000000.0
3 Bedroom Bungalow With Shop,3,0,Shagari Egbeda Alimosho Lagos,6.5843882,3.2575876,27.144835989600622,10.56259673623399,Alimosho,0,Bungalow,0,0,0,0.0,0,4,0,0,65000000.0
Hotel,0,0,Airport Road Ikeja Lagos,6.5974727,3.3432815,21.044803340125824,1.0271477798224158,Ikeja,0,Other,0,0,0,0.0,0,5,0,0,8500000000.0
8 Bedroom Flat,0,0,Ikoyi Lagos,6.4516268,3.4117815,5.595874965201447,17.89581566309951,Ikoyi,1,Flat,0,0,0,0.0,0,5,0,0,10000000.0
4 Bedroom Semi Detached Duplex,4,0,Ikoyi Lagos,6.4516268,3.4117815,5.595874965201447,17.89581566309951,Ikoyi,1,Detached Duplex,0,0,0,0.0,0,5,4,0,800000000.0
Hotel,0,0,Victoria Island Lagos,6.4300279,3.4259904,4.5315928067815925,20.705813048742375,Victoria Island,1,Other,0,0,0,0.0,0,5,0,0,45000000.0
5 Bedroom Detached Duplex,5,0,Victoria Island Lagos,6.4300279,3.4259904,4.5315928067815925,20.705813048742375,Victoria Island,1,Detached Duplex,0,0,0,0.0,0,5,5,0,1000000000.0
5 Bedroom Detached Duplex With Bq,5,0,Ikeja Lagos,6.5974727,3.3432815,21.044803340125824,1.0271477798224158,Ikeja,0,Detached Duplex,0,1,0,0.0,0,5,0,0,350000000.0
6 Bedroom Fully Detached Duplex,4,0,Ikeja Gra Ikeja Lagos,6.5974727,3.3432815,21.044803340125824,1.0271477798224158,Ikeja,0,Detached Duplex,0,0,0,0.0,0,5,0,0,800000000.0
6 Bedroom Duplex + Bq,6,0,Ogba Lagos,6.632608,3.3407753,24.350383789462544,3.607540599553692,Ogba,0,Duplex,0,1,0,0.0,0,4,0,0,160000000.0
2 Blocks Of 10 Bedroom Apartment,0,0,Victoria Island Lagos,6.4300279,3.4259904,4.5315928067815925,20.705813048742375,Victoria Island,1,Flat,0,0,0,0.0,0,5,0,0,4750000000.0
12 Units Of 3 Bedroom Flat,0,0,Gowon Estate Egbeda Alimosho Lagos,6.5843882,3.2575876,27.144835989600622,10.56259673623399,Alimosho,0,Flat,0,0,0,0.0,0,4,0,0,300000000.0
3 Bedroom Flat,3,0,Ikoyi Lagos,6.4516268,3.4117815,5.595874965201447,17.89581566309951,Ikoyi,1,Flat,0,0,0,0.0,0,5,3,0,280000000.0
Block Of Flats,2,0,Aboru Iyana Ipaja Ipaja Lagos,6.6072725,3.2842771,26.344770640138854,7.458481118377319,Ipaja,0,Flat,0,0,0,0.0,0,2,0,0,50000000.0
5 Bedroom Detached Duplex,5,6,"Magodo Gra Phase 2, Kosofe Ikosi Lagos",6.6180809,3.3777821,20.90484087396468,3.4188985746987237,Magodo,0,Detached Duplex,0,0,0,1.2,0,4,0,0,750000000.0
Newly Built 3 Bedroom Flat,3,4,College Road Ogba Lagos,6.632608,3.3407753,24.350383789462544,3.607540599553692,Ogba,0,Flat,0,0,1,1.3333333333333333,0,4,0,1,130000000.0
Newly Built 4 Bedroom Detached Duplex With Bq,4,5,Magodo Gra Phase 2 Kosofe Ikosi Lagos,6.6180809,3.3777821,20.90484087396468,3.4188985746987237,Magodo,0,Detached Duplex,0,1,1,1.25,0,4,0,1,550000000.0
3 Bedroom Flat,3,4,Opebi Ikeja Lagos,6.5974727,3.3432815,21.044803340125824,1.0271477798224158,Ikeja,0,Flat,0,0,0,1.3333333333333333,0,5,0,0,160000000.0
Mini Flat,1,2,Adeniyi Jones Ikeja Lagos,6.5974727,3.3432815,21.044803340125824,1.0271477798224158,Ikeja,0,Flat,0,0,0,2.0,0,5,0,0,140000000.0
4 Units Of 3 Bedroom Flat,3,3,Anthony Village Maryland Lagos,6.5731894,3.3699482,17.11608804854042,3.764744899090711,Maryland,0,Flat,0,0,0,1.0,0,4,0,0,360000000.0
Plot,0,0,Toyin Street Ikeja Lagos,6.5974727,3.3432815,21.044803340125824,1.0271477798224158,Ikeja,0,Other,0,0,0,0.0,0,5,0,0,260000000.0
5 Units Of 3 Bedroom Flat,3,0,Opebi Ikeja Lagos,6.5974727,3.3432815,21.044803340125824,1.0271477798224158,Ikeja,0,Flat,0,0,0,0.0,0,5,0,0,150000000.0
4 Bedroom Terraced Duplex,4,4,Ikate Lekki Lagos,6.4711251,3.8147504,39.0638334712576,53.23478511464151,Lekki,1,Terrace,0,0,0,1.0,0,4,4,0,235000000.0
4 Bedroom Terrace Duplex,4,4,Ajah Lagos,6.4694716,3.5623861,11.300377211002502,27.53491907587076,Ajah,1,Terrace,0,0,0,1.0,0,4,4,0,110000000.0
5 Bedroom Detached Duplex With Rooftop,5,5,Ajah Lagos,6.4694716,3.5623861,11.300377211002502,27.53491907587076,Ajah,1,Detached Duplex,0,0,0,1.0,0,4,5,0,600000000.0
2 Bedroom Apartment With Bq,2,2,Lekki Phase 1 Lekki Lagos,6.4711251,3.8147504,39.0638334712576,53.23478511464151,Lekki,1,Flat,0,1,0,1.0,0,4,2,0,300000000.0
5 Bedroom Duplex,5,5,Chevron Lekki Lagos,6.4711251,3.8147504,39.0638334712576,53.23478511464151,Lekki,1,Duplex,0,0,0,1.0,0,4,5,0,470000000.0
4 Bedroom Semi Detached Duplex W'ith Bq,4,4,Orchid Lekki Lagos,6.4711251,3.8147504,39.0638334712576,53.23478511464151,Lekki,1,Detached Duplex,0,1,0,1.0,0,4,4,0,260000000.0
5 Bedroom Detached Duplex,5,5,Lekki Phase 1 Lekki Lagos,6.4711251,3.8147504,39.0638334712576,53.23478511464151,Lekki,1,Detached Duplex,0,0,0,1.0,0,4,5,0,680000000.0
4 Bedroom Semi Detached Duplex With Bq,4,4,Sangotedo Ajah Lagos,6.4694716,3.5623861,11.300377211002502,27.53491907587076,Ajah,1,Detached Duplex,0,1,0,1.0,0,4,4,0,95000000.0
5 Bedroom Duplex,5,5,Ikota Lekki Lagos,6.4711251,3.8147504,39.0638334712576,53.23478511464151,Lekki,1,Duplex,0,0,0,1.0,0,4,5,0,380000000.0
5 Bedroom Semi Detached Duplex,5,6,Ikate Lekki Lagos,6.4711251,3.8147504,39.0638334712576,53.23478511464151,Lekki,1,Detached Duplex,0,0,0,1.2,0,4,5,0,880000000.0
5 Bedroom Detached Duplex,5,5,Ikota Lekki Lagos,6.4711251,3.8147504,39.0638334712576,53.23478511464151,Lekki,1,Detached Duplex,0,0,0,1.0,0,4,5,0,420000000.0
5 Bedroom Duplex,5,5,Ikota Lekki Lagos,6.4711251,3.8147504,39.0638334712576,53.23478511464151,Lekki,1,Duplex,0,0,0,1.0,0,4,5,0,480000000.0
4 Bedroom Semi Detached Duplex With Bq,4,4,Ikota Lekki Lagos,6.4711251,3.8147504,39.0638334712576,53.23478511464151,Lekki,1,Detached Duplex,0,1,0,1.0,0,4,4,0,165000000.0
2 Bedroom Detached Duplex,2,2,Orchid Lekki Lagos,6.4711251,3.8147504,39.0638334712576,53.23478511464151,Lekki,1,Detached Duplex,0,0,0,1.0,0,4,2,0,140000000.0
4 Bedroom Terrace Duplex With Bq,4,4,Lekki Phase 1 Lekki Lagos,6.4711251,3.8147504,39.0638334712576,53.23478511464151,Lekki,1,Terrace,0,1,0,1.0,0,4,4,0,450000000.0
4 Bedroom Terrace Duplex,4,4,Ajah Lagos,6.4694716,3.5623861,11.300377211002502,27.53491907587076,Ajah,1,Terrace,0,0,0,1.0,0,4,4,0,105000000.0
28sqm Shop Space,0,0,Ikota Lekki Lagos,6.4711251,3.8147504,39.0638334712576,53.23478511464151,Lekki,1,Other,0,0,0,0.0,0,4,0,0,38000000.0
Self Compound 4 Bedroom Terrace Duplex,4,4,Ikota Lekki Lagos,6.4711251,3.8147504,39.0638334712576,53.23478511464151,Lekki,1,Terrace,0,0,0,1.0,0,4,4,0,160000000.0
4 Bedroom Terrace Duplex,4,4,Lekki Phase 1 Lekki Lagos,6.4711251,3.8147504,39.0638334712576,53.23478511464151,Lekki,1,Terrace,0,0,0,1.0,0,4,4,0,300000000.0
4 Bedroom Detached Duplex,4,4,Ikota Lekki Lagos,6.4711251,3.8147504,39.0638334712576,53.23478511464151,Lekki,1,Detached Duplex,0,0,0,1.0,0,4,4,0,180000000.0
2 Bedroom Apartment,2,2,Orchid Lekki Lagos,6.4711251,3.8147504,39.0638334712576,53.23478511464151,Lekki,1,Flat,0,0,0,1.0,0,4,2,0,90000000.0
4 Bedroom Detached Duplex With Bq,4,4,Sangotedo Ajah Lagos,6.4694716,3.5623861,11.300377211002502,27.53491907587076,Ajah,1,Detached Duplex,0,1,0,1.0,0,4,4,0,155000000.0
4 Bedroom Fully Detached Home,4,4,Ikota Lekki Lagos,6.4711251,3.8147504,39.0638334712576,53.23478511464151,Lekki,1,Detached Duplex,0,0,0,1.0,0,4,4,0,250000000.0
1/2 Bedroom Apartment,2,2,Abraham Adesanya Estate Ajah Lagos,6.4694716,3.5623861,11.300377211002502,27.53491907587076,Ajah,1,Flat,0,0,0,1.0,0,4,2,0,75000000.0
5 Bedroom Detached Duplex,5,5,Lekki Lagos,6.4711251,3.8147504,39.0638334712576,53.23478511464151,Lekki,1,Detached Duplex,0,0,0,1.0,0,4,5,0,430000000.0
5 Bedroom Detached Duplex,5,5,Osapa London Lekki Lagos,6.4711251,3.8147504,39.0638334712576,53.23478511464151,Lekki,1,Detached Duplex,0,0,0,1.0,0,4,5,0,500000000.0
1 Bedroom Apartment,1,1,Orchid Lekki Lagos,6.4711251,3.8147504,39.0638334712576,53.23478511464151,Lekki,1,Flat,0,0,0,1.0,0,4,1,0,60000000.0
4 Bedroom Terrace Duplex,4,4,Orchid Lekki Lagos,6.4711251,3.8147504,39.0638334712576,53.23478511464151,Lekki,1,Terrace,0,0,0,1.0,0,4,4,0,125000000.0
4 Bedroom Terrace Duplex With Bq,4,4,Ikate Lekki Lagos,6.4711251,3.8147504,39.0638334712576,53.23478511464151,Lekki,1,Terrace,0,1,0,1.0,0,4,4,0,320000000.0
4 Bedroom Terraced Duplex,4,4,Ikota Lekki Lagos,6.4711251,3.8147504,39.0638334712576,53.23478511464151,Lekki,1,Terrace,0,0,0,1.0,0,4,4,0,115000000.0
5 Bedroom Fully Detached Duplex,5,5,Ologolo Lekki Lagos,6.4711251,3.8147504,39.0638334712576,53.23478511464151,Lekki,1,Detached Duplex,0,0,0,1.0,0,4,5,0,310000000.0
5 Bedroom Detached Duplex,5,5,Lekki Lagos,6.4711251,3.8147504,39.0638334712576,53.23478511464151,Lekki,1,Detached Duplex,0,0,0,1.0,0,4,5,0,680000000.0
Newly Built 4 Bedroom Semi Detached Duplex,4,5,Lekki Phase 1 Lekki Lagos,6.4711251,3.8147504,39.0638334712576,53.23478511464151,Lekki,1,Detached Duplex,0,0,1,1.25,0,4,4,1,350000000.0
Massive 5 Bedroom Fully Detached Duplex,5,5,Lekki Phase 1 Lekki Lagos,6.4711251,3.8147504,39.0638334712576,53.23478511464151,Lekki,1,Detached Duplex,0,0,0,1.0,0,4,5,0,850000000.0
5 Bedroom Detached Duplex,5,5,Orchid Lekki Lagos,6.4711251,3.8147504,39.0638334712576,53.23478511464151,Lekki,1,Detached Duplex,0,0,0,1.0,0,4,5,0,430000000.0
4 Bedroom Detached Duplex,4,4,Agungi Lekki Lagos,6.4711251,3.8147504,39.0638334712576,53.23478511464151,Lekki,1,Detached Duplex,0,0,0,1.0,0,4,4,0,170000000.0
5 Bedroom Penthouse Maisonette With Private Cinema,5,5,Lekki Phase 1 Lekki Lagos,6.4711251,3.8147504,39.0638334712576,53.23478511464151,Lekki,1,Other,0,0,0,1.0,0,4,5,0,550000000.0
4 Bedroom Detached Duplex With Bq,4,4,Ikota Lekki Lagos,6.4711251,3.8147504,39.0638334712576,53.23478511464151,Lekki,1,Detached Duplex,0,1,0,1.0,0,4,4,0,220000000.0
4 Bedroom Semi Detached Duplex,4,4,Ikate Lekki Lagos,6.4711251,3.8147504,39.0638334712576,53.23478511464151,Lekki,1,Detached Duplex,0,0,0,1.0,0,4,4,0,460000000.0
1/2 Bedroom Apartment,2,2,Ikate Lekki Lagos,6.4711251,3.8147504,39.0638334712576,53.23478511464151,Lekki,1,Flat,0,0,0,1.0,0,4,2,0,150000000.0
4 Bedroom Duplex,4,4,Lekki Phase 1 Lekki Lagos,6.4711251,3.8147504,39.0638334712576,53.23478511464151,Lekki,1,Duplex,0,0,0,1.0,0,4,4,0,1100000000.0
5 Bedroom Semi Detached Duplex With Swimming Pool,5,5,Ikate Lekki Lagos,6.4711251,3.8147504,39.0638334712576,53.23478511464151,Lekki,1,Detached Duplex,1,0,0,1.0,0,4,5,1,980000000.0
5 Bedroom Duplex,5,5,Ikota Lekki Lagos,6.4711251,3.8147504,39.0638334712576,53.23478511464151,Lekki,1,Duplex,0,0,0,1.0,0,4,5,0,430000000.0
4 Bedroom Semi Detached Duplex With Bq,4,4,Ikota Lekki Lagos,6.4711251,3.8147504,39.0638334712576,53.23478511464151,Lekki,1,Detached Duplex,0,1,0,1.0,0,4,4,0,280000000.0
"5 Bedroom Detached Duplex With, Swimming Pool,",5,5,Vgc Lekki Lagos,6.4711251,3.8147504,39.0638334712576,53.23478511464151,Lekki,1,Detached Duplex,1,0,0,1.0,0,4,5,1,380000000.0
2 Bedroom Apartment,2,2,Ologolo Lekki Lagos,6.4711251,3.8147504,39.0638334712576,53.23478511464151,Lekki,1,Flat,0,0,0,1.0,0,4,2,0,124000000.0
4 Bedroom Duplex,4,4,Ajah Lagos,6.4694716,3.5623861,11.300377211002502,27.53491907587076,Ajah,1,Duplex,0,0,0,1.0,0,4,4,0,180000000.0
5 Bedroom Detached Duplex With Bq,5,5,Osapa London Lekki Lagos,6.4711251,3.8147504,39.0638334712576,53.23478511464151,Lekki,1,Detached Duplex,0,1,0,1.0,0,4,5,0,320000000.0
5 Bedroom Detached Duplex With Bq,5,5,Osapa London Lekki Lagos,6.4711251,3.8147504,39.0638334712576,53.23478511464151,Lekki,1,Detached Duplex,0,1,0,1.0,0,4,5,0,750000000.0
5 Bedroom Detached Duplex,5,5,Vgc Lekki Lagos,6.4711251,3.8147504,39.0638334712576,53.23478511464151,Lekki,1,Detached Duplex,0,0,0,1.0,0,4,5,0,320000000.0
6 Bedroom Duplex,6,6,Chevron Lekki Lagos,6.4711251,3.8147504,39.0638334712576,53.23478511464151,Lekki,1,Duplex,0,0,0,1.0,0,4,6,0,750000000.0
5 Bedroom Detached Duplex With Swimming Pool,5,5,Osapa London Lekki Lagos,6.4711251,3.8147504,39.0638334712576,53.23478511464151,Lekki,1,Detached Duplex,1,0,0,1.0,0,4,5,1,750000000.0
6 Bed Duplex / Pool /cinema/gym/open Rooftop/mini Bar,6,6,Chevron Lekki Lagos,6.4711251,3.8147504,39.0638334712576,53.23478511464151,Lekki,1,Duplex,1,0,0,1.0,0,4,6,1,750000000.0
4 Bedroom Detached Duplex,4,4,Orchid Lekki Lagos,6.4711251,3.8147504,39.0638334712576,53.23478511464151,Lekki,1,Detached Duplex,0,0,0,1.0,0,4,4,0,400000000.0
4 Bedroom Detached Duplex,4,5,Lekki Lagos,6.4711251,3.8147504,39.0638334712576,53.23478511464151,Lekki,1,Detached Duplex,0,0,0,1.25,0,4,4,0,350000000.0
4 Bedroom Semi Detached Duplex,4,4,Idado Lekki Lagos,6.4711251,3.8147504,39.0638334712576,53.23478511464151,Lekki,1,Detached Duplex,0,0,0,1.0,0,4,4,0,240000000.0
5 Bedroom Detached Duplex With Swimming Pooi,5,5,Ajah Lagos,6.4694716,3.5623861,11.300377211002502,27.53491907587076,Ajah,1,Detached Duplex,1,0,0,1.0,0,4,5,1,280000000.0
Newly Built 5 Bedroom Detached Duplex,5,6,Ajah Lagos,6.4694716,3.5623861,11.300377211002502,27.53491907587076,Ajah,1,Detached Duplex,0,0,1,1.2,0,4,5,1,260000000.0
5 Bedroom Detached Duplex,5,5,Ikota Lekki Lagos,6.4711251,3.8147504,39.0638334712576,53.23478511464151,Lekki,1,Detached Duplex,0,0,0,1.0,0,4,5,0,350000000.0
5 Bedroom Detached Duplex With Swimming Pool,5,5,Osapa London Lekki Lagos,6.4711251,3.8147504,39.0638334712576,53.23478511464151,Lekki,1,Detached Duplex,1,0,0,1.0,0,4,5,1,950000000.0
2 Bedroom Apartment,2,2,Ajah Lagos,6.4694716,3.5623861,11.300377211002502,27.53491907587076,Ajah,1,Flat,0,0,0,1.0,0,4,2,0,75000000.0
4 Bedroom Semi Detached Duplex,4,4,Ikate Lekki Lagos,6.4711251,3.8147504,39.0638334712576,53.23478511464151,Lekki,1,Detached Duplex,0,0,0,1.0,0,4,4,0,245000000.0
4 Bedroom Detached Duplex With Bq,4,4,Orchid Lekki Lagos,6.4711251,3.8147504,39.0638334712576,53.23478511464151,Lekki,1,Detached Duplex,0,1,0,1.0,0,4,4,0,260000000.0
4 Bedroom Detached Duplex,4,4,Vgc Lekki Lagos,6.4711251,3.8147504,39.0638334712576,53.23478511464151,Lekki,1,Detached Duplex,0,0,0,1.0,0,4,4,0,230000000.0
2 Bedroom Apartment With Bq,2,2,Ikate Lekki Lagos,6.4711251,3.8147504,39.0638334712576,53.23478511464151,Lekki,1,Flat,0,1,0,1.0,0,4,2,0,210000000.0
5 Bedroom Duplex,5,5,Sangotedo Ajah Lagos,6.4694716,3.5623861,11.300377211002502,27.53491907587076,Ajah,1,Duplex,0,0,0,1.0,0,4,5,0,320000000.0
5 Bedroom Detached Duplex,5,5,Chevron Lekki Lagos,6.4711251,3.8147504,39.0638334712576,53.23478511464151,Lekki,1,Detached Duplex,0,0,0,1.0,0,4,5,0,380000000.0
4 Bedroom Detached Duplex,4,4,Ajah Lagos,6.4694716,3.5623861,11.300377211002502,27.53491907587076,Ajah,1,Detached Duplex,0,0,0,1.0,0,4,4,0,160000000.0
4 Bedroom Duplex,4,4,Sangotedo Ajah Lagos,6.4694716,3.5623861,11.300377211002502,27.53491907587076,Ajah,1,Duplex,0,0,0,1.0,0,4,4,0,140000000.0
4 Bedroom Penthouse,4,4,Ikate Lekki Lagos,6.4711251,3.8147504,39.0638334712576,53.23478511464151,Lekki,1,Other,0,0,0,1.0,0,4,4,0,450000000.0
4 Bedroom Semi Detached Duplex,4,4,Ologolo Lekki Lagos,6.4711251,3.8147504,39.0638334712576,53.23478511464151,Lekki,1,Detached Duplex,0,0,0,1.0,0,4,4,0,220000000.0
3 Bedroom Apartment With Elevator Swimming Pool,3,3,Lekki Phase 1 Lekki Lagos,6.4711251,3.8147504,39.0638334712576,53.23478511464151,Lekki,1,Flat,1,0,0,1.0,0,4,3,1,260000000.0
4 Bedroom Terraced Duplex,4,4,Orchid Lekki Lagos,6.4711251,3.8147504,39.0638334712576,53.23478511464151,Lekki,1,Terrace,0,0,0,1.0,0,4,4,0,117000000.0
5 Bedroom Semi Detached Duplex,5,5,Orchid Lekki Lagos,6.4711251,3.8147504,39.0638334712576,53.23478511464151,Lekki,1,Detached Duplex,0,0,0,1.0,0,4,5,0,250000000.0
2 Bedroom Maisonette,2,2,Lekki Phase 1 Lekki Lagos,6.4711251,3.8147504,39.0638334712576,53.23478511464151,Lekki,1,Other,0,0,0,1.0,0,4,2,0,200000000.0
4 Bedroom Duplex,4,4,Idado Lekki Lagos,6.4711251,3.8147504,39.0638334712576,53.23478511464151,Lekki,1,Duplex,0,0,0,1.0,0,4,4,0,230000000.0
4 Bedroom Duplex,4,5,Chevron Lekki Lagos,6.4711251,3.8147504,39.0638334712576,53.23478511464151,Lekki,1,Duplex,0,0,0,1.25,0,4,4,0,800000000.0
3 Bedroom Apartment With Bq,3,3,Lekki Phase 1 Lekki Lagos,6.4711251,3.8147504,39.0638334712576,53.23478511464151,Lekki,1,Flat,0,1,0,1.0,0,4,3,0,420000000.0
5 Bedroom Detached Duplex,5,5,Osapa London Lekki Lagos,6.4711251,3.8147504,39.0638334712576,53.23478511464151,Lekki,1,Detached Duplex,0,0,0,1.0,0,4,5,0,850000000.0
5 Bedroom Detached Duplex,5,5,Ikate Lekki Lagos,6.4711251,3.8147504,39.0638334712576,53.23478511464151,Lekki,1,Detached Duplex,0,0,0,1.0,0,4,5,0,280000000.0
4 Bedroom Detached Duplex,4,4,Orchid Lekki Lagos,6.4711251,3.8147504,39.0638334712576,53.23478511464151,Lekki,1,Detached Duplex,0,0,0,1.0,0,4,4,0,280000000.0
5 Bedroom Detached Home,5,5,Lekki Phase 1 Lekki Lagos,6.4711251,3.8147504,39.0638334712576,53.23478511464151,Lekki,1,Detached Duplex,0,0,0,1.0,0,4,5,0,1400000000.0
4 Bedroom Semi Detached Duplex,4,4,Sangotedo Ajah Lagos,6.4694716,3.5623861,11.300377211002502,27.53491907587076,Ajah,1,Detached Duplex,0,0,0,1.0,0,4,4,0,130000000.0
4 Bedroom Semi Detached Duplex With Bq,4,4,Chevron Lekki Lagos,6.4711251,3.8147504,39.0638334712576,53.23478511464151,Lekki,1,Detached Duplex,0,1,0,1.0,0,4,4,0,240000000.0
5 Bedroom Detached Duplex With Swimming Pool,5,5,Chevron Lekki Lagos,6.4711251,3.8147504,39.0638334712576,53.23478511464151,Lekki,1,Detached Duplex,1,0,0,1.0,0,4,5,1,460000000.0
2/3 Bedroom Apartment,3,3,Ikate Lekki Lagos,6.4711251,3.8147504,39.0638334712576,53.23478511464151,Lekki,1,Flat,0,0,0,1.0,0,4,3,0,180000000.0
4 Bedroom Detached Duplex,4,4,Ajah Lagos,6.4694716,3.5623861,11.300377211002502,27.53491907587076,Ajah,1,Detached Duplex,0,0,0,1.0,0,4,4,0,240000000.0
4 Bedroom Detached Duplex For Sale,4,4,Orchid Lekki Lagos,6.4711251,3.8147504,39.0638334712576,53.23478511464151,Lekki,1,Detached Duplex,0,0,0,1.0,0,4,4,0,260000000.0
5 Bedroom Duplex,5,6,Lekki County Ikota Lekki Lagos,6.4711251,3.8147504,39.0638334712576,53.23478511464151,Lekki,1,Duplex,0,0,0,1.2,0,4,5,0,420000000.0
4 Bedroom Detached Duplex With Swimming Pool,4,4,Ologolo Lekki Lagos,6.4711251,3.8147504,39.0638334712576,53.23478511464151,Lekki,1,Detached Duplex,1,0,0,1.0,0,4,4,1,300000000.0
5 Bedroom Detached Duplex,5,5,Ajah Lagos,6.4694716,3.5623861,11.300377211002502,27.53491907587076,Ajah,1,Detached Duplex,0,0,0,1.0,0,4,5,0,185000000.0
5 Bedroom Detached Duplex,5,5,Ikate Lekki Lagos,6.4711251,3.8147504,39.0638334712576,53.23478511464151,Lekki,1,Detached Duplex,0,0,0,1.0,0,4,5,0,440000000.0
5 Bedroom Detached Duplex,5,5,Abraham Adesanya Estate Ajah Lagos,6.4694716,3.5623861,11.300377211002502,27.53491907587076,Ajah,1,Detached Duplex,0,0,0,1.0,0,4,5,0,250000000.0
4 Bedroom Semi Detached Duplex,4,4,Sangotedo Ajah Lagos,6.4694716,3.5623861,11.300377211002502,27.53491907587076,Ajah,1,Detached Duplex,0,0,0,1.0,0,4,4,0,140000000.0
5 Bedroom Duplex,5,5,Osapa London Lekki Lagos,6.4711251,3.8147504,39.0638334712576,53.23478511464151,Lekki,1,Duplex,0,0,0,1.0,0,4,5,0,620000000.0
5 Bedroom Detached Duplex,5,5,Lekki Phase 1 Lekki Lagos,6.4711251,3.8147504,39.0638334712576,53.23478511464151,Lekki,1,Detached Duplex,0,0,0,1.0,0,4,5,0,550000000.0
3 Bedroom Apartment With Bq,3,3,Victoria Island Lagos,6.4300279,3.4259904,4.5315928067815925,20.705813048742375,Victoria Island,1,Flat,0,1,0,1.0,0,5,3,0,500000000.0
1 Bedroom Apartment,1,1,Oniru Victoria Island Lagos,6.4300279,3.4259904,4.5315928067815925,20.705813048742375,Victoria Island,1,Flat,0,0,0,1.0,0,5,1,0,190000000.0
5 Bedroom Detached Duplex,5,5,Ikota Lekki Lagos,6.4711251,3.8147504,39.0638334712576,53.23478511464151,Lekki,1,Detached Duplex,0,0,0,1.0,0,4,5,0,320000000.0
4 Bedroom Detached Duplex,4,4,Agungi Lekki Lagos,6.4711251,3.8147504,39.0638334712576,53.23478511464151,Lekki,1,Detached Duplex,0,0,0,1.0,0,4,4,0,200000000.0
5 Bedroom Detached Duplex With Bq,5,5,Chevron Lekki Lagos,6.4711251,3.8147504,39.0638334712576,53.23478511464151,Lekki,1,Detached Duplex,0,1,0,1.0,0,4,5,0,340000000.0
5 Bedroom Detached Duplex,5,5,Lekki Lagos,6.4711251,3.8147504,39.0638334712576,53.23478511464151,Lekki,1,Detached Duplex,0,0,0,1.0,0,4,5,0,320000000.0
5 Bedroom Detached Duplex With Bq,5,5,Sangotedo Ajah Lagos,6.4694716,3.5623861,11.300377211002502,27.53491907587076,Ajah,1,Detached Duplex,0,1,0,1.0,0,4,5,0,180000000.0
Newly Built 2 Bedroom Apartment With Bq For Sale,2,3,Ikate Lekki Lagos,6.4711251,3.8147504,39.0638334712576,53.23478511464151,Lekki,1,Flat,0,1,1,1.5,0,4,2,1,210000000.0
4 Bedroom Maisonette Penthouse Apartment,4,4,Victoria Island Lagos,6.4300279,3.4259904,4.5315928067815925,20.705813048742375,Victoria Island,1,Flat,0,0,0,1.0,0,5,4,0,950000000.0
4 Bedroom Terraced Duplex With Bq,4,4,Orchid Lekki Lagos,6.4711251,3.8147504,39.0638334712576,53.23478511464151,Lekki,1,Terrace,0,1,0,1.0,0,4,4,0,165000000.0
4 Bedroom Semi Detached Duplex,4,5,Osapa London Lekki Lagos,6.4711251,3.8147504,39.0638334712576,53.23478511464151,Lekki,1,Detached Duplex,0,0,0,1.25,0,4,4,0,350000000.0
5 Bedroom Detached Duplex With Swimming Pool And Gym,5,5,Chevron Lekki Lagos,6.4711251,3.8147504,39.0638334712576,53.23478511464151,Lekki,1,Detached Duplex,1,0,0,1.0,0,4,5,1,430000000.0
2 Bedroom Apartment,2,2,Lekki Phase 1 Lekki Lagos,6.4711251,3.8147504,39.0638334712576,53.23478511464151,Lekki,1,Flat,0,0,0,1.0,0,4,2,0,200000000.0
4 Bedroom Detached Duplex,4,4,Ikota Lekki Lagos,6.4711251,3.8147504,39.0638334712576,53.23478511464151,Lekki,1,Detached Duplex,0,0,0,1.0,0,4,4,0,190000000.0
3 & 4 Bedroom Semi Detached Duplex,4,4,Lekki Phase 1 Lekki Lagos,6.4711251,3.8147504,39.0638334712576,53.23478511464151,Lekki,1,Detached Duplex,0,0,0,1.0,0,4,4,0,425000000.0
2 Bedroom Apartment,2,2,Agungi Lekki Lagos,6.4711251,3.8147504,39.0638334712576,53.23478511464151,Lekki,1,Flat,0,0,0,1.0,0,4,2,0,105000000.0
4 Bedroom Detached Duplex,4,4,Chevron Lekki Lagos,6.4711251,3.8147504,39.0638334712576,53.23478511464151,Lekki,1,Detached Duplex,0,0,0,1.0,0,4,4,0,800000000.0
4 Bedroom Detached Duplex,4,4,Ikate Lekki Lagos,6.4711251,3.8147504,39.0638334712576,53.23478511464151,Lekki,1,Detached Duplex,0,0,0,1.0,0,4,4,0,310000000.0
4 Bedroom Semi Detached Duplex,4,5,Oniru Victoria Island Lagos,6.4300279,3.4259904,4.5315928067815925,20.705813048742375,Victoria Island,1,Detached Duplex,0,0,0,1.25,0,5,4,0,350000000.0
4 Bedroom Detached Duplex With Bq,4,4,Ikate Lekki Lagos,6.4711251,3.8147504,39.0638334712576,53.23478511464151,Lekki,1,Detached Duplex,0,1,0,1.0,0,4,4,0,400000000.0
4 Bedroom Maisonette,4,4,Lekki Phase 1 Lekki Lagos,6.4711251,3.8147504,39.0638334712576,53.23478511464151,Lekki,1,Other,0,0,0,1.0,0,4,4,0,450000000.0
3 Bedroom Apartment,3,3,Lekki Phase 1 Lekki Lagos,6.4711251,3.8147504,39.0638334712576,53.23478511464151,Lekki,1,Flat,0,0,0,1.0,0,4,3,0,220000000.0
5 Bedroom Detached Duplex With Pool,5,5,Orchid Lekki Lagos,6.4711251,3.8147504,39.0638334712576,53.23478511464151,Lekki,1,Detached Duplex,1,0,0,1.0,0,4,5,1,420000000.0
5 Bedroom Duplex,5,6,Chevron Lekki Lagos,6.4711251,3.8147504,39.0638334712576,53.23478511464151,Lekki,1,Duplex,0,0,0,1.2,0,4,5,0,400000000.0
5 Bedroom Detached Duplex With Bq,5,5,Lekki County Lekki Lagos,6.4711251,3.8147504,39.0638334712576,53.23478511464151,Lekki,1,Detached Duplex,0,1,0,1.0,0,4,5,0,370000000.0
A Fully Serviced And Furnished Shared Apartment,2,3,Orchid Lekki Lagos,6.4711251,3.8147504,39.0638334712576,53.23478511464151,Lekki,1,Flat,0,0,0,1.5,1,4,2,1,2250000.0
4 Bedroom Detached Duplex,4,4,Orchid Lekki Lagos,6.4711251,3.8147504,39.0638334712576,53.23478511464151,Lekki,1,Detached Duplex,0,0,0,1.0,0,4,4,0,230000000.0
5 Bedroom Detached Duplex With Swimming Pool,5,5,Chevron Lekki Lagos,6.4711251,3.8147504,39.0638334712576,53.23478511464151,Lekki,1,Detached Duplex,1,0,0,1.0,0,4,5,1,450000000.0
2 Bedroom Apartment With Bq / Gym And Rooftop,2,2,Ikate Lekki Lagos,6.4711251,3.8147504,39.0638334712576,53.23478511464151,Lekki,1,Flat,0,1,0,1.0,0,4,2,0,210000000.0
5 Bedroom Semi Detached Duplex,5,5,Osapa London Lekki Lagos,6.4711251,3.8147504,39.0638334712576,53.23478511464151,Lekki,1,Detached Duplex,0,0,0,1.0,0,4,5,0,600000000.0
5 Bedroom Semi Detached Duplex,5,5,Ikate Lekki Lagos,6.4711251,3.8147504,39.0638334712576,53.23478511464151,Lekki,1,Detached Duplex,0,0,0,1.0,0,4,5,0,1000000000.0
4 Bedroom Semi Detached Duplex,4,4,Ikota Lekki Lagos,6.4711251,3.8147504,39.0638334712576,53.23478511464151,Lekki,1,Detached Duplex,0,0,0,1.0,0,4,4,0,135000000.0
5 Bedroom Detached Duplex,5,5,Lekki Phase 1 Lekki Lagos,6.4711251,3.8147504,39.0638334712576,53.23478511464151,Lekki,1,Detached Duplex,0,0,0,1.0,0,4,5,0,650000000.0
4 Bedroom Terraced Duplex,4,4,Ikate Lekki Lagos,6.4711251,3.8147504,39.0638334712576,53.23478511464151,Lekki,1,Terrace,0,0,0,1.0,0,4,4,0,350000000.0
5 Bedroom Duplex,5,5,Ajah Lagos,6.4694716,3.5623861,11.300377211002502,27.53491907587076,Ajah,1,Duplex,0,0,0,1.0,0,4,5,0,280000000.0
4 Bedroom Detached Duplex With Swimming Pooi,4,4,Ajah Lagos,6.4694716,3.5623861,11.300377211002502,27.53491907587076,Ajah,1,Detached Duplex,1,0,0,1.0,0,4,4,1,220000000.0
4 Bedroom Semi Detached Duplex With Swimming Pool,4,4,Lekki Lagos,6.4711251,3.8147504,39.0638334712576,53.23478511464151,Lekki,1,Detached Duplex,1,0,0,1.0,0,4,4,1,300000000.0
6 Bedroom Detached Duplex,6,6,Osapa London Lekki Lagos,6.4711251,3.8147504,39.0638334712576,53.23478511464151,Lekki,1,Detached Duplex,0,0,0,1.0,0,4,6,0,1600000000.0
6 Bedroom Duplex With Swimming Pool/ Elevator,6,6,Ikoyi Lagos,6.4516268,3.4117815,5.595874965201447,17.89581566309951,Ikoyi,1,Duplex,1,0,0,1.0,0,5,6,1,5300000000.0
5 Bedroom Detached Duplex,5,5,Osapa London Lekki Lagos,6.4711251,3.8147504,39.0638334712576,53.23478511464151,Lekki,1,Detached Duplex,0,0,0,1.0,0,4,5,0,250000000.0
4 Bedroom Detached Duplex,4,4,Ajah Lagos,6.4694716,3.5623861,11.300377211002502,27.53491907587076,Ajah,1,Detached Duplex,0,0,0,1.0,0,4,4,0,190000000.0
5 Bedroom Duplex,5,5,Ikota Lekki Lagos,6.4711251,3.8147504,39.0638334712576,53.23478511464151,Lekki,1,Duplex,0,0,0,1.0,0,4,5,0,370000000.0
5 Bedroom Detached Duplex,5,5,Ologolo Lekki Lagos,6.4711251,3.8147504,39.0638334712576,53.23478511464151,Lekki,1,Detached Duplex,0,0,0,1.0,0,4,5,0,500000000.0
5 Bedroom Detached Duplex,5,6,Orchid Lekki Lagos,6.4711251,3.8147504,39.0638334712576,53.23478511464151,Lekki,1,Detached Duplex,0,0,0,1.2,0,4,5,0,250000000.0
2 Bedroom Apartment,2,2,Lekki Phase 1 Lekki Lagos,6.4711251,3.8147504,39.0638334712576,53.23478511464151,Lekki,1,Flat,0,0,0,1.0,0,4,2,0,205000000.0
4 Bedroom Terrace Duplex,4,4,Oniru Victoria Island Lagos,6.4300279,3.4259904,4.5315928067815925,20.705813048742375,Victoria Island,1,Terrace,0,0,0,1.0,0,5,4,0,550000000.0
6 Bedroom Duplex,6,6,Ikoyi Lagos,6.4516268,3.4117815,5.595874965201447,17.89581566309951,Ikoyi,1,Duplex,0,0,0,1.0,0,5,6,0,5300000000.0
5 Bedroom Detached Duplex,5,5,Igbo Efon Lekki Lagos,6.4711251,3.8147504,39.0638334712576,53.23478511464151,Lekki,1,Detached Duplex,0,0,0,1.0,0,4,5,0,550000000.0
Newly Built 4 Bedroom Terrace Duplex,4,4,Oniru Victoria Island Lagos,6.4300279,3.4259904,4.5315928067815925,20.705813048742375,Victoria Island,1,Terrace,0,0,1,1.0,0,5,4,1,540000000.0
4 Bedroom Terrace Duplex With Bq,4,4,Ikate Lekki Lagos,6.4711251,3.8147504,39.0638334712576,53.23478511464151,Lekki,1,Terrace,0,1,0,1.0,0,4,4,0,265000000.0
2 Bedroom Maisonette With Swimming Pool,2,2,Lekki Phase 1 Lekki Lagos,6.4711251,3.8147504,39.0638334712576,53.23478511464151,Lekki,1,Other,1,0,0,1.0,0,4,2,1,210000000.0
2 & 3 Bedroom Terrace Duplex,3,3,Orchid Lekki Lagos,6.4711251,3.8147504,39.0638334712576,53.23478511464151,Lekki,1,Terrace,0,0,0,1.0,0,4,3,0,120000000.0
4 Bedroom Maisonette Duplex With Bq,4,4,Ikate Lekki Lagos,6.4711251,3.8147504,39.0638334712576,53.23478511464151,Lekki,1,Duplex,0,1,0,1.0,0,4,4,0,280000000.0
4 Bedroom Terrace Duplex,4,4,Ikota Lekki Lagos,6.4711251,3.8147504,39.0638334712576,53.23478511464151,Lekki,1,Terrace,0,0,0,1.0,0,4,4,0,170000000.0
4 Bedroom Terrace Duplex,4,4,Ikate Lekki Lagos,6.4711251,3.8147504,39.0638334712576,53.23478511464151,Lekki,1,Terrace,0,0,0,1.0,0,4,4,0,220000000.0
4 Bedroom Terrace Duplex,4,4,Osapa London Lekki Lagos,6.4711251,3.8147504,39.0638334712576,53.23478511464151,Lekki,1,Terrace,0,0,0,1.0,0,4,4,0,350000000.0
4 Bedroom Terrace Duplex,4,4,Lekki Lagos,6.4711251,3.8147504,39.0638334712576,53.23478511464151,Lekki,1,Terrace,0,0,0,1.0,0,4,4,0,190000000.0
2 Bedroom Terraced Duplex,0,0,Lekki County Ikota Lekki Lagos,6.4711251,3.8147504,39.0638334712576,53.23478511464151,Lekki,1,Terrace,0,0,0,0.0,0,4,0,0,80000000.0
5 Bedroom Duplex,5,5,Ajah Lagos,6.4694716,3.5623861,11.300377211002502,27.53491907587076,Ajah,1,Duplex,0,0,0,1.0,0,4,5,0,250000000.0
5 Bedroom Detached Duplex,5,5,Sangotedo Ajah Lagos,6.4694716,3.5623861,11.300377211002502,27.53491907587076,Ajah,1,Detached Duplex,0,0,0,1.0,0,4,5,0,255000000.0
4 Bedroom Detached Duplex,4,4,Osapa London Lekki Lagos,6.4711251,3.8147504,39.0638334712576,53.23478511464151,Lekki,1,Detached Duplex,0,0,0,1.0,0,4,4,0,850000000.0
4 Bedroom Semi Detached Duplex,4,4,Orchid Lekki Lagos,6.4711251,3.8147504,39.0638334712576,53.23478511464151,Lekki,1,Detached Duplex,0,0,0,1.0,0,4,4,0,10000000.0
4 Bedroom Semi Detached Duplex,4,4,Ajah Lagos,6.4694716,3.5623861,11.300377211002502,27.53491907587076,Ajah,1,Detached Duplex,0,0,0,1.0,0,4,4,0,160000000.0
5 Bedroom Detached Duplex,5,5,Ikota Lekki Lagos,6.4711251,3.8147504,39.0638334712576,53.23478511464151,Lekki,1,Detached Duplex,0,0,0,1.0,0,4,5,0,660000000.0
5 Bedroom Detached Duplex,5,5,Ajah Lagos,6.4694716,3.5623861,11.300377211002502,27.53491907587076,Ajah,1,Detached Duplex,0,0,0,1.0,0,4,5,0,350000000.0
4 Bedroom Detached Duplex,4,4,Ikate Lekki Lagos,6.4711251,3.8147504,39.0638334712576,53.23478511464151,Lekki,1,Detached Duplex,0,0,0,1.0,0,4,4,0,500000000.0
4 Bedroom Semi Detached Duplex With Bq,4,4,Orchid Lekki Lagos,6.4711251,3.8147504,39.0638334712576,53.23478511464151,Lekki,1,Detached Duplex,0,1,0,1.0,0,4,4,0,195000000.0
4 Bedroom Semi Detached Duplex,4,4,Ikota Lekki Lagos,6.4711251,3.8147504,39.0638334712576,53.23478511464151,Lekki,1,Detached Duplex,0,0,0,1.0,0,4,4,0,155000000.0
4 Bedroom Semi Detached Duplex,4,4,Chevron Lekki Lagos,6.4711251,3.8147504,39.0638334712576,53.23478511464151,Lekki,1,Detached Duplex,0,0,0,1.0,0,4,4,0,205000000.0
"Furnished 4 Bedroom Detached Duplex With Gym, Study",4,4,Chevron Toll Gate Lekki Lagos,6.4711251,3.8147504,39.0638334712576,53.23478511464151,Lekki,1,Detached Duplex,0,0,0,1.0,0,4,4,0,600000000.0
5 Bedroom Detached Duplex,5,5,Ikota Lekki Lagos,6.4711251,3.8147504,39.0638334712576,53.23478511464151,Lekki,1,Detached Duplex,0,0,0,1.0,0,4,5,0,450000000.0
5 Bedroom Detached Duplex,5,5,Osapa London Lekki Lagos,6.4711251,3.8147504,39.0638334712576,53.23478511464151,Lekki,1,Detached Duplex,0,0,0,1.0,0,4,5,0,400000000.0
5 Bedroom Semi Detached Duplex,5,5,Ikate Lekki Lagos,6.4711251,3.8147504,39.0638334712576,53.23478511464151,Lekki,1,Detached Duplex,0,0,0,1.0,0,4,5,0,300000000.0
5 Bedroom Duplex,5,5,Lekki Phase 1 Lekki Lagos,6.4711251,3.8147504,39.0638334712576,53.23478511464151,Lekki,1,Duplex,0,0,0,1.0,0,4,5,0,1500000000.0
4 Bedroom Detached Duplex,4,4,Sangotedo Lagos,6.471022,3.635581,19.321981973319577,34.58834389190216,Sangotedo,1,Detached Duplex,0,0,0,1.0,0,3,4,0,140000000.0
5 Bedroom Detached Duplex,5,5,Osapa London Lekki Lagos,6.4711251,3.8147504,39.0638334712576,53.23478511464151,Lekki,1,Detached Duplex,0,0,0,1.0,0,4,5,0,600000000.0
2 Bedroom Penthouse Apartment,2,2,Lekki Phase 1 Lekki Lagos,6.4711251,3.8147504,39.0638334712576,53.23478511464151,Lekki,1,Flat,0,0,0,1.0,0,4,2,0,450000000.0
2/3 Bedroom Apartment For Sale,2,2,Ikate Lekki Lagos,6.4711251,3.8147504,39.0638334712576,53.23478511464151,Lekki,1,Flat,0,0,0,1.0,0,4,2,0,180000000.0
4 Bedroom Detached Duplex With Bq,4,4,Sangotedo Ajah Lagos,6.4694716,3.5623861,11.300377211002502,27.53491907587076,Ajah,1,Detached Duplex,0,1,0,1.0,0,4,4,0,175000000.0
5 Bedroom Detached Duplex With Swimming Pool,5,5,Ajah Lagos,6.4694716,3.5623861,11.300377211002502,27.53491907587076,Ajah,1,Detached Duplex,1,0,0,1.0,0,4,5,1,280000000.0
5 Bedroom Detached Duplex With Swimming Pool,5,5,Ajah Lagos,6.4694716,3.5623861,11.300377211002502,27.53491907587076,Ajah,1,Detached Duplex,1,0,0,1.0,0,4,5,1,250000000.0
5 Bedroom Detached Duplex With Cinema,5,5,Osapa London Lekki Lagos,6.4711251,3.8147504,39.0638334712576,53.23478511464151,Lekki,1,Detached Duplex,0,0,0,1.0,0,4,5,0,800000000.0
5 Bedroom Detached Duplex,4,4,Ologolo Lekki Lagos,6.4711251,3.8147504,39.0638334712576,53.23478511464151,Lekki,1,Detached Duplex,0,0,0,1.0,0,4,4,0,310000000.0
4 Bedroom Detached Duplex,4,4,Ikota Lekki Lagos,6.4711251,3.8147504,39.0638334712576,53.23478511464151,Lekki,1,Detached Duplex,0,0,0,1.0,0,4,4,0,165000000.0
5 Bedroom Detached Duplex With Bq,5,5,Ikate Lekki Lagos,6.4711251,3.8147504,39.0638334712576,53.23478511464151,Lekki,1,Detached Duplex,0,1,0,1.0,0,4,5,0,420000000.0
4 Bedroom Semi Detached Duplex,4,4,Orchid Lekki Lagos,6.4711251,3.8147504,39.0638334712576,53.23478511464151,Lekki,1,Detached Duplex,0,0,0,1.0,0,4,4,0,250000000.0
5 Bedroom Detached Duplex,5,5,Chevron Lekki Lagos,6.4711251,3.8147504,39.0638334712576,53.23478511464151,Lekki,1,Detached Duplex,0,0,0,1.0,0,4,5,0,250000000.0
5 Bedroom Detached Duplex With Swimming Pool,5,5,Chevron Lekki Lagos,6.4711251,3.8147504,39.0638334712576,53.23478511464151,Lekki,1,Detached Duplex,1,0,0,1.0,0,4,5,1,730000000.0
5 Bedroom Detached Duplex With Bq,5,6,Sangotedo Ajah Lagos,6.4694716,3.5623861,11.300377211002502,27.53491907587076,Ajah,1,Detached Duplex,0,1,0,1.2,0,4,5,0,185000000.0
5 Bedroom Flat,5,5,Osapa London Lekki Lagos,6.4711251,3.8147504,39.0638334712576,53.23478511464151,Lekki,1,Flat,0,0,0,1.0,0,4,5,0,380000000.0
Units Of 2 Bedroom Apartment,2,2,Lekki Phase 1 Lekki Lagos,6.4711251,3.8147504,39.0638334712576,53.23478511464151,Lekki,1,Flat,0,0,0,1.0,0,4,2,0,250000000.0
4 Bedroom Semi Detached Duplex,4,4,Ikate Lekki Lagos,6.4711251,3.8147504,39.0638334712576,53.23478511464151,Lekki,1,Detached Duplex,0,0,0,1.0,0,4,4,0,700000000.0
5 Bedroom Duplex With Swimming Pool/cinema,5,5,Osapa London Lekki Lagos,6.4711251,3.8147504,39.0638334712576,53.23478511464151,Lekki,1,Duplex,1,0,0,1.0,0,4,5,1,900000000.0
Stylish 1 & 2 & 3 Bedroom Apartment With Pool For Sale,2,2,Ikate Lekki Lagos,6.4711251,3.8147504,39.0638334712576,53.23478511464151,Lekki,1,Flat,1,0,0,1.0,0,4,2,1,100000000.0
Furnished 6 Bedroom Detached Duplex With Bq,6,8,Osapa London Lekki Lagos,6.4711251,3.8147504,39.0638334712576,53.23478511464151,Lekki,1,Detached Duplex,0,1,0,1.3333333333333333,0,4,6,0,1600000000.0
5 Bedroom Duplex With Swimming Pool,5,5,Chevron Lekki Lagos,6.4711251,3.8147504,39.0638334712576,53.23478511464151,Lekki,1,Duplex,1,0,0,1.0,0,4,5,1,380000000.0
5 Bedroom Detached Duplex,5,5,Orchid Lekki Lagos,6.4711251,3.8147504,39.0638334712576,53.23478511464151,Lekki,1,Detached Duplex,0,0,0,1.0,0,4,5,0,680000000.0
5 Bedroom Duplex With Swimming Pool,5,5,Lekki Phase 1 Lekki Lagos,6.4711251,3.8147504,39.0638334712576,53.23478511464151,Lekki,1,Duplex,1,0,0,1.0,0,4,5,1,1300000000.0
5 Bedroom Detached Duplex With Swimming Pooi,5,5,Ajah Lagos,6.4694716,3.5623861,11.300377211002502,27.53491907587076,Ajah,1,Detached Duplex,1,0,0,1.0,0,4,5,1,300000000.0
4 Bedroom Semi Detached Duplex,4,4,Lekki Lagos,6.4711251,3.8147504,39.0638334712576,53.23478511464151,Lekki,1,Detached Duplex,0,0,0,1.0,0,4,4,0,125000000.0
5 Bedroom Detached Duplex With Swimming Pool,5,5,Ajah Lagos,6.4694716,3.5623861,11.300377211002502,27.53491907587076,Ajah,1,Detached Duplex,1,0,0,1.0,0,4,5,1,210000000.0
5 Bedroom Detached Duplex,5,5,Ikota Lekki Lagos,6.4711251,3.8147504,39.0638334712576,53.23478511464151,Lekki,1,Detached Duplex,0,0,0,1.0,0,4,5,0,290000000.0
5 Bedroom Fully Detached Duplex With Bq,5,5,Chevron Lekki Lagos,6.4711251,3.8147504,39.0638334712576,53.23478511464151,Lekki,1,Detached Duplex,0,1,0,1.0,0,4,5,0,400000000.0
1 & 2 Bedroom Apartment,1,1,Ologolo Lekki Lagos,6.4711251,3.8147504,39.0638334712576,53.23478511464151,Lekki,1,Flat,0,0,0,1.0,0,4,1,0,90000000.0
4 Bedroom Semi Detached Duplex,4,4,Lekki Phase 1 Lekki Lagos,6.4711251,3.8147504,39.0638334712576,53.23478511464151,Lekki,1,Detached Duplex,0,0,0,1.0,0,4,4,0,425000000.0
5 Bedroom Detached Duplex With Swimming Pool,5,5,Agungi Lekki Lagos,6.4711251,3.8147504,39.0638334712576,53.23478511464151,Lekki,1,Detached Duplex,1,0,0,1.0,0,4,5,1,300000000.0
A Unit Left Smart 5 Bedroom Detached Duplex,5,5,Idado Lekki Lagos,6.4711251,3.8147504,39.0638334712576,53.23478511464151,Lekki,1,Detached Duplex,0,0,0,1.0,0,4,5,0,490000000.0
5 Bedroom Duplex With Swimming Pool/cinema,5,5,Osapa London Lekki Lagos,6.4711251,3.8147504,39.0638334712576,53.23478511464151,Lekki,1,Duplex,1,0,0,1.0,0,4,5,1,1550000000.0
2 Bedroom Apartment,2,3,Ikate Lekki Lagos,6.4711251,3.8147504,39.0638334712576,53.23478511464151,Lekki,1,Flat,0,0,0,1.5,0,4,2,0,175000000.0
3 Bedroom Terraced Duplex,3,3,Sangotedo Lagos,6.471022,3.635581,19.321981973319577,34.58834389190216,Sangotedo,1,Terrace,0,0,0,1.0,0,3,3,0,90000000.0
5 Bedroom Terrace Duplex,5,6,Oniru Victoria Island Lagos,6.4300279,3.4259904,4.5315928067815925,20.705813048742375,Victoria Island,1,Terrace,0,0,0,1.2,0,5,5,0,550000000.0
5 Bedroom Detached Duplex With Bq,5,5,Ikota Lekki Lagos,6.4711251,3.8147504,39.0638334712576,53.23478511464151,Lekki,1,Detached Duplex,0,1,0,1.0,0,4,5,0,290000000.0
4 Bedroom Terrace Duplex With Bq,4,4,Ajah Lagos,6.4694716,3.5623861,11.300377211002502,27.53491907587076,Ajah,1,Terrace,0,1,0,1.0,0,4,4,0,115000000.0
4 Bedroom Terrace Duplex,4,4,Lekki Phase 1 Lekki Lagos,6.4711251,3.8147504,39.0638334712576,53.23478511464151,Lekki,1,Terrace,0,0,0,1.0,0,4,4,0,350000000.0
4 Bedroom Terrace Duplex,4,4,Ologolo Lekki Lagos,6.4711251,3.8147504,39.0638334712576,53.23478511464151,Lekki,1,Terrace,0,0,0,1.0,0,4,4,0,190000000.0
3 Bedroom Terrace Duplex,3,3,Ikota Lekki Lagos,6.4711251,3.8147504,39.0638334712576,53.23478511464151,Lekki,1,Terrace,0,0,0,1.0,0,4,3,0,120000090.0
5 Bedroom Detached Duplex With Swimming Pool,5,5,Osapa London Lekki Lagos,6.4711251,3.8147504,39.0638334712576,53.23478511464151,Lekki,1,Detached Duplex,1,0,0,1.0,0,4,5,1,2300000000.0
5 Bedroom Fully Detached Duplex,5,5,Lekki Phase 1 Lekki Lagos,6.4711251,3.8147504,39.0638334712576,53.23478511464151,Lekki,1,Detached Duplex,0,0,0,1.0,0,4,5,0,770000000.0
4 Bedroom Detached Duplex,4,4,Ologolo Lekki Lagos,6.4711251,3.8147504,39.0638334712576,53.23478511464151,Lekki,1,Detached Duplex,0,0,0,1.0,0,4,4,0,300000000.0
5 Bedroom Detached Duplex With Pool,5,5,Chevron Lekki Lagos,6.4711251,3.8147504,39.0638334712576,53.23478511464151,Lekki,1,Detached Duplex,1,0,0,1.0,0,4,5,1,600000000.0
5 Bedroom Detached Duplex,5,5,Orchid Lekki Lagos,6.4711251,3.8147504,39.0638334712576,53.23478511464151,Lekki,1,Detached Duplex,0,0,0,1.0,0,4,5,0,190000000.0
5 Bedroom Detached Duplex With Swimming Pool,5,5,Ajah Lagos,6.4694716,3.5623861,11.300377211002502,27.53491907587076,Ajah,1,Detached Duplex,1,0,0,1.0,0,4,5,1,220000000.0
Newly Built 5 Bedroom Detached Duplex,5,6,Ajah Lagos,6.4694716,3.5623861,11.300377211002502,27.53491907587076,Ajah,1,Detached Duplex,0,0,1,1.2,0,4,5,1,255000000.0
4 Bedroom Semi Detached Duplex,4,4,Vgc Lekki Lagos,6.4711251,3.8147504,39.0638334712576,53.23478511464151,Lekki,1,Detached Duplex,0,0,0,1.0,0,4,4,0,150000000.0
4 Bedroom Semi Detached Duplex With Mini Bar,4,4,Ajah Lagos,6.4694716,3.5623861,11.300377211002502,27.53491907587076,Ajah,1,Detached Duplex,0,0,0,1.0,0,4,4,0,150000000.0
4 Bedroom Semi Detached Duplex,4,4,Agungi Lekki Lagos,6.4711251,3.8147504,39.0638334712576,53.23478511464151,Lekki,1,Detached Duplex,0,0,0,1.0,0,4,4,0,290000000.0
4 Bedroom Semi Detached Duplex,4,4,Chevron Lekki Lagos,6.4711251,3.8147504,39.0638334712576,53.23478511464151,Lekki,1,Detached Duplex,0,0,0,1.0,0,4,4,0,300000000.0
4 Units Of 4 Bedroom Detached Duplex,4,4,Chevron Lekki Lagos,6.4711251,3.8147504,39.0638334712576,53.23478511464151,Lekki,1,Detached Duplex,0,0,0,1.0,0,4,4,0,220000000.0
4 Bedroom Detached Duplex,4,4,Orchid Lekki Lagos,6.4711251,3.8147504,39.0638334712576,53.23478511464151,Lekki,1,Detached Duplex,0,0,0,1.0,0,4,4,0,180000000.0
Nelwy Built 4 Bedroom Semi Detached Duplex,4,5,Ajah Lagos,6.4694716,3.5623861,11.300377211002502,27.53491907587076,Ajah,1,Detached Duplex,0,0,0,1.25,0,4,4,0,130000000.0
5 Bedroom Semi Detached Duplex,5,5,Oniru Victoria Island Lagos,6.4300279,3.4259904,4.5315928067815925,20.705813048742375,Victoria Island,1,Detached Duplex,0,0,0,1.0,0,5,5,0,500000000.0
5 Bedroom Detached Duplex With Swimming Pool,5,5,Ajah Lagos,6.4694716,3.5623861,11.300377211002502,27.53491907587076,Ajah,1,Detached Duplex,1,0,0,1.0,0,4,5,1,260000000.0
Serviced 2 & 3 Bedroom Apartment With Pool For Sale,2,2,Ikate Lekki Lagos,6.4711251,3.8147504,39.0638334712576,53.23478511464151,Lekki,1,Flat,1,0,0,1.0,1,4,2,2,140000000.0
4 Bedroom Semi Detached Duplex With Bq,4,4,Agungi Lekki Lagos,6.4711251,3.8147504,39.0638334712576,53.23478511464151,Lekki,1,Detached Duplex,0,1,0,1.0,0,4,4,0,290000000.0
5 Bedroom Detached Duplex,5,5,Idado Lekki Lagos,6.4711251,3.8147504,39.0638334712576,53.23478511464151,Lekki,1,Detached Duplex,0,0,0,1.0,0,4,5,0,550000000.0
4 Bedroom Detached Duplex,4,4,Ikota Lekki Lagos,6.4711251,3.8147504,39.0638334712576,53.23478511464151,Lekki,1,Detached Duplex,0,0,0,1.0,0,4,4,0,350000000.0
5 Bedroom Duplex /swimming Pool /gym /rooftop,5,5,Ikota Lekki Lagos,6.4711251,3.8147504,39.0638334712576,53.23478511464151,Lekki,1,Duplex,1,0,0,1.0,0,4,5,1,600000000.0
Newlybuilt 3 Bedroom Apartment With Bq For Sale,3,4,Ikate Lekki Lagos,6.4711251,3.8147504,39.0638334712576,53.23478511464151,Lekki,1,Flat,0,1,0,1.3333333333333333,0,4,3,0,260000000.0
2 Bedroom Apartment,2,2,Lekki Lagos,6.4711251,3.8147504,39.0638334712576,53.23478511464151,Lekki,1,Flat,0,0,0,1.0,0,4,2,0,200000000.0
4 Bedroom Detached Duplex With Bq,4,4,Sangotedo Ajah Lagos,6.4694716,3.5623861,11.300377211002502,27.53491907587076,Ajah,1,Detached Duplex,0,1,0,1.0,0,4,4,0,135000000.0
5 Bedroom Detached Duplex With Rooftop Terraced,5,5,Chevron Lekki Lagos,6.4711251,3.8147504,39.0638334712576,53.23478511464151,Lekki,1,Detached Duplex,0,0,0,1.0,0,4,5,0,380000000.0
"5 Bedroom Detached Duplex With Cinema, Swimming Pool",5,5,Ikota Lekki Lagos,6.4711251,3.8147504,39.0638334712576,53.23478511464151,Lekki,1,Detached Duplex,1,0,0,1.0,0,4,5,1,380000000.0
4 Bedroom Semi Detached Duplex,4,4,Ajah Lagos,6.4694716,3.5623861,11.300377211002502,27.53491907587076,Ajah,1,Detached Duplex,0,0,0,1.0,0,4,4,0,100000000.0
5 Bedroom Duplex,5,5,Osapa London Lekki Lagos,6.4711251,3.8147504,39.0638334712576,53.23478511464151,Lekki,1,Duplex,0,0,0,1.0,0,4,5,0,700000000.0
5 Bedroom Detached Duplex,5,5,Orchid Lekki Lagos,6.4711251,3.8147504,39.0638334712576,53.23478511464151,Lekki,1,Detached Duplex,0,0,0,1.0,0,4,5,0,230000000.0
5 Bedroom Detached Duplex With Bq,5,5,Ologolo Lekki Lagos,6.4711251,3.8147504,39.0638334712576,53.23478511464151,Lekki,1,Detached Duplex,0,1,0,1.0,0,4,5,0,320000000.0
3 Bedroom Apartment,3,3,Oniru Victoria Island Lagos,6.4300279,3.4259904,4.5315928067815925,20.705813048742375,Victoria Island,1,Flat,0,0,0,1.0,0,5,3,0,20000000.0
6 Bedroom Detached Duplex,6,6,Chevron Lekki Lagos,6.4711251,3.8147504,39.0638334712576,53.23478511464151,Lekki,1,Detached Duplex,0,0,0,1.0,0,4,6,0,1300000000.0
5 Bedroom Detached Duplex,5,6,Lekki Phase 1 Lekki Lagos,6.4711251,3.8147504,39.0638334712576,53.23478511464151,Lekki,1,Detached Duplex,0,0,0,1.2,0,4,5,0,500000000.0
Newly Built 2 Bedroom Apartment,2,2,Lekki Phase 1 Lekki Lagos,6.4711251,3.8147504,39.0638334712576,53.23478511464151,Lekki,1,Flat,0,0,1,1.0,0,4,2,1,200000000.0
5 Bedroom Detached Duplex With Bq,5,5,Orchid Lekki Lagos,6.4711251,3.8147504,39.0638334712576,53.23478511464151,Lekki,1,Detached Duplex,0,1,0,1.0,0,4,5,0,320000000.0
5 Bedroom Rooftop Terrace Duplex,5,5,Osapa London Lekki Lagos,6.4711251,3.8147504,39.0638334712576,53.23478511464151,Lekki,1,Terrace,0,0,0,1.0,0,4,5,0,720000000.0
4 Bedroom Duplex,4,4,Ajah Lagos,6.4694716,3.5623861,11.300377211002502,27.53491907587076,Ajah,1,Duplex,0,0,0,1.0,0,4,4,0,220000000.0
5 Bedroom Semi Detached Duplex,5,5,Osapa London Lekki Lagos,6.4711251,3.8147504,39.0638334712576,53.23478511464151,Lekki,1,Detached Duplex,0,0,0,1.0,0,4,5,0,380000000.0
4 Bedroom Detached Duplex With Bq,0,0,Sangotedo Ajah Lagos,6.4694716,3.5623861,11.300377211002502,27.53491907587076,Ajah,1,Detached Duplex,0,1,0,0.0,0,4,0,0,140000000.0
5 Bedroom Duplex With Swimming Pool,5,5,Chevron Lekki Lagos,6.4711251,3.8147504,39.0638334712576,53.23478511464151,Lekki,1,Duplex,1,0,0,1.0,0,4,5,1,370000000.0
4 Bedroom Semi Detached Duplex,4,4,Lekki Phase 1 Lekki Lagos,6.4711251,3.8147504,39.0638334712576,53.23478511464151,Lekki,1,Detached Duplex,0,0,0,1.0,0,4,4,0,350000000.0
4 Bedroom Detached Duplex With Rooftop Terrace,4,4,Ajah Lagos,6.4694716,3.5623861,11.300377211002502,27.53491907587076,Ajah,1,Detached Duplex,0,0,0,1.0,0,4,4,0,255000000.0
5 Bedroom Detached Home,5,5,Idado Lekki Lagos,6.4711251,3.8147504,39.0638334712576,53.23478511464151,Lekki,1,Detached Duplex,0,0,0,1.0,0,4,5,0,500000000.0
Contemporary 4 Bedroom Semi Detached Duplex,4,4,Ajah Lagos,6.4694716,3.5623861,11.300377211002502,27.53491907587076,Ajah,1,Detached Duplex,0,0,0,1.0,0,4,4,0,150000000.0
5 Bedroom Fully Detached Duplex,5,5,Ikoyi Lagos,6.4516268,3.4117815,5.595874965201447,17.89581566309951,Ikoyi,1,Detached Duplex,0,0,0,1.0,0,5,5,0,2500000000.0
2 Bedroom Apartment,2,2,Ikate Lekki Lagos,6.4711251,3.8147504,39.0638334712576,53.23478511464151,Lekki,1,Flat,0,0,0,1.0,0,4,2,0,218000000.0
2/3 Bedroom Apartment,3,3,Ikate Lekki Lagos,6.4711251,3.8147504,39.0638334712576,53.23478511464151,Lekki,1,Flat,0,0,0,1.0,0,4,3,0,240000000.0
5 Bedroom Fully Detached Duplex,5,5,Ikoyi Lagos,6.4516268,3.4117815,5.595874965201447,17.89581566309951,Ikoyi,1,Detached Duplex,0,0,0,1.0,0,5,5,0,1200000000.0
4 Bedroom Terraced Duplex With Bq,4,4,Ikota Lekki Lagos,6.4711251,3.8147504,39.0638334712576,53.23478511464151,Lekki,1,Terrace,0,1,0,1.0,0,4,4,0,200000000.0
4 Bedroom Terrace Duplex With Bq,4,4,Oniru Victoria Island Lagos,6.4300279,3.4259904,4.5315928067815925,20.705813048742375,Victoria Island,1,Terrace,0,1,0,1.0,0,5,4,0,550000000.0
4 Bedroom Terrace Duplex With Bq,4,4,Lekki Phase 1 Lekki Lagos,6.4711251,3.8147504,39.0638334712576,53.23478511464151,Lekki,1,Terrace,0,1,0,1.0,0,4,4,0,537000000.0
4 Bedroom Terraced Triplex,4,4,Ikate Lekki Lagos,6.4711251,3.8147504,39.0638334712576,53.23478511464151,Lekki,1,Terrace,0,0,0,1.0,0,4,4,0,330000000.0
4 Bedroom Semi Detached Duplex,4,4,Vgc Lekki Lagos,6.4711251,3.8147504,39.0638334712576,53.23478511464151,Lekki,1,Detached Duplex,0,0,0,1.0,0,4,4,0,195000000.0
Serviced 2 & 3 Bedroom Apartment,2,2,Ikate Lekki Lagos,6.4711251,3.8147504,39.0638334712576,53.23478511464151,Lekki,1,Flat,0,0,0,1.0,1,4,2,1,140000000.0
4 Bedroom Semi Detached Duplex,4,4,Ikate Lekki Lagos,6.4711251,3.8147504,39.0638334712576,53.23478511464151,Lekki,1,Detached Duplex,0,0,0,1.0,0,4,4,0,450000000.0
5 Bedroom Detached Duplex,5,5,Ajah Lagos,6.4694716,3.5623861,11.300377211002502,27.53491907587076,Ajah,1,Detached Duplex,0,0,0,1.0,0,4,5,0,320000000.0
4 Bedroom Duplex,4,4,Sangotedo Ajah Lagos,6.4694716,3.5623861,11.300377211002502,27.53491907587076,Ajah,1,Duplex,0,0,0,1.0,0,4,4,0,170000000.0
2 Bedroom Apartment Available For Sale!!!,2,2,Ologolo Lekki Lagos,6.4711251,3.8147504,39.0638334712576,53.23478511464151,Lekki,1,Flat,0,0,0,1.0,0,4,2,0,120000000.0
5 Bedroom Duplex,5,5,Lekki County Ikota Lekki Lagos,6.4711251,3.8147504,39.0638334712576,53.23478511464151,Lekki,1,Duplex,0,0,0,1.0,0,4,5,0,450000000.0
6 Bedroom Detached Duplex,6,6,Ikate Lekki Lagos,6.4711251,3.8147504,39.0638334712576,53.23478511464151,Lekki,1,Detached Duplex,0,0,0,1.0,0,4,6,0,1800000000.0
Newly Built 3 Bedroom Apartment With Pool,3,4,Lekki Phase 1 Lekki Lagos,6.4711251,3.8147504,39.0638334712576,53.23478511464151,Lekki,1,Flat,1,0,1,1.3333333333333333,0,4,3,2,400000000.0
3 Bedroom Terraced Duplex With 2 Bq,3,5,Orchid Lekki Lagos,6.4711251,3.8147504,39.0638334712576,53.23478511464151,Lekki,1,Terrace,0,1,0,1.6666666666666667,0,4,3,0,150000000.0
5 Bedroom Detached Duplex W'ith Bq,5,5,Idado Lekki Lagos,6.4711251,3.8147504,39.0638334712576,53.23478511464151,Lekki,1,Detached Duplex,0,1,0,1.0,0,4,5,0,260000000.0
4 Bedroom Semi Detached Duplex,4,4,Ologolo Lekki Lagos,6.4711251,3.8147504,39.0638334712576,53.23478511464151,Lekki,1,Detached Duplex,0,0,0,1.0,0,4,4,0,185000000.0
2 Bedroom Apartment With Swimming Pool,2,2,Lekki Phase 1 Lekki Lagos,6.4711251,3.8147504,39.0638334712576,53.23478511464151,Lekki,1,Flat,1,0,0,1.0,0,4,2,1,280000000.0
5 Bedroom Detached Duplex With Bq,5,5,Lekki Lagos,6.4711251,3.8147504,39.0638334712576,53.23478511464151,Lekki,1,Detached Duplex,0,1,0,1.0,0,4,5,0,370000000.0
5 Bedroom Duplex,5,5,Ajah Lagos,6.4694716,3.5623861,11.300377211002502,27.53491907587076,Ajah,1,Duplex,0,0,0,1.0,0,4,5,0,350000000.0
4 Bedroom Terrace Duplex With Bq,4,4,Ologolo Lekki Lagos,6.4711251,3.8147504,39.0638334712576,53.23478511464151,Lekki,1,Terrace,0,1,0,1.0,0,4,4,0,210000000.0
4 Bedroom Detached Duplex With Bq,4,4,Lekki Phase 1 Lekki Lagos,6.4711251,3.8147504,39.0638334712576,53.23478511464151,Lekki,1,Detached Duplex,0,1,0,1.0,0,4,4,0,370000000.0
5 Bedroom Duplex,5,5,Ikota Lekki Lagos,6.4711251,3.8147504,39.0638334712576,53.23478511464151,Lekki,1,Duplex,0,0,0,1.0,0,4,5,0,350000000.0
4 Bedroom Detached Duplex,4,4,Chevron Lekki Lagos,6.4711251,3.8147504,39.0638334712576,53.23478511464151,Lekki,1,Detached Duplex,0,0,0,1.0,0,4,4,0,375000000.0
4 Bedroom Detached Duplex,4,4,Lekki Phase 1 Lekki Lagos,6.4711251,3.8147504,39.0638334712576,53.23478511464151,Lekki,1,Detached Duplex,0,0,0,1.0,0,4,4,0,450000000.0
Spacious 4 Bedroom Semi Detached Duplex,4,4,Ajah Lagos,6.4694716,3.5623861,11.300377211002502,27.53491907587076,Ajah,1,Detached Duplex,0,0,0,1.0,0,4,4,0,150000000.0
4 Bedroom Maisonette Penthouse,4,4,Victoria Island Lagos,6.4300279,3.4259904,4.5315928067815925,20.705813048742375,Victoria Island,1,Other,0,0,0,1.0,0,5,4,0,950000000.0
3 Bedroom Apartment With Bq,3,3,Lekki Phase 1 Lekki Lagos,6.4711251,3.8147504,39.0638334712576,53.23478511464151,Lekki,1,Flat,0,1,0,1.0,0,4,3,0,360000000.0
6 Bedroom Detached Duplex / Indoor Swimming Pool,6,7,Chevron Lekki Lagos,6.4711251,3.8147504,39.0638334712576,53.23478511464151,Lekki,1,Detached Duplex,1,0,0,1.1666666666666667,0,4,6,1,520000000.0
5 Bedroom Detached Duplex With Pool,5,5,Ajah Lagos,6.4694716,3.5623861,11.300377211002502,27.53491907587076,Ajah,1,Detached Duplex,1,0,0,1.0,0,4,5,1,249000000.0
4 Bedroom Semi Detached Duplex,4,4,Orchid Lekki Lagos,6.4711251,3.8147504,39.0638334712576,53.23478511464151,Lekki,1,Detached Duplex,0,0,0,1.0,0,4,4,0,145000000.0
4 Bedroom Detached Duplex,4,4,Ajah Lagos,6.4694716,3.5623861,11.300377211002502,27.53491907587076,Ajah,1,Detached Duplex,0,0,0,1.0,0,4,4,0,150000000.0
4 Bedroom Detached Duplex,4,4,Idado Lekki Lagos,6.4711251,3.8147504,39.0638334712576,53.23478511464151,Lekki,1,Detached Duplex,0,0,0,1.0,0,4,4,0,220000000.0
5 Bedroom Semi Detached Duplex With Bq,5,5,Ologolo Lekki Lagos,6.4711251,3.8147504,39.0638334712576,53.23478511464151,Lekki,1,Detached Duplex,0,1,0,1.0,0,4,5,0,230000000.0
5 Bedroom Detached Duplex With Swimming Pool,5,5,Vgc Lekki Lagos,6.4711251,3.8147504,39.0638334712576,53.23478511464151,Lekki,1,Detached Duplex,1,0,0,1.0,0,4,5,1,370000000.0
5 Bedroom Detached Duplex With Swimming Pool,5,5,Osapa London Lekki Lagos,6.4711251,3.8147504,39.0638334712576,53.23478511464151,Lekki,1,Detached Duplex,1,0,0,1.0,0,4,5,1,1000000000.0
5 Bedroom Detached Duplex,5,5,Lekki Lagos,6.4711251,3.8147504,39.0638334712576,53.23478511464151,Lekki,1,Detached Duplex,0,0,0,1.0,0,4,5,0,450000000.0
6 Bedroom Detached Duplex,6,6,Lekki Phase 1 Lekki Lagos,6.4711251,3.8147504,39.0638334712576,53.23478511464151,Lekki,1,Detached Duplex,0,0,0,1.0,0,4,6,0,1300000000.0
5 Bedroom Detached Duplex,5,5,Osapa London Lekki Lagos,6.4711251,3.8147504,39.0638334712576,53.23478511464151,Lekki,1,Detached Duplex,0,0,0,1.0,0,4,5,0,620000000.0
4 Bedroom Duplex,4,4,Osapa London Lekki Lagos,6.4711251,3.8147504,39.0638334712576,53.23478511464151,Lekki,1,Duplex,0,0,0,1.0,0,4,4,0,850000000.0
5 Bedroom Detached Duplex,5,5,Lekki Lagos,6.4711251,3.8147504,39.0638334712576,53.23478511464151,Lekki,1,Detached Duplex,0,0,0,1.0,0,4,5,0,500000000.0
5 Bedroom House With Swimming Pool And Cinema,5,6,Chevron Lekki Lagos,6.4711251,3.8147504,39.0638334712576,53.23478511464151,Lekki,1,Other,1,0,0,1.2,0,4,5,1,500000000.0
5 Bedroom Detached Duplex With Pool,5,5,Ajah Lagos,6.4694716,3.5623861,11.300377211002502,27.53491907587076,Ajah,1,Detached Duplex,1,0,0,1.0,0,4,5,1,350000000.0
4 Bedroom Detached Duplex,4,4,Vgc Lekki Lagos,6.4711251,3.8147504,39.0638334712576,53.23478511464151,Lekki,1,Detached Duplex,0,0,0,1.0,0,4,4,0,150000000.0
2 Bedroom Apartment With Swimming Pool And Gym,2,2,Ikate Lekki Lagos,6.4711251,3.8147504,39.0638334712576,53.23478511464151,Lekki,1,Flat,1,0,0,1.0,0,4,2,1,160000000.0
2 Bedroom Apartment,2,2,Ajah Lagos,6.4694716,3.5623861,11.300377211002502,27.53491907587076,Ajah,1,Flat,0,0,0,1.0,0,4,2,0,70000000.0
5 Bedroom Duplex,5,5,Lekki Phase 1 Lekki Lagos,6.4711251,3.8147504,39.0638334712576,53.23478511464151,Lekki,1,Duplex,0,0,0,1.0,0,4,5,0,500000000.0
2/3 Bedroom Apartment,2,0,Lekki Phase 1 Lekki Lagos,6.4711251,3.8147504,39.0638334712576,53.23478511464151,Lekki,1,Flat,0,0,0,0.0,0,4,2,0,280000000.0
4 Bedroom Semi Detached Duplex,4,4,Ajah Lagos,6.4694716,3.5623861,11.300377211002502,27.53491907587076,Ajah,1,Detached Duplex,0,0,0,1.0,0,4,4,0,155000000.0
5 Bedroom Detached Duplex With Swimming Pool And Gym,5,5,Idado Lekki Lagos,6.4711251,3.8147504,39.0638334712576,53.23478511464151,Lekki,1,Detached Duplex,1,0,0,1.0,0,4,5,1,430000000.0
4 Bedroom Detached Duplex,4,4,Lekki Lagos,6.4711251,3.8147504,39.0638334712576,53.23478511464151,Lekki,1,Detached Duplex,0,0,0,1.0,0,4,4,0,180000000.0
2 & 3 Bedroom Apartment,3,3,Lekki Phase 1 Lekki Lagos,6.4711251,3.8147504,39.0638334712576,53.23478511464151,Lekki,1,Flat,0,0,0,1.0,0,4,3,0,300000000.0
Modern 3 Bedroom Apartment,3,3,Ikoyi Lagos,6.4516268,3.4117815,5.595874965201447,17.89581566309951,Ikoyi,1,Flat,0,0,0,1.0,0,5,3,0,270000000.0
5 Bedroom Detached Duplex With Swimming Pool,5,5,Ajah Lagos,6.4694716,3.5623861,11.300377211002502,27.53491907587076,Ajah,1,Detached Duplex,1,0,0,1.0,0,4,5,1,230000000.0
4 Bedroom Semi Detached Duplex,4,4,Vgc Lekki Lagos,6.4711251,3.8147504,39.0638334712576,53.23478511464151,Lekki,1,Detached Duplex,0,0,0,1.0,0,4,4,0,200000000.0
4 Bedroom Detached Duplex,4,4,Sangotedo Ajah Lagos,6.4694716,3.5623861,11.300377211002502,27.53491907587076,Ajah,1,Detached Duplex,0,0,0,1.0,0,4,4,0,130000000.0
2 Bedroom Duplex,2,2,Orchid Lekki Lagos,6.4711251,3.8147504,39.0638334712576,53.23478511464151,Lekki,1,Duplex,0,0,0,1.0,0,4,2,0,140000000.0
5 Bedroom Duplex,5,5,Chevron Lekki Lagos,6.4711251,3.8147504,39.0638334712576,53.23478511464151,Lekki,1,Duplex,0,0,0,1.0,0,4,5,0,450000000.0
4 Bedroom Detached Duplex,4,4,Ajah Lagos,6.4694716,3.5623861,11.300377211002502,27.53491907587076,Ajah,1,Detached Duplex,0,0,0,1.0,0,4,4,0,135000000.0
2 Bedroom Apartment,2,2,Ikoyi Lagos,6.4516268,3.4117815,5.595874965201447,17.89581566309951,Ikoyi,1,Flat,0,0,0,1.0,0,5,2,0,320000000.0
Newly Built 4 Bedroom Terrace Duplex,4,4,Ikate Lekki Lagos,6.4711251,3.8147504,39.0638334712576,53.23478511464151,Lekki,1,Terrace,0,0,1,1.0,0,4,4,1,390000000.0
5bedroom Fully Detached Duplex With A Pool,5,5,Vgc Lekki Lagos,6.4711251,3.8147504,39.0638334712576,53.23478511464151,Lekki,1,Detached Duplex,1,0,0,1.0,0,4,5,1,380000000.0
4 Bedroom Terraced Duplex,4,4,Lawanson Surulere Lagos,6.4855737,3.3539907,12.645023012159903,12.856266720612217,Surulere,0,Terrace,0,0,0,1.0,0,4,0,0,150000000.0
6 Bedroom Fully Detached Duplex,6,6,Lekki Phase 1 Lekki Lagos,6.4711251,3.8147504,39.0638334712576,53.23478511464151,Lekki,1,Detached Duplex,0,0,0,1.0,0,4,6,0,980000000.0
Luxury 5 Bedroom Duplex With Bq,5,5,2nd Toll Gate Lekki Lagos,6.4711251,3.8147504,39.0638334712576,53.23478511464151,Lekki,1,Duplex,0,1,0,1.0,0,4,5,0,330000000.0
4 Units Of 3 Bedroom Flat,0,0,"Opposite Tinubu Estate ,ayoola Ijede Ikorodu Lagos",6.6191233,3.5041271,19.37412223201939,16.98654075658537,Ikorodu,0,Flat,0,0,0,0.0,0,2,0,0,38000000.0
A Residential Story Building At Ikeja Lagos,0,0,"Near Main Road Off Awolowo Way Ikeja Ayoola, Awolowo Way Ikeja Lagos",6.5974727,3.3432815,21.044803340125824,1.0271477798224158,Ikeja,0,Other,0,0,0,0.0,0,5,0,0,350000000.0
6 Units Of 3 Bedroom Flat,0,0,Ayoola Opebi Ikeja Lagos,6.5974727,3.3432815,21.044803340125824,1.0271477798224158,Ikeja,0,Flat,0,0,0,0.0,0,5,0,0,600000000.0
2 Units Of 2 Bedroom & 3 Bedroom Apartment,0,0,Lekki Phase 1 Lekki Lagos,6.4711251,3.8147504,39.0638334712576,53.23478511464151,Lekki,1,Flat,0,0,0,0.0,0,4,0,0,280000000.0
3 Bedroom Apartment,3,3,Lekki Phase 1 Lekki Lagos,6.4711251,3.8147504,39.0638334712576,53.23478511464151,Lekki,1,Flat,0,0,0,1.0,0,4,3,0,375000000.0
2 Bedroom Apartment,2,2,Oniru Victoria Island Lagos,6.4300279,3.4259904,4.5315928067815925,20.705813048742375,Victoria Island,1,Flat,0,0,0,1.0,0,5,2,0,250000000.0
4 Bedroom Fully Detached Duplex,4,4,Orchid Lekki Lagos,6.4711251,3.8147504,39.0638334712576,53.23478511464151,Lekki,1,Detached Duplex,0,0,0,1.0,0,4,4,0,400000000.0
2 Bedroom Apartment,2,2,Lekki Ikate Lekki Lagos,6.4711251,3.8147504,39.0638334712576,53.23478511464151,Lekki,1,Flat,0,0,0,1.0,0,4,2,0,230000000.0
3 Bedroom Apartment With Bq,3,3,Victoria Island Lagos,6.4300279,3.4259904,4.5315928067815925,20.705813048742375,Victoria Island,1,Flat,0,1,0,1.0,0,5,3,0,750000000.0
5 Bedroom Detached Duplex With Bq,5,5,Lekki Phase 1 Lekki Lagos,6.4711251,3.8147504,39.0638334712576,53.23478511464151,Lekki,1,Detached Duplex,0,1,0,1.0,0,4,5,0,1300000000.0
5 Bedroom Fully Detached Duplex,5,5,Orchid Lekki Lagos,6.4711251,3.8147504,39.0638334712576,53.23478511464151,Lekki,1,Detached Duplex,0,0,0,1.0,0,4,5,0,450000000.0
5 Bedroom Semi Detached Duplex,5,5,Ikate Lekki Lagos,6.4711251,3.8147504,39.0638334712576,53.23478511464151,Lekki,1,Detached Duplex,0,0,0,1.0,0,4,5,0,1200000000.0
New 2 Bedroom Flat,2,2,Ikoyi Lagos,6.4516268,3.4117815,5.595874965201447,17.89581566309951,Ikoyi,1,Flat,0,0,0,1.0,0,5,2,0,650000000.0
4 Bedroom Terrace Duplex With Bq,4,4,Ikate Lekki Lagos,6.4711251,3.8147504,39.0638334712576,53.23478511464151,Lekki,1,Terrace,0,1,0,1.0,0,4,4,0,325000000.0
5 Bedroom Villa,5,5,Osapa Lekki Lagos,6.4711251,3.8147504,39.0638334712576,53.23478511464151,Lekki,1,Other,0,0,0,1.0,0,4,5,0,1550000000.0
3 Bedroom Apartment+bq,3,3,Victoria Island Lagos,6.4300279,3.4259904,4.5315928067815925,20.705813048742375,Victoria Island,1,Flat,0,1,0,1.0,0,5,3,0,630000000.0
4 Bedroom Penthouse,4,4,Lekki Lagos,6.4711251,3.8147504,39.0638334712576,53.23478511464151,Lekki,1,Other,0,0,0,1.0,0,4,4,0,600000000.0
5 Bedroom Smart Home,5,5,Ikota Lekki Lagos,6.4711251,3.8147504,39.0638334712576,53.23478511464151,Lekki,1,Other,0,0,0,1.0,0,4,5,0,580000000.0
5 Bedroom Semi Detached Duplex,5,5,Lekki Lagos,6.4711251,3.8147504,39.0638334712576,53.23478511464151,Lekki,1,Detached Duplex,0,0,0,1.0,0,4,5,0,750000000.0
4 Bedroom Terrace Duplex,4,4,Lekki Lagos,6.4711251,3.8147504,39.0638334712576,53.23478511464151,Lekki,1,Terrace,0,0,0,1.0,0,4,4,0,470000000.0
5 Bedroom Fully Detached Duplex,5,5,Orchid Lekki Lagos,6.4711251,3.8147504,39.0638334712576,53.23478511464151,Lekki,1,Detached Duplex,0,0,0,1.0,0,4,5,0,400000000.0
5 Bedroom Fully Detached Duplex,5,5,Lekki Lagos,6.4711251,3.8147504,39.0638334712576,53.23478511464151,Lekki,1,Detached Duplex,0,0,0,1.0,0,4,5,0,700000000.0
5 Bedroom Terraced Duplex,5,5,Ikoyi Lagos,6.4516268,3.4117815,5.595874965201447,17.89581566309951,Ikoyi,1,Terrace,0,0,0,1.0,0,5,5,0,1500000000.0
5 Bedroom Semi Detached Duplex,5,5,Orchid Lekki Lagos,6.4711251,3.8147504,39.0638334712576,53.23478511464151,Lekki,1,Detached Duplex,0,0,0,1.0,0,4,5,0,420000000.0
3 Bedroom Apartment,3,3,Lekki Phase 1 Lekki Lagos,6.4711251,3.8147504,39.0638334712576,53.23478511464151,Lekki,1,Flat,0,0,0,1.0,0,4,3,0,420000000.0
2 Bedroom Apartment,0,0,Lekki Phase 1 Lekki Lagos,6.4711251,3.8147504,39.0638334712576,53.23478511464151,Lekki,1,Flat,0,0,0,0.0,0,4,0,0,297000000.0
Apartment,3,3,Victoria Island Lagos,6.4300279,3.4259904,4.5315928067815925,20.705813048742375,Victoria Island,1,Flat,0,0,0,1.0,0,5,3,0,600000000.0
1 Bedroom Flat,1,1,Lekki Phase 1 Lekki Lagos,6.4711251,3.8147504,39.0638334712576,53.23478511464151,Lekki,1,Flat,0,0,0,1.0,0,4,1,0,5000000.0
One Bedroom Apartment,1,1,Osapa Lekki Lagos,6.4711251,3.8147504,39.0638334712576,53.23478511464151,Lekki,1,Flat,0,0,0,1.0,0,4,1,0,160000000.0
5 Bedroom Fully Detached Duplex,5,5,Ajah Lagos,6.4694716,3.5623861,11.300377211002502,27.53491907587076,Ajah,1,Detached Duplex,0,0,0,1.0,0,4,5,0,280000000.0
3 Bedroom Duplex + 2 Bedroom Bungalow,0,0,Sangotedo Lagos,6.471022,3.635581,19.321981973319577,34.58834389190216,Sangotedo,1,Bungalow,0,0,0,0.0,0,3,0,0,85000000.0
Commercial Property,0,0,Lekki Phase 1 Lekki Lagos,6.4711251,3.8147504,39.0638334712576,53.23478511464151,Lekki,1,Other,0,0,0,0.0,0,4,0,0,3000000.0
4 Bedroom Terrace Duplex With Bq,4,4,Lekki Lagos,6.4711251,3.8147504,39.0638334712576,53.23478511464151,Lekki,1,Terrace,0,1,0,1.0,0,4,4,0,400000000.0
3 Bedroom Apartment,3,3,Ikoyi Lagos,6.4516268,3.4117815,5.595874965201447,17.89581566309951,Ikoyi,1,Flat,0,0,0,1.0,0,5,3,0,250000000.0
4 Bedroom Semi Detached Duplex,4,4,Osapa London Lekki Lagos,6.4711251,3.8147504,39.0638334712576,53.23478511464151,Lekki,1,Detached Duplex,0,0,0,1.0,0,4,4,0,250000000.0
Two Bedroom Apartment,2,2,Osapa Lekki Lagos,6.4711251,3.8147504,39.0638334712576,53.23478511464151,Lekki,1,Flat,0,0,0,1.0,0,4,2,0,255000000.0
5 Bedroom Fully Detached Duplex With Bq,5,5,Ikota Lekki Lagos,6.4711251,3.8147504,39.0638334712576,53.23478511464151,Lekki,1,Detached Duplex,0,1,0,1.0,0,4,5,0,550000000.0
8 Units Of 6 Bedroom Detached Homes,6,6,Ikoyi Lagos,6.4516268,3.4117815,5.595874965201447,17.89581566309951,Ikoyi,1,Detached Duplex,0,0,0,1.0,0,5,6,0,2300000000.0
5 Bedroom Detached Duplex+bq,5,5,Chevron Lekki Lagos,6.4711251,3.8147504,39.0638334712576,53.23478511464151,Lekki,1,Detached Duplex,0,1,0,1.0,0,4,5,0,280000000.0
4 Bedroom Semi Detached Duplex With Bq,4,4,Ikota Lekki Lagos,6.4711251,3.8147504,39.0638334712576,53.23478511464151,Lekki,1,Detached Duplex,0,1,0,1.0,0,4,4,0,160000000.0
5 Bedroom Semi Detached Duplex,5,5,Chevron Lekki Lagos,6.4711251,3.8147504,39.0638334712576,53.23478511464151,Lekki,1,Detached Duplex,0,0,0,1.0,0,4,5,0,600000000.0
3 Bedroom Penthouse,3,3,Lekki Phase 1 Lekki Lagos,6.4711251,3.8147504,39.0638334712576,53.23478511464151,Lekki,1,Other,0,0,0,1.0,0,4,3,0,400000000.0
3 Bedroom Flat With Bq & 2 Bedroom Flat,0,0,Lekki Phase 1 Lekki Lagos,6.4711251,3.8147504,39.0638334712576,53.23478511464151,Lekki,1,Flat,0,1,0,0.0,0,4,0,0,375000000.0
Detached House,0,0,Lekki Phase 1 Lekki Lagos,6.4711251,3.8147504,39.0638334712576,53.23478511464151,Lekki,1,Detached Duplex,0,0,0,0.0,0,4,0,0,700000000.0
6 Units Of 5 Bedroom Detached Duplex With Bq,5,5,Lekki Lagos,6.4711251,3.8147504,39.0638334712576,53.23478511464151,Lekki,1,Detached Duplex,0,1,0,1.0,0,4,5,0,850000000.0
5 Bedroom Detached Smart Home,5,5,Osapa London Lekki Lagos,6.4711251,3.8147504,39.0638334712576,53.23478511464151,Lekki,1,Detached Duplex,0,0,0,1.0,0,4,5,0,780000000.0
5 Bedroom Detached Duplex,5,5,Osapa London Lekki Lagos,6.4711251,3.8147504,39.0638334712576,53.23478511464151,Lekki,1,Detached Duplex,0,0,0,1.0,0,4,5,0,800000000.0
6 Bedroom Detached Duplex,6,6,Osapa London Lekki Lagos,6.4711251,3.8147504,39.0638334712576,53.23478511464151,Lekki,1,Detached Duplex,0,0,0,1.0,0,4,6,0,1400000000.0
3 Bedroom Apartment With Bq,3,3,Victoria Island Lagos,6.4300279,3.4259904,4.5315928067815925,20.705813048742375,Victoria Island,1,Flat,0,1,0,1.0,0,5,3,0,600000000.0
5 Bedroom Fully Detached Duplex,5,5,Lekki Lagos,6.4711251,3.8147504,39.0638334712576,53.23478511464151,Lekki,1,Detached Duplex,0,0,0,1.0,0,4,5,0,1000000000.0
3 Bedroom Apartment,3,3,Old Ikoyi Ikoyi Lagos,6.4516268,3.4117815,5.595874965201447,17.89581566309951,Ikoyi,1,Flat,0,0,0,1.0,0,5,3,0,680000000.0
Residential Development,0,0,Oniru Victoria Island Lagos,6.4300279,3.4259904,4.5315928067815925,20.705813048742375,Victoria Island,1,Other,0,0,0,0.0,0,5,0,0,450000000.0
4 Bedroom Terraced Duplex,4,4,Victoria Island Lagos,6.4300279,3.4259904,4.5315928067815925,20.705813048742375,Victoria Island,1,Terrace,0,0,0,1.0,0,5,4,0,1000000000.0
Executive 5 Bedroom House,5,5,Osapa London Lekki Lagos,6.4711251,3.8147504,39.0638334712576,53.23478511464151,Lekki,1,Other,0,0,0,1.0,0,4,5,0,1500000000.0
Petrichor Apartments,2,2,Osapa London Lekki Lagos,6.4711251,3.8147504,39.0638334712576,53.23478511464151,Lekki,1,Flat,0,0,0,1.0,0,4,2,0,135000000.0
3 Bedroom Apartment With Bq,3,3,Lekki Lagos,6.4711251,3.8147504,39.0638334712576,53.23478511464151,Lekki,1,Flat,0,1,0,1.0,0,4,3,0,250000000.0
3 Bedroom Apartment,3,3,Lekki Phase 1 Lekki Lagos,6.4711251,3.8147504,39.0638334712576,53.23478511464151,Lekki,1,Flat,0,0,0,1.0,0,4,3,0,500000000.0
New Development Apartments,3,3,Victoria Island Lagos,6.4300279,3.4259904,4.5315928067815925,20.705813048742375,Victoria Island,1,Flat,0,0,0,1.0,0,5,3,0,450000000.0
3 Bedroom Terrace & 4 Bedroom Penthouse With Bq,3,3,Ikate Lekki Lagos,6.4711251,3.8147504,39.0638334712576,53.23478511464151,Lekki,1,Terrace,0,1,0,1.0,0,4,3,0,350000000.0
Purpose Built Hospital,0,0,Oniru Victoria Island Lagos,6.4300279,3.4259904,4.5315928067815925,20.705813048742375,Victoria Island,1,Other,0,0,0,0.0,0,5,0,0,15000000.0
5 Bedroom Semi Detached Duplex,5,5,Ikate Lekki Lagos,6.4711251,3.8147504,39.0638334712576,53.23478511464151,Lekki,1,Detached Duplex,0,0,0,1.0,0,4,5,0,1400000000.0
Off Plan Apartment,2,2,Oniru Victoria Island Lagos,6.4300279,3.4259904,4.5315928067815925,20.705813048742375,Victoria Island,1,Flat,0,0,0,1.0,0,5,2,0,286000000.0
4 Bedroom Semi Detached Duplex With Bq,4,4,Ikate Lekki Lagos,6.4711251,3.8147504,39.0638334712576,53.23478511464151,Lekki,1,Detached Duplex,0,1,0,1.0,0,4,4,0,310000000.0
5 Bedroom Fully Detached Duplex,5,5,Chevron Lekki Lagos,6.4711251,3.8147504,39.0638334712576,53.23478511464151,Lekki,1,Detached Duplex,0,0,0,1.0,0,4,5,0,410000000.0
5 Bedroom Fully Detached Duplex With Bq,5,5,Ikota Lekki Lagos,6.4711251,3.8147504,39.0638334712576,53.23478511464151,Lekki,1,Detached Duplex,0,1,0,1.0,0,4,5,0,600000000.0
5 Bedroom Fully Detached Duplex,5,5,Osapa Lekki Lagos,6.4711251,3.8147504,39.0638334712576,53.23478511464151,Lekki,1,Detached Duplex,0,0,0,1.0,0,4,5,0,850000000.0
4 Bedroom Terrace Duplex,4,4,Victoria Island Lagos,6.4300279,3.4259904,4.5315928067815925,20.705813048742375,Victoria Island,1,Terrace,0,0,0,1.0,0,5,4,0,700000000.0
5 Bedroom Semi Detached Duplex,5,5,Vgc Lekki Lagos,6.4711251,3.8147504,39.0638334712576,53.23478511464151,Lekki,1,Detached Duplex,0,0,0,1.0,0,4,5,0,700000000.0
Commercial Plot,0,0,Victoria Island Lagos,6.4300279,3.4259904,4.5315928067815925,20.705813048742375,Victoria Island,1,Other,0,0,0,0.0,0,5,0,0,25000000000.0
5 Bedroom Fully Detached Duplex With Bq,5,5,Ikota Lekki Lagos,6.4711251,3.8147504,39.0638334712576,53.23478511464151,Lekki,1,Detached Duplex,0,1,0,1.0,0,4,5,0,380000000.0
2 Bedroom Apartment,2,2,Oniru Victoria Island Lagos,6.4300279,3.4259904,4.5315928067815925,20.705813048742375,Victoria Island,1,Flat,0,0,0,1.0,0,5,2,0,450000000.0
Commercial Building,0,0,Lekki Phase 1 Lekki Lagos,6.4711251,3.8147504,39.0638334712576,53.23478511464151,Lekki,1,Other,0,0,0,0.0,0,4,0,0,800000000.0
5 Bedroom Fully Detached Duplex With Bq,5,5,Ikota Lekki Lagos,6.4711251,3.8147504,39.0638334712576,53.23478511464151,Lekki,1,Detached Duplex,0,1,0,1.0,0,4,5,0,660000000.0
5 Bedroom Terraced Duplex,5,5,Ikate Lekki Lagos,6.4711251,3.8147504,39.0638334712576,53.23478511464151,Lekki,1,Terrace,0,0,0,1.0,0,4,5,0,350000000.0
4 Bedroom Maisonette With Bq,4,4,Ikoyi Lagos,6.4516268,3.4117815,5.595874965201447,17.89581566309951,Ikoyi,1,Other,0,1,0,1.0,0,5,4,0,950000000.0
2 Bedroom Apartment,2,2,Ologolo Lekki Lagos,6.4711251,3.8147504,39.0638334712576,53.23478511464151,Lekki,1,Flat,0,0,0,1.0,0,4,2,0,125000000.0
2 Bedroom Apartment,2,2,Ologolo Lekki Lagos,6.4711251,3.8147504,39.0638334712576,53.23478511464151,Lekki,1,Flat,0,0,0,1.0,0,4,2,0,150000000.0
Aisle Residence,0,0,Lekki Phase 1 Lekki Lagos,6.4711251,3.8147504,39.0638334712576,53.23478511464151,Lekki,1,Other,0,0,0,0.0,0,4,0,0,1250000.0
5 Bedroom Fully Detached Duplex,5,5,Ikota Lekki Lagos,6.4711251,3.8147504,39.0638334712576,53.23478511464151,Lekki,1,Detached Duplex,0,0,0,1.0,0,4,5,0,420000000.0
3 Bedroom Penthouse With Bq,3,4,Lekki Lagos,6.4711251,3.8147504,39.0638334712576,53.23478511464151,Lekki,1,Other,0,1,0,1.3333333333333333,0,4,3,0,400000000.0
4 Bedroom Terrace Duplex With Bq,4,4,Lekki Phase 1 Lekki Lagos,6.4711251,3.8147504,39.0638334712576,53.23478511464151,Lekki,1,Terrace,0,1,0,1.0,0,4,4,0,350000000.0
4 Bedroom Detached Duplex,4,4,Ikate Lekki Lagos,6.4711251,3.8147504,39.0638334712576,53.23478511464151,Lekki,1,Detached Duplex,0,0,0,1.0,0,4,4,0,280000000.0
10 Units Of 4 Bedroom Detached Duplex With Bq,4,4,Chevron Lekki Lagos,6.4711251,3.8147504,39.0638334712576,53.23478511464151,Lekki,1,Detached Duplex,0,1,0,1.0,0,4,4,0,450000000.0
2 Bedroom Apartment,2,2,Lekki Phase 1 Lekki Lagos,6.4711251,3.8147504,39.0638334712576,53.23478511464151,Lekki,1,Flat,0,0,0,1.0,0,4,2,0,320000000.0
5 Bedroom Detached Duplex,5,5,Old Ikoyi Ikoyi Lagos,6.4516268,3.4117815,5.595874965201447,17.89581566309951,Ikoyi,1,Detached Duplex,0,0,0,1.0,0,5,5,0,2400000000.0
4 Bedroom Maisonette,4,4,Lekki Lagos,6.4711251,3.8147504,39.0638334712576,53.23478511464151,Lekki,1,Other,0,0,0,1.0,0,4,4,0,480000000.0
6 Bedroom Fully Detached Duplex,6,6,Osapa Lekki Lagos,6.4711251,3.8147504,39.0638334712576,53.23478511464151,Lekki,1,Detached Duplex,0,0,0,1.0,0,4,6,0,1600000000.0
8 Units Of 3/5 Bedroom Flat,5,5,Parkview Estate Ikoyi Lagos,6.4516268,3.4117815,5.595874965201447,17.89581566309951,Ikoyi,1,Flat,0,0,0,1.0,0,5,5,0,1600000000.0
5 Bedroom Detached Duplex With Bq,5,5,Orchid Lekki Lagos,6.4711251,3.8147504,39.0638334712576,53.23478511464151,Lekki,1,Detached Duplex,0,1,0,1.0,0,4,5,0,500000000.0
5 Bedroom Semi Detached Duplex,5,5,Old Ikoyi Ikoyi Lagos,6.4516268,3.4117815,5.595874965201447,17.89581566309951,Ikoyi,1,Detached Duplex,0,0,0,1.0,0,5,5,0,1300000000.0
3 Bedroom Apartment With Bq,3,3,Lekki Phase 1 Lekki Lagos,6.4711251,3.8147504,39.0638334712576,53.23478511464151,Lekki,1,Flat,0,1,0,1.0,0,4,3,0,22000000.0
